from_area,from_name,to_area,to_name,period,trips
9021302000523000,Valborg,9021302000189000,Jomala skola,am,9.2067
9021302000662000,"Centrum, Nygatan",9021302000662000,"Centrum, Nygatan",am,9.0905
9021302000662000,"Centrum, Nygatan",9021302000312000,Maxinge,am,4.8289
9021302000259000,Källarvägen,9021302000308000,"Mariehamn, Bussplan",am,3.9986
9021302000087000,Emkarby,9021302000189000,Jomala skola,am,3.5936
9021302000590000,Önningeby vsk.,9021302000308000,"Mariehamn, Bussplan",am,3.009
9021302000622000,Solberget,9021302000445000,Strandnäs skola södra,am,2.9731
9021302000535000,Vessingsboda,9021302000189000,Jomala skola,am,2.8005
9021302000261000,Källbo skola,9021302000121000,Godby högstadium,am,2.7819
9021302000662000,"Centrum, Nygatan",9021302000445000,Strandnäs skola södra,am,2.6748
9021302000021000,Bjärström,9021302000189000,Jomala skola,am,2.4823
9021302000457000,Svartsmara,9021302000261000,Källbo skola,am,2.4259
9021302000209000,Kattby södra,9021302000668000,Jomala skola södra,am,2.3554
9021302000457000,Svartsmara,9021302000121000,Godby högstadium,am,2.2452
9021302000261000,Källbo skola,9021302000123000,Godbyhallen vsk.,am,2.1533
9021302000115000,GE-huset,9021302000308000,"Mariehamn, Bussplan",am,2.1494
9021302000362000,Prästgården,9021302000189000,Jomala skola,am,2.1323
9021302000255000,Kvarnbo,9021302000121000,Godby högstadium,am,1.999
9021302000071000,Doppingvägen,9021302000662000,"Centrum, Nygatan",am,1.9383
9021302000255000,Kvarnbo,9021302000261000,Källbo skola,am,1.9121
9021302000029000,Björkuddsvägen vsk.,9021302000308000,"Mariehamn, Bussplan",am,1.907
9021302000220000,Knutsboda vsk.,9021302000189000,Jomala skola,am,1.9019
9021302000308000,"Mariehamn, Bussplan",9021302000123000,Godbyhallen vsk.,am,1.8945
9021302000557000,Västeränga,9021302000189000,Jomala skola,am,1.8623
9021302000261000,Källbo skola,9021302000125000,Godbyvägen 1285,am,1.7123
9021302000596000,Östanåkersvägen vsk.,9021302000189000,Jomala skola,am,1.7061
9021302000630000,Kalmarnäs vändplan,9021302000445000,Strandnäs skola södra,am,1.5987
9021302000308000,"Mariehamn, Bussplan",9021302000189000,Jomala skola,am,1.5884
9021302000523000,Valborg,9021302000308000,"Mariehamn, Bussplan",am,1.5858
9021302000209000,Kattby södra,9021302000189000,Jomala skola,am,1.5597
9021302000043000,Breidablick,9021302000261000,Källbo skola,am,1.5172
9021302000240000,Kullavägen vsk.,9021302000189000,Jomala skola,am,1.4864
9021302000486000,Södra Flaka,9021302000189000,Jomala skola,am,1.4573
9021302000639000,Hindersbölevägen,9021302000662000,"Centrum, Nygatan",am,1.4506
9021302000193000,Järsö,9021302000662000,"Centrum, Nygatan",am,1.4429
9021302000089000,Emkarby daghem,9021302000189000,Jomala skola,am,1.4255
9021302000334000,Nåtö by vsk.,9021302000662000,"Centrum, Nygatan",am,1.4071
9021302000508000,Torrbolstad,9021302000121000,Godby högstadium,am,1.3947
9021302000009000,Bamböle,9021302000261000,Källbo skola,am,1.3946
9021302000043000,Breidablick,9021302000121000,Godby högstadium,am,1.3808
9021302000429000,Torget,9021302000308000,"Mariehamn, Bussplan",am,1.3774
9021302000193000,Järsö,9021302000608000,Övernäs skola,am,1.3449
9021302000207000,Kattby,9021302000668000,Jomala skola södra,am,1.3305
9021302000009000,Bamböle,9021302000121000,Godby högstadium,am,1.3286
9021302000340000,Odalgården,9021302000308000,"Mariehamn, Bussplan",am,1.3222
9021302000664000,Möckelö Strand,9021302000662000,"Centrum, Nygatan",am,1.3211
9021302000334000,Nåtö by vsk.,9021302000608000,Övernäs skola,am,1.3194
9021302000275000,Lemlands kyrka,9021302000189000,Jomala skola,am,1.2973
9021302000017000,Bergö/Idskärsvägen vsk.,9021302000662000,"Centrum, Nygatan",am,1.2886
9021302000308000,"Mariehamn, Bussplan",9021302000261000,Källbo skola,am,1.2646
9021302000508000,Torrbolstad,9021302000261000,Källbo skola,am,1.2434
9021302000251000,Kungsö vsk.,9021302000668000,Jomala skola södra,am,1.2369
9021302000647000,Lotsgatan,9021302000662000,"Centrum, Nygatan",am,1.2077
9021302000017000,Bergö/Idskärsvägen vsk.,9021302000608000,Övernäs skola,am,1.2069
9021302000129000,Gottby by,9021302000668000,Jomala skola södra,am,1.1574
9021302000421000,Solberget södra,9021302000445000,Strandnäs skola södra,am,1.1379
9021302000214000,Killingholm,9021302000121000,Godby högstadium,am,1.1374
9021302000261000,Källbo skola,9021302000308000,"Mariehamn, Bussplan",am,1.118
9021302000492000,Tekniska verken,9021302000308000,"Mariehamn, Bussplan",am,1.087
9021302000543000,Vikingahallen,9021302000308000,"Mariehamn, Bussplan",am,1.0674
9021302000214000,Killingholm,9021302000261000,Källbo skola,am,1.0401
9021302000107000,Frebbenby,9021302000668000,Jomala skola södra,am,1.0164
9021302000590000,Önningeby vsk.,9021302000189000,Jomala skola,am,1.0017
9021302000157000,Haraldsby,9021302000121000,Godby högstadium,am,0.9565
9021302000097000,Skrakvägen,9021302000662000,"Centrum, Nygatan",am,0.9431
9021302000386000,Sandmovägen vsk.,9021302000435000,Storby,am,0.9384
9021302000630000,Kalmarnäs vändplan,9021302000308000,"Mariehamn, Bussplan",am,0.9375
9021302000640000,Doktorsvägen 1B/1C,9021302000662000,"Centrum, Nygatan",am,0.9288
9021302000157000,Haraldsby,9021302000261000,Källbo skola,am,0.9147
9021302000137000,Granö vändplan,9021302000662000,"Centrum, Nygatan",am,0.9111
9021302000308000,"Mariehamn, Bussplan",9021302000668000,Jomala skola södra,am,0.9011
9021302000449000,Strömsby vsk.,9021302000548000,Vårdö skola,am,0.8985
9021302000209000,Kattby södra,9021302000308000,"Mariehamn, Bussplan",am,0.8902
9021302000207000,Kattby,9021302000189000,Jomala skola,am,0.881
9021302000646000,Ytternäs skola,9021302000662000,"Centrum, Nygatan",am,0.88
9021302000308000,"Mariehamn, Bussplan",9021302000308000,"Mariehamn, Bussplan",am,0.8711
9021302000439000,Strandnäs,9021302000308000,"Mariehamn, Bussplan",am,0.8594
9021302000137000,Granö vändplan,9021302000608000,Övernäs skola,am,0.8561
9021302000292000,Lönnhagsvägen,9021302000308000,"Mariehamn, Bussplan",am,0.8493
9021302000324000,Nabben,9021302000662000,"Centrum, Nygatan",am,0.8371
9021302000251000,Kungsö vsk.,9021302000308000,"Mariehamn, Bussplan",am,0.8335
9021302000306000,Mariavägen vsk.,9021302000668000,Jomala skola södra,am,0.8323
9021302000408000,Skolsvängen vsk.,9021302000189000,Jomala skola,am,0.8075
9021302000332000,Nåtö biologiska,9021302000662000,"Centrum, Nygatan",am,0.8053
9021302000193000,Järsö,9021302000659000,Norragatan,am,0.8009
9021302000396000,Sjukhuset,9021302000308000,"Mariehamn, Bussplan",am,0.7947
9021302000251000,Kungsö vsk.,9021302000189000,Jomala skola,am,0.7939
9021302000334000,Nåtö by vsk.,9021302000659000,Norragatan,am,0.7855
9021302000308000,"Mariehamn, Bussplan",9021302000121000,Godby högstadium,am,0.7615
9021302000255000,Kvarnbo,9021302000123000,Godbyhallen vsk.,am,0.7602
9021302000648000,Baltichallen,9021302000662000,"Centrum, Nygatan",am,0.757
9021302000332000,Nåtö biologiska,9021302000608000,Övernäs skola,am,0.7522
9021302000129000,Gottby by,9021302000189000,Jomala skola,am,0.7505
9021302000117000,Geta centrum,9021302000123000,Godbyhallen vsk.,am,0.7406
9021302000266000,Labbnäs,9021302000123000,Godbyhallen vsk.,am,0.7375
9021302000133000,Granholm,9021302000662000,"Centrum, Nygatan",am,0.7356
9021302000017000,Bergö/Idskärsvägen vsk.,9021302000659000,Norragatan,am,0.7185
9021302000095000,Finströms kyrka,9021302000123000,Godbyhallen vsk.,am,0.7151
9021302000622000,Solberget,9021302000662000,"Centrum, Nygatan",am,0.7124
9021302000585000,Ödkarby,9021302000121000,Godby högstadium,am,0.7085
9021302000588000,Öjvägen vsk.,9021302000189000,Jomala skola,am,0.708
9021302000097000,Skrakvägen,9021302000608000,Övernäs skola,am,0.6976
9021302000564000,Ytternäs skola,9021302000662000,"Centrum, Nygatan",am,0.6934
9021302000133000,Granholm,9021302000608000,Övernäs skola,am,0.6871
9021302000107000,Frebbenby,9021302000189000,Jomala skola,am,0.6725
9021302000412000,Slottsvägen vsk.,9021302000125000,Godbyvägen 1285,am,0.6706
9021302000427000,Sportkila,9021302000308000,"Mariehamn, Bussplan",am,0.6647
9021302000615000,Österkullagatan,9021302000445000,Strandnäs skola södra,am,0.6633
9021302000585000,Ödkarby,9021302000261000,Källbo skola,am,0.6614
9021302000564000,Ytternäs skola,9021302000608000,Övernäs skola,am,0.6544
9021302000358000,Posten,9021302000308000,"Mariehamn, Bussplan",am,0.6441
9021302000216000,Klemetsby,9021302000189000,Jomala skola,am,0.636
9021302000129000,Gottby by,9021302000308000,"Mariehamn, Bussplan",am,0.6331
9021302000427000,Sportkila,9021302000125000,Godbyvägen 1285,am,0.6321
9021302000621000,Övernäsgården,9021302000662000,"Centrum, Nygatan",am,0.6199
9021302000535000,Vessingsboda,9021302000362000,Prästgården,am,0.6137
9021302000453000,Stålsby,9021302000121000,Godby högstadium,am,0.6091
9021302000253000,Kungsövägen vsk.,9021302000308000,"Mariehamn, Bussplan",am,0.582
9021302000453000,Stålsby,9021302000261000,Källbo skola,am,0.5655
9021302000117000,Geta centrum,9021302000261000,Källbo skola,am,0.5516
9021302000306000,Mariavägen vsk.,9021302000189000,Jomala skola,am,0.551
9021302000121000,Godby högstadium,9021302000125000,Godbyvägen 1285,am,0.5508
9021302000163000,Hellesby,9021302000668000,Jomala skola södra,am,0.5499
9021302000535000,Vessingsboda,9021302000523000,Valborg,am,0.5476
9021302000029000,Björkuddsvägen vsk.,9021302000189000,Jomala skola,am,0.5465
9021302000266000,Labbnäs,9021302000261000,Källbo skola,am,0.5462
9021302000559000,Västra macken,9021302000308000,"Mariehamn, Bussplan",am,0.543
9021302000123000,Godbyhallen vsk.,9021302000121000,Godby högstadium,am,0.5413
9021302000095000,Finströms kyrka,9021302000261000,Källbo skola,am,0.5285
9021302000435000,Storby,9021302000075000,Eckerö färjterminal,am,0.5184
9021302000137000,Granö vändplan,9021302000659000,Norragatan,am,0.5096
9021302000508000,Torrbolstad,9021302000123000,Godbyhallen vsk.,am,0.5084
9021302000224000,Kockobacka,9021302000189000,Jomala skola,am,0.5079
9021302000255000,Kvarnbo,9021302000308000,"Mariehamn, Bussplan",am,0.5051
9021302000207000,Kattby,9021302000308000,"Mariehamn, Bussplan",am,0.503
9021302000643000,Örtvägen,9021302000662000,"Centrum, Nygatan",am,0.5007
9021302000360000,Postgärdsvägen vsk.,9021302000189000,Jomala skola,am,0.4969
9021302000441000,Strandnäs hotell,9021302000308000,"Mariehamn, Bussplan",am,0.4963
9021302000412000,Slottsvägen vsk.,9021302000308000,"Mariehamn, Bussplan",am,0.4932
9021302000273000,Lemböte vsk.,9021302000308000,"Mariehamn, Bussplan",am,0.4899
9021302000322000,Mörslättsvägen vsk.,9021302000123000,Godbyhallen vsk.,am,0.4798
9021302000535000,Vessingsboda,9021302000308000,"Mariehamn, Bussplan",am,0.4772
9021302000606000,Överbyvägen vsk.,9021302000668000,Jomala skola södra,am,0.4771
9021302000364000,Prästö,9021302000308000,"Mariehamn, Bussplan",am,0.4716
9021302000630000,Kalmarnäs vändplan,9021302000662000,"Centrum, Nygatan",am,0.4633
9021302000189000,Jomala skola,9021302000668000,Jomala skola södra,am,0.4521
9021302000679000,Polishuset,9021302000662000,"Centrum, Nygatan",am,0.4492
9021302000332000,Nåtö biologiska,9021302000659000,Norragatan,am,0.4479
9021302000590000,Önningeby vsk.,9021302000324000,Nabben,am,0.4429
9021302000623000,Lindstigen,9021302000662000,"Centrum, Nygatan",am,0.4427
9021302000296000,Lövö,9021302000548000,Vårdö skola,am,0.439
9021302000435000,Storby,9021302000668000,Jomala skola södra,am,0.4359
9021302000433000,Stenbro vsk.,9021302000125000,Godbyvägen 1285,am,0.4279
9021302000123000,Godbyhallen vsk.,9021302000125000,Godbyvägen 1285,am,0.4256
9021302000214000,Killingholm,9021302000123000,Godbyhallen vsk.,am,0.4183
9021302000362000,Prästgården,9021302000523000,Valborg,am,0.4177
9021302000097000,Skrakvägen,9021302000659000,Norragatan,am,0.4152
9021302000326000,Nabbenvägen vsk.,9021302000123000,Godbyhallen vsk.,am,0.4127
9021302000133000,Granholm,9021302000659000,Norragatan,am,0.4092
9021302000662000,"Centrum, Nygatan",9021302000633000,Bolstavägen,am,0.4082
9021302000141000,Gölby,9021302000189000,Jomala skola,am,0.4039
9021302000259000,Källarvägen,9021302000668000,Jomala skola södra,am,0.4035
9021302000577000,Ängösundsvägen vsk.,9021302000189000,Jomala skola,am,0.4008
9021302000185000,Jomala församlingshem,9021302000308000,"Mariehamn, Bussplan",am,0.3967
9021302000358000,Posten,9021302000662000,"Centrum, Nygatan",am,0.3945
9021302000107000,Frebbenby,9021302000308000,"Mariehamn, Bussplan",am,0.3942
9021302000614000,Kulla sund,9021302000125000,Godbyvägen 1285,am,0.3935
9021302000557000,Västeränga,9021302000362000,Prästgården,am,0.3925
9021302000564000,Ytternäs skola,9021302000659000,Norragatan,am,0.3896
9021302000271000,Langnäs vändplan,9021302000662000,"Centrum, Nygatan",am,0.3854
9021302000392000,Savoy,9021302000308000,"Mariehamn, Bussplan",am,0.3829
9021302000245000,Kummelören,9021302000189000,Jomala skola,am,0.3827
9021302000338000,Nääs,9021302000121000,Godby högstadium,am,0.3718
9021302000508000,Torrbolstad,9021302000308000,"Mariehamn, Bussplan",am,0.3708
9021302000220000,Knutsboda vsk.,9021302000308000,"Mariehamn, Bussplan",am,0.3681
9021302000117000,Geta centrum,9021302000230000,Kroklund,am,0.3666
9021302000157000,Haraldsby,9021302000123000,Godbyhallen vsk.,am,0.3654
9021302000362000,Prästgården,9021302000308000,"Mariehamn, Bussplan",am,0.3645
9021302000222000,Knutsbodavägen vsk.,9021302000189000,Jomala skola,am,0.364
9021302000163000,Hellesby,9021302000189000,Jomala skola,am,0.3633
9021302000322000,Mörslättsvägen vsk.,9021302000261000,Källbo skola,am,0.3621
9021302000271000,Langnäs vändplan,9021302000608000,Övernäs skola,am,0.3612
9021302000007000,Baltic,9021302000189000,Jomala skola,am,0.3606
9021302000520000,Utängarna,9021302000668000,Jomala skola södra,am,0.3593
9021302000557000,Västeränga,9021302000308000,"Mariehamn, Bussplan",am,0.3592
9021302000451000,Strömsnäs,9021302000308000,"Mariehamn, Bussplan",am,0.3551
9021302000557000,Västeränga,9021302000523000,Valborg,am,0.355
9021302000662000,"Centrum, Nygatan",9021302000639000,Hindersbölevägen,am,0.3521
9021302000338000,Nääs,9021302000261000,Källbo skola,am,0.3501
9021302000259000,Källarvägen,9021302000392000,Savoy,am,0.3447
9021302000512000,Tärnebolstad,9021302000121000,Godby högstadium,am,0.3443
9021302000187000,Jomala kyrka,9021302000308000,"Mariehamn, Bussplan",am,0.344
9021302000447000,Strömma,9021302000121000,Godby högstadium,am,0.3352
9021302000139000,Grelsby vsk.,9021302000123000,Godbyhallen vsk.,am,0.3339
9021302000209000,Kattby södra,9021302000543000,Vikingahallen,am,0.3339
9021302000433000,Stenbro vsk.,9021302000308000,"Mariehamn, Bussplan",am,0.3322
9021302000308000,"Mariehamn, Bussplan",9021302000125000,Godbyvägen 1285,am,0.3315
9021302000230000,Kroklund,9021302000123000,Godbyhallen vsk.,am,0.3284
9021302000249000,Kungstensvägen vsk.,9021302000123000,Godbyhallen vsk.,am,0.3273
9021302000490000,Södra Svinövägen vsk.,9021302000189000,Jomala skola,am,0.3263
9021302000364000,Prästö,9021302000125000,Godbyvägen 1285,am,0.3223
9021302000150000,"Hammarland, Torp",9021302000668000,Jomala skola södra,am,0.3222
9021302000486000,Södra Flaka,9021302000362000,Prästgården,am,0.3201
9021302000447000,Strömma,9021302000261000,Källbo skola,am,0.318
9021302000644000,Strandgränd,9021302000662000,"Centrum, Nygatan",am,0.3176
9021302000308000,"Mariehamn, Bussplan",9021302000543000,Vikingahallen,am,0.3173
9021302000306000,Mariavägen vsk.,9021302000308000,"Mariehamn, Bussplan",am,0.3173
9021302000512000,Tärnebolstad,9021302000261000,Källbo skola,am,0.3157
9021302000308000,"Mariehamn, Bussplan",9021302000191000,Jomalaby,am,0.3149
9021302000606000,Överbyvägen vsk.,9021302000189000,Jomala skola,am,0.3148
9021302000266000,Labbnäs,9021302000230000,Kroklund,am,0.314
9021302000616000,Doktorsvägen 1A,9021302000662000,"Centrum, Nygatan",am,0.3131
9021302000326000,Nabbenvägen vsk.,9021302000261000,Källbo skola,am,0.3112
9021302000638000,Uppgårdsvägen 10,9021302000662000,"Centrum, Nygatan",am,0.3072
9021302000161000,Havsvidden vsk.,9021302000123000,Godbyhallen vsk.,am,0.3071
9021302000107000,Frebbenby,9021302000207000,Kattby,am,0.3068
9021302000266000,Labbnäs,9021302000370000,Pålsböle Sarlings,am,0.3064
9021302000117000,Geta centrum,9021302000368000,Pålsböle daghem,am,0.306
9021302000312000,Maxinge,9021302000662000,"Centrum, Nygatan",am,0.3058
9021302000117000,Geta centrum,9021302000370000,Pålsböle Sarlings,am,0.3058
9021302000266000,Labbnäs,9021302000368000,Pålsböle daghem,am,0.3044
9021302000259000,Källarvägen,9021302000492000,Tekniska verken,am,0.3002
9021302000380000,Rörstorp,9021302000189000,Jomala skola,am,0.2994
9021302000117000,Geta centrum,9021302000121000,Godby högstadium,am,0.297
9021302000266000,Labbnäs,9021302000121000,Godby högstadium,am,0.2966
9021302000031000,Björkängsvägen vsk.,9021302000308000,"Mariehamn, Bussplan",am,0.294
9021302000115000,GE-huset,9021302000392000,Savoy,am,0.2928
9021302000071000,Doppingvägen,9021302000646000,Ytternäs skola,am,0.2911
9021302000486000,Södra Flaka,9021302000523000,Valborg,am,0.2879
9021302000095000,Finströms kyrka,9021302000121000,Godby högstadium,am,0.2875
9021302000435000,Storby,9021302000189000,Jomala skola,am,0.2875
9021302000067000,Degersandsvägen vsk.,9021302000668000,Jomala skola södra,am,0.2838
9021302000121000,Godby högstadium,9021302000308000,"Mariehamn, Bussplan",am,0.2836
9021302000614000,Kulla sund,9021302000308000,"Mariehamn, Bussplan",am,0.2828
9021302000396000,Sjukhuset,9021302000662000,"Centrum, Nygatan",am,0.2821
9021302000230000,Kroklund,9021302000261000,Källbo skola,am,0.2819
9021302000093000,Finby vsk.,9021302000308000,"Mariehamn, Bussplan",am,0.2816
9021302000214000,Killingholm,9021302000308000,"Mariehamn, Bussplan",am,0.2812
9021302000386000,Sandmovägen vsk.,9021302000075000,Eckerö färjterminal,am,0.2811
9021302000590000,Önningeby vsk.,9021302000429000,Torget,am,0.281
9021302000421000,Solberget södra,9021302000662000,"Centrum, Nygatan",am,0.2796
9021302000139000,Grelsby vsk.,9021302000261000,Källbo skola,am,0.2793
9021302000259000,Källarvägen,9021302000559000,Västra macken,am,0.279
9021302000058000,Böle vsk.,9021302000668000,Jomala skola södra,am,0.278
9021302000662000,"Centrum, Nygatan",9021302000292000,Lönnhagsvägen,am,0.2768
9021302000340000,Odalgården,9021302000492000,Tekniska verken,am,0.2744
9021302000135000,Granö,9021302000662000,"Centrum, Nygatan",am,0.274
9021302000590000,Önningeby vsk.,9021302000392000,Savoy,am,0.2725
9021302000592000,Öra macken,9021302000668000,Jomala skola södra,am,0.272
9021302000261000,Källbo skola,9021302000392000,Savoy,am,0.2716
9021302000209000,Kattby södra,9021302000075000,Eckerö färjterminal,am,0.2715
9021302000045000,Brinkbacken,9021302000668000,Jomala skola södra,am,0.2715
9021302000486000,Södra Flaka,9021302000308000,"Mariehamn, Bussplan",am,0.2692
9021302000525000,Vandö,9021302000121000,Godby högstadium,am,0.2653
9021302000626000,Källstigen,9021302000662000,"Centrum, Nygatan",am,0.2639
9021302000585000,Ödkarby,9021302000123000,Godbyhallen vsk.,am,0.2633
9021302000445000,Strandnäs skola södra,9021302000662000,"Centrum, Nygatan",am,0.263
9021302000029000,Björkuddsvägen vsk.,9021302000324000,Nabben,am,0.26
9021302000259000,Källarvägen,9021302000189000,Jomala skola,am,0.2585
9021302000662000,"Centrum, Nygatan",9021302000664000,Möckelö Strand,am,0.2579
9021302000135000,Granö,9021302000608000,Övernäs skola,am,0.2558
9021302000093000,Finby vsk.,9021302000125000,Godbyvägen 1285,am,0.2554
9021302000306000,Mariavägen vsk.,9021302000207000,Kattby,am,0.2534
9021302000071000,Doppingvägen,9021302000608000,Övernäs skola,am,0.2524
9021302000672000,Länsmansgränd,9021302000662000,"Centrum, Nygatan",am,0.2516
9021302000497000,Tjudö midsommarstång,9021302000121000,Godby högstadium,am,0.2489
9021302000662000,"Centrum, Nygatan",9021302000640000,Doktorsvägen 1B/1C,am,0.247
9021302000316000,Mickelsö vsk.,9021302000308000,"Mariehamn, Bussplan",am,0.2457
9021302000201000,Kastelholm,9021302000125000,Godbyvägen 1285,am,0.2453
9021302000157000,Haraldsby,9021302000308000,"Mariehamn, Bussplan",am,0.2436
9021302000625000,Musikinstitutet,9021302000662000,"Centrum, Nygatan",am,0.2431
9021302000249000,Kungstensvägen vsk.,9021302000261000,Källbo skola,am,0.2429
9021302000308000,"Mariehamn, Bussplan",9021302000492000,Tekniska verken,am,0.2411
9021302000525000,Vandö,9021302000261000,Källbo skola,am,0.2403
9021302000308000,"Mariehamn, Bussplan",9021302000370000,Pålsböle Sarlings,am,0.2388
9021302000023000,Björkliden,9021302000668000,Jomala skola södra,am,0.2371
9021302000628000,Sälgstigen,9021302000662000,"Centrum, Nygatan",am,0.2367
9021302000662000,"Centrum, Nygatan",9021302000679000,Polishuset,am,0.2346
9021302000630000,Kalmarnäs vändplan,9021302000189000,Jomala skola,am,0.2346
9021302000189000,Jomala skola,9021302000308000,"Mariehamn, Bussplan",am,0.2325
9021302000639000,Hindersbölevägen,9021302000640000,Doktorsvägen 1B/1C,am,0.2312
9021302000161000,Havsvidden vsk.,9021302000261000,Källbo skola,am,0.2307
9021302000497000,Tjudö midsommarstång,9021302000261000,Källbo skola,am,0.2302
9021302000453000,Stålsby,9021302000123000,Godbyhallen vsk.,am,0.2256
9021302000275000,Lemlands kyrka,9021302000308000,"Mariehamn, Bussplan",am,0.2253
9021302000662000,"Centrum, Nygatan",9021302000324000,Nabben,am,0.2251
9021302000523000,Valborg,9021302000314000,Mellanvik,am,0.2239
9021302000606000,Överbyvägen vsk.,9021302000075000,Eckerö färjterminal,am,0.2229
9021302000058000,Böle vsk.,9021302000075000,Eckerö färjterminal,am,0.2226
9021302000386000,Sandmovägen vsk.,9021302000668000,Jomala skola södra,am,0.22
9021302000340000,Odalgården,9021302000392000,Savoy,am,0.2199
9021302000003000,Amalia,9021302000189000,Jomala skola,am,0.2197
9021302000163000,Hellesby,9021302000308000,"Mariehamn, Bussplan",am,0.2194
9021302000398000,Skag vsk.,9021302000189000,Jomala skola,am,0.2194
9021302000543000,Vikingahallen,9021302000492000,Tekniska verken,am,0.2193
9021302000185000,Jomala församlingshem,9021302000543000,Vikingahallen,am,0.2186
9021302000314000,Mellanvik,9021302000189000,Jomala skola,am,0.2183
9021302000662000,"Centrum, Nygatan",9021302000646000,Ytternäs skola,am,0.218
9021302000418000,Smedsböle vsk.,9021302000308000,"Mariehamn, Bussplan",am,0.2175
9021302000662000,"Centrum, Nygatan",9021302000071000,Doppingvägen,am,0.2173
9021302000271000,Langnäs vändplan,9021302000659000,Norragatan,am,0.2151
9021302000662000,"Centrum, Nygatan",9021302000429000,Torget,am,0.2132
9021302000520000,Utängarna,9021302000308000,"Mariehamn, Bussplan",am,0.2131
9021302000523000,Valborg,9021302000324000,Nabben,am,0.2118
9021302000150000,"Hammarland, Torp",9021302000189000,Jomala skola,am,0.211
9021302000308000,"Mariehamn, Bussplan",9021302000368000,Pålsböle daghem,am,0.2085
9021302000201000,Kastelholm,9021302000308000,"Mariehamn, Bussplan",am,0.207
9021302000439000,Strandnäs,9021302000492000,Tekniska verken,am,0.2067
9021302000344000,Ollasgatan vsk.,9021302000075000,Eckerö färjterminal,am,0.2043
9021302000236000,Krokstadsvägen vsk.,9021302000189000,Jomala skola,am,0.204
9021302000662000,"Centrum, Nygatan",9021302000643000,Örtvägen,am,0.2033
9021302000457000,Svartsmara,9021302000189000,Jomala skola,am,0.2032
9021302000423000,Lervik,9021302000662000,"Centrum, Nygatan",am,0.2024
9021302000606000,Överbyvägen vsk.,9021302000308000,"Mariehamn, Bussplan",am,0.2021
9021302000052000,Brändövägen vsk.,9021302000308000,"Mariehamn, Bussplan",am,0.202
9021302000510000,Tosarby vsk.,9021302000125000,Godbyvägen 1285,am,0.2011
9021302000630000,Kalmarnäs vändplan,9021302000324000,Nabben,am,0.201
9021302000418000,Smedsböle vsk.,9021302000125000,Godbyvägen 1285,am,0.2008
9021302000662000,"Centrum, Nygatan",9021302000657000,Kyrkan,am,0.2007
9021302000261000,Källbo skola,9021302000492000,Tekniska verken,am,0.1999
9021302000039000,Bolstaholms vsk.,9021302000123000,Godbyhallen vsk.,am,0.1989
9021302000071000,Doppingvägen,9021302000429000,Torget,am,0.1985
9021302000187000,Jomala kyrka,9021302000543000,Vikingahallen,am,0.1978
9021302000304000,Marbyöjen vsk.,9021302000668000,Jomala skola södra,am,0.1949
9021302000308000,"Mariehamn, Bussplan",9021302000392000,Savoy,am,0.1932
9021302000109000,Fremmanby,9021302000121000,Godby högstadium,am,0.1926
9021302000344000,Ollasgatan vsk.,9021302000668000,Jomala skola södra,am,0.1914
9021302000322000,Mörslättsvägen vsk.,9021302000121000,Godby högstadium,am,0.1903
9021302000259000,Källarvägen,9021302000429000,Torget,am,0.189
9021302000606000,Överbyvägen vsk.,9021302000107000,Frebbenby,am,0.1888
9021302000207000,Kattby,9021302000543000,Vikingahallen,am,0.1886
9021302000510000,Tosarby vsk.,9021302000308000,"Mariehamn, Bussplan",am,0.1885
9021302000342000,Ollas,9021302000121000,Godby högstadium,am,0.1885
9021302000435000,Storby,9021302000308000,"Mariehamn, Bussplan",am,0.1884
9021302000484000,Södra Finbygatan vsk.,9021302000308000,"Mariehamn, Bussplan",am,0.1872
9021302000067000,Degersandsvägen vsk.,9021302000189000,Jomala skola,am,0.1864
9021302000662000,"Centrum, Nygatan",9021302000559000,Västra macken,am,0.1863
9021302000259000,Källarvägen,9021302000115000,GE-huset,am,0.1856
9021302000308000,"Mariehamn, Bussplan",9021302000187000,Jomala kyrka,am,0.1848
9021302000109000,Fremmanby,9021302000261000,Källbo skola,am,0.1843
9021302000541000,Vestmyravägen vsk. 2,9021302000668000,Jomala skola södra,am,0.1842
9021302000071000,Doppingvägen,9021302000657000,Kyrkan,am,0.1839
9021302000029000,Björkuddsvägen vsk.,9021302000429000,Torget,am,0.1835
9021302000058000,Böle vsk.,9021302000189000,Jomala skola,am,0.1835
9021302000181000,Industrivägen vsk.,9021302000123000,Godbyhallen vsk.,am,0.1827
9021302000633000,Bolstavägen,9021302000662000,"Centrum, Nygatan",am,0.1821
9021302000049000,Brokärrsvägen vsk.,9021302000125000,Godbyvägen 1285,am,0.1802
9021302000427000,Sportkila,9021302000392000,Savoy,am,0.1802
9021302000592000,Öra macken,9021302000189000,Jomala skola,am,0.1799
9021302000543000,Vikingahallen,9021302000035000,Bo-Bil,am,0.1795
9021302000045000,Brinkbacken,9021302000189000,Jomala skola,am,0.1792
9021302000113000,Färjsundsbron,9021302000261000,Källbo skola,am,0.1766
9021302000435000,Storby,9021302000107000,Frebbenby,am,0.1758
9021302000545000,Vårdö kyrka,9021302000308000,"Mariehamn, Bussplan",am,0.1753
9021302000251000,Kungsö vsk.,9021302000543000,Vikingahallen,am,0.1751
9021302000322000,Mörslättsvägen vsk.,9021302000368000,Pålsböle daghem,am,0.1751
9021302000230000,Kroklund,9021302000121000,Godby högstadium,am,0.175
9021302000378000,Rönngården,9021302000308000,"Mariehamn, Bussplan",am,0.1745
9021302000029000,Björkuddsvägen vsk.,9021302000392000,Savoy,am,0.1741
9021302000322000,Mörslättsvägen vsk.,9021302000370000,Pålsböle Sarlings,am,0.1735
9021302000412000,Slottsvägen vsk.,9021302000261000,Källbo skola,am,0.1732
9021302000107000,Frebbenby,9021302000075000,Eckerö färjterminal,am,0.1728
9021302000662000,"Centrum, Nygatan",9021302000097000,Skrakvägen,am,0.1726
9021302000342000,Ollas,9021302000261000,Källbo skola,am,0.1718
9021302000259000,Källarvägen,9021302000340000,Odalgården,am,0.1717
9021302000035000,Bo-Bil,9021302000308000,"Mariehamn, Bussplan",am,0.1714
9021302000139000,Grelsby vsk.,9021302000121000,Godby högstadium,am,0.1708
9021302000492000,Tekniska verken,9021302000429000,Torget,am,0.169
9021302000662000,"Centrum, Nygatan",9021302000634000,Lillåkersvägen,am,0.1688
9021302000308000,"Mariehamn, Bussplan",9021302000429000,Torget,am,0.1684
9021302000615000,Österkullagatan,9021302000662000,"Centrum, Nygatan",am,0.1684
9021302000161000,Havsvidden vsk.,9021302000230000,Kroklund,am,0.1669
9021302000523000,Valborg,9021302000463000,Svinö färjfäste,am,0.166
9021302000455000,Sundsvägen 871 vsk.,9021302000125000,Godbyvägen 1285,am,0.1656
9021302000015000,Bengtsböle,9021302000189000,Jomala skola,am,0.1654
9021302000585000,Ödkarby,9021302000308000,"Mariehamn, Bussplan",am,0.1646
9021302000129000,Gottby by,9021302000543000,Vikingahallen,am,0.1644
9021302000484000,Södra Finbygatan vsk.,9021302000125000,Godbyvägen 1285,am,0.164
9021302000326000,Nabbenvägen vsk.,9021302000121000,Godby högstadium,am,0.1637
9021302000506000,Torpfjärden,9021302000308000,"Mariehamn, Bussplan",am,0.1636
9021302000113000,Färjsundsbron,9021302000121000,Godby högstadium,am,0.1636
9021302000639000,Hindersbölevägen,9021302000679000,Polishuset,am,0.1625
9021302000296000,Lövö,9021302000449000,Strömsby vsk.,am,0.1621
9021302000455000,Sundsvägen 871 vsk.,9021302000308000,"Mariehamn, Bussplan",am,0.162
9021302000316000,Mickelsö vsk.,9021302000125000,Godbyvägen 1285,am,0.162
9021302000429000,Torget,9021302000662000,"Centrum, Nygatan",am,0.1596
9021302000408000,Skolsvängen vsk.,9021302000362000,Prästgården,am,0.1593
9021302000023000,Björkliden,9021302000189000,Jomala skola,am,0.1569
9021302000207000,Kattby,9021302000075000,Eckerö färjterminal,am,0.1566
9021302000539000,Vestmyravägen vsk. 1,9021302000668000,Jomala skola södra,am,0.1554
9021302000009000,Bamböle,9021302000189000,Jomala skola,am,0.1552
9021302000427000,Sportkila,9021302000261000,Källbo skola,am,0.1552
9021302000523000,Valborg,9021302000429000,Torget,am,0.1548
9021302000575000,Ämnäsgatan,9021302000308000,"Mariehamn, Bussplan",am,0.1548
9021302000062000,Daglösa,9021302000121000,Godby högstadium,am,0.1537
9021302000150000,"Hammarland, Torp",9021302000308000,"Mariehamn, Bussplan",am,0.1531
9021302000135000,Granö,9021302000659000,Norragatan,am,0.1523
9021302000318000,Musterivägen vsk.,9021302000261000,Källbo skola,am,0.1513
9021302000071000,Doppingvägen,9021302000659000,Norragatan,am,0.1502
9021302000039000,Bolstaholms vsk.,9021302000261000,Källbo skola,am,0.149
9021302000326000,Nabbenvägen vsk.,9021302000368000,Pålsböle daghem,am,0.1489
9021302000308000,"Mariehamn, Bussplan",9021302000001000,4H-gården,am,0.1488
9021302000087000,Emkarby,9021302000312000,Maxinge,am,0.1483
9021302000622000,Solberget,9021302000324000,Nabben,am,0.1478
9021302000326000,Nabbenvägen vsk.,9021302000370000,Pålsböle Sarlings,am,0.1478
9021302000492000,Tekniska verken,9021302000392000,Savoy,am,0.1463
9021302000123000,Godbyhallen vsk.,9021302000308000,"Mariehamn, Bussplan",am,0.1461
9021302000523000,Valborg,9021302000392000,Savoy,am,0.1456
9021302000662000,"Centrum, Nygatan",9021302000567000,Ålandsplan,am,0.1455
9021302000662000,"Centrum, Nygatan",9021302000271000,Langnäs vändplan,am,0.1455
9021302000386000,Sandmovägen vsk.,9021302000189000,Jomala skola,am,0.1451
9021302000107000,Frebbenby,9021302000543000,Vikingahallen,am,0.1442
9021302000062000,Daglösa,9021302000261000,Källbo skola,am,0.144
9021302000453000,Stålsby,9021302000308000,"Mariehamn, Bussplan",am,0.1434
9021302000154000,Hamnsundsvägen vsk.,9021302000121000,Godby högstadium,am,0.1433
9021302000659000,Norragatan,9021302000662000,"Centrum, Nygatan",am,0.1427
9021302000535000,Vessingsboda,9021302000463000,Svinö färjfäste,am,0.1422
9021302000416000,Smartpark,9021302000668000,Jomala skola södra,am,0.1415
9021302000543000,Vikingahallen,9021302000392000,Savoy,am,0.1409
9021302000408000,Skolsvängen vsk.,9021302000523000,Valborg,am,0.1409
9021302000193000,Järsö,9021302000564000,Ytternäs skola,am,0.1394
9021302000662000,"Centrum, Nygatan",9021302000623000,Lindstigen,am,0.1391
9021302000338000,Nääs,9021302000123000,Godbyhallen vsk.,am,0.1389
9021302000543000,Vikingahallen,9021302000429000,Torget,am,0.1388
9021302000181000,Industrivägen vsk.,9021302000261000,Källbo skola,am,0.1378
9021302000664000,Möckelö Strand,9021302000292000,Lönnhagsvägen,am,0.1374
9021302000334000,Nåtö by vsk.,9021302000564000,Ytternäs skola,am,0.1369
9021302000647000,Lotsgatan,9021302000429000,Torget,am,0.1368
9021302000154000,Hamnsundsvägen vsk.,9021302000261000,Källbo skola,am,0.1363
9021302000545000,Vårdö kyrka,9021302000125000,Godbyvägen 1285,am,0.136
9021302000168000,Hemdal,9021302000121000,Godby högstadium,am,0.1354
9021302000370000,Pålsböle Sarlings,9021302000123000,Godbyhallen vsk.,am,0.1353
9021302000308000,"Mariehamn, Bussplan",9021302000117000,Geta centrum,am,0.1348
9021302000067000,Degersandsvägen vsk.,9021302000308000,"Mariehamn, Bussplan",am,0.1344
9021302000412000,Slottsvägen vsk.,9021302000392000,Savoy,am,0.1342
9021302000501000,Tobölevägen vsk.,9021302000121000,Godby högstadium,am,0.134
9021302000647000,Lotsgatan,9021302000657000,Kyrkan,am,0.1338
9021302000067000,Degersandsvägen vsk.,9021302000075000,Eckerö färjterminal,am,0.1331
9021302000318000,Musterivägen vsk.,9021302000121000,Godby högstadium,am,0.1326
9021302000523000,Valborg,9021302000275000,Lemlands kyrka,am,0.1325
9021302000606000,Överbyvägen vsk.,9021302000207000,Kattby,am,0.1323
9021302000643000,Örtvägen,9021302000639000,Hindersbölevägen,am,0.1322
9021302000273000,Lemböte vsk.,9021302000189000,Jomala skola,am,0.1322
9021302000249000,Kungstensvägen vsk.,9021302000121000,Godby högstadium,am,0.1312
9021302000168000,Hemdal,9021302000261000,Källbo skola,am,0.1294
9021302000461000,Sviby bro,9021302000308000,"Mariehamn, Bussplan",am,0.1292
9021302000304000,Marbyöjen vsk.,9021302000189000,Jomala skola,am,0.1288
9021302000115000,GE-huset,9021302000189000,Jomala skola,am,0.1285
9021302000408000,Skolsvängen vsk.,9021302000308000,"Mariehamn, Bussplan",am,0.1282
9021302000364000,Prästö,9021302000392000,Savoy,am,0.1277
9021302000662000,"Centrum, Nygatan",9021302000638000,Uppgårdsvägen 10,am,0.1276
9021302000427000,Sportkila,9021302000492000,Tekniska verken,am,0.1272
9021302000512000,Tärnebolstad,9021302000123000,Godbyhallen vsk.,am,0.1269
9021302000049000,Brokärrsvägen vsk.,9021302000308000,"Mariehamn, Bussplan",am,0.1265
9021302000501000,Tobölevägen vsk.,9021302000261000,Källbo skola,am,0.1265
9021302000588000,Öjvägen vsk.,9021302000308000,"Mariehamn, Bussplan",am,0.1264
9021302000344000,Ollasgatan vsk.,9021302000189000,Jomala skola,am,0.1263
9021302000447000,Strömma,9021302000123000,Godbyhallen vsk.,am,0.126
9021302000017000,Bergö/Idskärsvägen vsk.,9021302000564000,Ytternäs skola,am,0.1252
9021302000639000,Hindersbölevägen,9021302000638000,Uppgårdsvägen 10,am,0.125
9021302000127000,Gottby,9021302000668000,Jomala skola södra,am,0.1243
9021302000396000,Sjukhuset,9021302000492000,Tekniska verken,am,0.1239
9021302000590000,Önningeby vsk.,9021302000492000,Tekniska verken,am,0.1239
9021302000662000,"Centrum, Nygatan",9021302000392000,Savoy,am,0.1237
9021302000161000,Havsvidden vsk.,9021302000368000,Pålsböle daghem,am,0.1233
9021302000543000,Vikingahallen,9021302000439000,Strandnäs,am,0.123
9021302000021000,Bjärström,9021302000125000,Godbyvägen 1285,am,0.123
9021302000148000,Hallonstigen,9021302000189000,Jomala skola,am,0.1227
9021302000435000,Storby,9021302000207000,Kattby,am,0.1226
9021302000179000,Högbergsvägen vsk.,9021302000189000,Jomala skola,am,0.1224
9021302000161000,Havsvidden vsk.,9021302000121000,Godby högstadium,am,0.1224
9021302000161000,Havsvidden vsk.,9021302000370000,Pålsböle Sarlings,am,0.1222
9021302000541000,Vestmyravägen vsk. 2,9021302000189000,Jomala skola,am,0.1216
9021302000400000,Skagvägen vsk.,9021302000668000,Jomala skola södra,am,0.1211
9021302000308000,"Mariehamn, Bussplan",9021302000075000,Eckerö färjterminal,am,0.1195
9021302000364000,Prästö,9021302000418000,Smedsböle vsk.,am,0.1192
9021302000306000,Mariavägen vsk.,9021302000543000,Vikingahallen,am,0.118
9021302000592000,Öra macken,9021302000107000,Frebbenby,am,0.1173
9021302000058000,Böle vsk.,9021302000308000,"Mariehamn, Bussplan",am,0.1172
9021302000662000,"Centrum, Nygatan",9021302000608000,Övernäs skola,am,0.1164
9021302000396000,Sjukhuset,9021302000189000,Jomala skola,am,0.1163
9021302000662000,"Centrum, Nygatan",9021302000630000,Kalmarnäs vändplan,am,0.1153
9021302000374000,Ringvägen vsk.,9021302000662000,"Centrum, Nygatan",am,0.1151
9021302000045000,Brinkbacken,9021302000075000,Eckerö färjterminal,am,0.1149
9021302000662000,"Centrum, Nygatan",9021302000396000,Sjukhuset,am,0.1147
9021302000058000,Böle vsk.,9021302000107000,Frebbenby,am,0.1147
9021302000478000,Södernäsvägen vsk.,9021302000125000,Godbyvägen 1285,am,0.1143
9021302000045000,Brinkbacken,9021302000308000,"Mariehamn, Bussplan",am,0.114
9021302000230000,Kroklund,9021302000368000,Pålsböle daghem,am,0.1139
9021302000372000,Pålsbölevägen,9021302000123000,Godbyhallen vsk.,am,0.1136
9021302000230000,Kroklund,9021302000370000,Pålsböle Sarlings,am,0.1126
9021302000019000,Bistorpsvägen vsk.,9021302000189000,Jomala skola,am,0.1114
9021302000266000,Labbnäs,9021302000125000,Godbyvägen 1285,am,0.1108
9021302000117000,Geta centrum,9021302000125000,Godbyvägen 1285,am,0.1108
9021302000308000,"Mariehamn, Bussplan",9021302000230000,Kroklund,am,0.1106
9021302000400000,Skagvägen vsk.,9021302000075000,Eckerö färjterminal,am,0.1105
9021302000463000,Svinö färjfäste,9021302000189000,Jomala skola,am,0.1099
9021302000340000,Odalgården,9021302000429000,Torget,am,0.1097
9021302000043000,Breidablick,9021302000189000,Jomala skola,am,0.1097
9021302000433000,Stenbro vsk.,9021302000261000,Källbo skola,am,0.1095
9021302000255000,Kvarnbo,9021302000429000,Torget,am,0.1087
9021302000045000,Brinkbacken,9021302000107000,Frebbenby,am,0.1086
9021302000306000,Mariavägen vsk.,9021302000075000,Eckerö färjterminal,am,0.1085
9021302000378000,Rönngården,9021302000187000,Jomala kyrka,am,0.1084
9021302000095000,Finströms kyrka,9021302000125000,Godbyvägen 1285,am,0.1074
9021302000592000,Öra macken,9021302000308000,"Mariehamn, Bussplan",am,0.1072
9021302000429000,Torget,9021302000392000,Savoy,am,0.1069
9021302000261000,Källbo skola,9021302000189000,Jomala skola,am,0.1065
9021302000439000,Strandnäs,9021302000429000,Torget,am,0.106
9021302000039000,Bolstaholms vsk.,9021302000230000,Kroklund,am,0.1058
9021302000021000,Bjärström,9021302000312000,Maxinge,am,0.1044
9021302000269000,Lafsbölevägen vsk.,9021302000121000,Godby högstadium,am,0.1041
9021302000640000,Doktorsvägen 1B/1C,9021302000679000,Polishuset,am,0.1037
9021302000073000,Drygsböle,9021302000668000,Jomala skola södra,am,0.1036
9021302000368000,Pålsböle daghem,9021302000261000,Källbo skola,am,0.1032
9021302000312000,Maxinge,9021302000633000,Bolstavägen,am,0.1031
9021302000539000,Vestmyravägen vsk. 1,9021302000189000,Jomala skola,am,0.1028
9021302000023000,Björkliden,9021302000107000,Frebbenby,am,0.1025
9021302000378000,Rönngården,9021302000543000,Vikingahallen,am,0.102
9021302000614000,Kulla sund,9021302000261000,Källbo skola,am,0.102
9021302000308000,"Mariehamn, Bussplan",9021302000181000,Industrivägen vsk.,am,0.1013
9021302000368000,Pålsböle daghem,9021302000123000,Godbyhallen vsk.,am,0.1013
9021302000567000,Ålandsplan,9021302000308000,"Mariehamn, Bussplan",am,0.1003
9021302000451000,Strömsnäs,9021302000189000,Jomala skola,am,0.1001
9021302000646000,Ytternäs skola,9021302000429000,Torget,am,0.1
9021302000370000,Pålsböle Sarlings,9021302000261000,Källbo skola,am,0.1
9021302000559000,Västra macken,9021302000392000,Savoy,am,0.0996
9021302000308000,"Mariehamn, Bussplan",9021302000378000,Rönngården,am,0.0995
9021302000259000,Källarvägen,9021302000461000,Sviby bro,am,0.0994
9021302000269000,Lafsbölevägen vsk.,9021302000261000,Källbo skola,am,0.0994
9021302000523000,Valborg,9021302000362000,Prästgården,am,0.0992
9021302000209000,Kattby södra,9021302000226000,Korsbro,am,0.0987
9021302000224000,Kockobacka,9021302000308000,"Mariehamn, Bussplan",am,0.0976
9021302000093000,Finby vsk.,9021302000418000,Smedsböle vsk.,am,0.0976
9021302000525000,Vandö,9021302000123000,Godbyhallen vsk.,am,0.0972
9021302000646000,Ytternäs skola,9021302000657000,Kyrkan,am,0.097
9021302000412000,Slottsvägen vsk.,9021302000492000,Tekniska verken,am,0.0964
9021302000259000,Källarvägen,9021302000567000,Ålandsplan,am,0.0963
9021302000662000,"Centrum, Nygatan",9021302000644000,Strandgränd,am,0.0957
9021302000441000,Strandnäs hotell,9021302000392000,Savoy,am,0.0955
9021302000386000,Sandmovägen vsk.,9021302000308000,"Mariehamn, Bussplan",am,0.0954
9021302000439000,Strandnäs,9021302000396000,Sjukhuset,am,0.095
9021302000261000,Källbo skola,9021302000429000,Torget,am,0.095
9021302000645000,Havsörnsvägen,9021302000662000,"Centrum, Nygatan",am,0.0949
9021302000308000,"Mariehamn, Bussplan",9021302000115000,GE-huset,am,0.0945
9021302000435000,Storby,9021302000344000,Ollasgatan vsk.,am,0.0945
9021302000308000,"Mariehamn, Bussplan",9021302000035000,Bo-Bil,am,0.0934
9021302000416000,Smartpark,9021302000189000,Jomala skola,am,0.0934
9021302000318000,Musterivägen vsk.,9021302000125000,Godbyvägen 1285,am,0.0926
9021302000639000,Hindersbölevägen,9021302000324000,Nabben,am,0.0923
9021302000497000,Tjudö midsommarstång,9021302000123000,Godbyhallen vsk.,am,0.092
9021302000023000,Björkliden,9021302000308000,"Mariehamn, Bussplan",am,0.0918
9021302000630000,Kalmarnäs vändplan,9021302000429000,Torget,am,0.0912
9021302000255000,Kvarnbo,9021302000157000,Haraldsby,am,0.0912
9021302000185000,Jomala församlingshem,9021302000492000,Tekniska verken,am,0.0907
9021302000433000,Stenbro vsk.,9021302000392000,Savoy,am,0.0903
9021302000340000,Odalgården,9021302000439000,Strandnäs,am,0.09
9021302000113000,Färjsundsbron,9021302000308000,"Mariehamn, Bussplan",am,0.0899
9021302000590000,Önningeby vsk.,9021302000421000,Solberget södra,am,0.0894
9021302000298000,Mangelbo,9021302000121000,Godby högstadium,am,0.0891
9021302000255000,Kvarnbo,9021302000312000,Maxinge,am,0.089
9021302000137000,Granö vändplan,9021302000564000,Ytternäs skola,am,0.0888
9021302000234000,Krokstad vsk.,9021302000189000,Jomala skola,am,0.0887
9021302000386000,Sandmovägen vsk.,9021302000107000,Frebbenby,am,0.0885
9021302000318000,Musterivägen vsk.,9021302000308000,"Mariehamn, Bussplan",am,0.0884
9021302000364000,Prästö,9021302000492000,Tekniska verken,am,0.088
9021302000666000,Svinryggen,9021302000668000,Jomala skola södra,am,0.0879
9021302000590000,Önningeby vsk.,9021302000115000,GE-huset,am,0.0877
9021302000559000,Västra macken,9021302000492000,Tekniska verken,am,0.0874
9021302000067000,Degersandsvägen vsk.,9021302000107000,Frebbenby,am,0.0862
9021302000648000,Baltichallen,9021302000429000,Torget,am,0.086
9021302000630000,Kalmarnäs vändplan,9021302000392000,Savoy,am,0.086
9021302000118000,Godby centrum,9021302000261000,Källbo skola,am,0.086
9021302000338000,Nääs,9021302000308000,"Mariehamn, Bussplan",am,0.086
9021302000543000,Vikingahallen,9021302000396000,Sjukhuset,am,0.0858
9021302000372000,Pålsbölevägen,9021302000261000,Källbo skola,am,0.0848
9021302000416000,Smartpark,9021302000075000,Eckerö färjterminal,am,0.0847
9021302000617000,Lemlandsvägen,9021302000662000,"Centrum, Nygatan",am,0.0843
9021302000662000,"Centrum, Nygatan",9021302000492000,Tekniska verken,am,0.0835
9021302000478000,Södernäsvägen vsk.,9021302000308000,"Mariehamn, Bussplan",am,0.0834
9021302000648000,Baltichallen,9021302000657000,Kyrkan,am,0.0832
9021302000629000,Klintvägen,9021302000662000,"Centrum, Nygatan",am,0.0825
9021302000396000,Sjukhuset,9021302000429000,Torget,am,0.0825
9021302000324000,Nabben,9021302000679000,Polishuset,am,0.0822
9021302000344000,Ollasgatan vsk.,9021302000308000,"Mariehamn, Bussplan",am,0.0822
9021302000352000,Pettböle,9021302000121000,Godby högstadium,am,0.0821
9021302000592000,Öra macken,9021302000207000,Kattby,am,0.0818
9021302000512000,Tärnebolstad,9021302000308000,"Mariehamn, Bussplan",am,0.0816
9021302000298000,Mangelbo,9021302000261000,Källbo skola,am,0.0815
9021302000622000,Solberget,9021302000396000,Sjukhuset,am,0.0813
9021302000261000,Källbo skola,9021302000191000,Jomalaby,am,0.0812
9021302000039000,Bolstaholms vsk.,9021302000368000,Pålsböle daghem,am,0.0809
9021302000261000,Källbo skola,9021302000312000,Maxinge,am,0.0808
9021302000127000,Gottby,9021302000189000,Jomala skola,am,0.0806
9021302000304000,Marbyöjen vsk.,9021302000107000,Frebbenby,am,0.0806
9021302000039000,Bolstaholms vsk.,9021302000370000,Pålsböle Sarlings,am,0.0803
9021302000058000,Böle vsk.,9021302000207000,Kattby,am,0.08
9021302000400000,Skagvägen vsk.,9021302000189000,Jomala skola,am,0.0799
9021302000492000,Tekniska verken,9021302000115000,GE-huset,am,0.0796
9021302000441000,Strandnäs hotell,9021302000492000,Tekniska verken,am,0.0794
9021302000508000,Torrbolstad,9021302000429000,Torget,am,0.0794
9021302000039000,Bolstaholms vsk.,9021302000121000,Godby högstadium,am,0.0794
9021302000071000,Doppingvägen,9021302000647000,Lotsgatan,am,0.0792
9021302000304000,Marbyöjen vsk.,9021302000308000,"Mariehamn, Bussplan",am,0.079
9021302000214000,Killingholm,9021302000586000,Ödkarby skola,am,0.0789
9021302000447000,Strömma,9021302000308000,"Mariehamn, Bussplan",am,0.0787
9021302000364000,Prästö,9021302000041000,Bomarsunds fästning,am,0.0786
9021302000312000,Maxinge,9021302000639000,Hindersbölevägen,am,0.0785
9021302000118000,Godby centrum,9021302000121000,Godby högstadium,am,0.0785
9021302000368000,Pålsböle daghem,9021302000121000,Godby högstadium,am,0.0785
9021302000364000,Prästö,9021302000261000,Källbo skola,am,0.0783
9021302000643000,Örtvägen,9021302000640000,Doktorsvägen 1B/1C,am,0.0781
9021302000332000,Nåtö biologiska,9021302000564000,Ytternäs skola,am,0.078
9021302000163000,Hellesby,9021302000543000,Vikingahallen,am,0.078
9021302000590000,Önningeby vsk.,9021302000463000,Svinö färjfäste,am,0.0777
9021302000344000,Ollasgatan vsk.,9021302000107000,Frebbenby,am,0.0777
9021302000209000,Kattby södra,9021302000392000,Savoy,am,0.0776
9021302000439000,Strandnäs,9021302000392000,Savoy,am,0.0774
9021302000113000,Färjsundsbron,9021302000125000,Godbyvägen 1285,am,0.0772
9021302000216000,Klemetsby,9021302000362000,Prästgården,am,0.0771
9021302000614000,Kulla sund,9021302000392000,Savoy,am,0.077
9021302000216000,Klemetsby,9021302000308000,"Mariehamn, Bussplan",am,0.0769
9021302000255000,Kvarnbo,9021302000543000,Vikingahallen,am,0.0769
9021302000316000,Mickelsö vsk.,9021302000366000,Prästö färjfäste,am,0.0769
9021302000352000,Pettböle,9021302000261000,Källbo skola,am,0.0767
9021302000623000,Lindstigen,9021302000071000,Doppingvägen,am,0.0766
9021302000029000,Björkuddsvägen vsk.,9021302000492000,Tekniska verken,am,0.0766
9021302000292000,Lönnhagsvägen,9021302000392000,Savoy,am,0.0763
9021302000093000,Finby vsk.,9021302000392000,Savoy,am,0.0763
9021302000121000,Godby högstadium,9021302000392000,Savoy,am,0.0761
9021302000045000,Brinkbacken,9021302000207000,Kattby,am,0.076
9021302000635000,Högbackagatan,9021302000662000,"Centrum, Nygatan",am,0.0758
9021302000255000,Kvarnbo,9021302000392000,Savoy,am,0.075
9021302000541000,Vestmyravägen vsk. 2,9021302000308000,"Mariehamn, Bussplan",am,0.0749
9021302000238000,Kullagatan vsk.,9021302000121000,Godby högstadium,am,0.0747
9021302000340000,Odalgården,9021302000396000,Sjukhuset,am,0.0746
9021302000251000,Kungsö vsk.,9021302000392000,Savoy,am,0.0742
9021302000662000,"Centrum, Nygatan",9021302000659000,Norragatan,am,0.0738
9021302000429000,Torget,9021302000115000,GE-huset,am,0.0738
9021302000109000,Fremmanby,9021302000123000,Godbyhallen vsk.,am,0.0734
9021302000007000,Baltic,9021302000362000,Prästgården,am,0.0733
9021302000623000,Lindstigen,9021302000646000,Ytternäs skola,am,0.0727
9021302000097000,Skrakvägen,9021302000564000,Ytternäs skola,am,0.0723
9021302000023000,Björkliden,9021302000207000,Kattby,am,0.0723
9021302000255000,Kvarnbo,9021302000439000,Strandnäs,am,0.0723
9021302000662000,"Centrum, Nygatan",9021302000616000,Doktorsvägen 1A,am,0.0721
9021302000478000,Södernäsvägen vsk.,9021302000261000,Källbo skola,am,0.0721
9021302000181000,Industrivägen vsk.,9021302000121000,Godby högstadium,am,0.072
9021302000222000,Knutsbodavägen vsk.,9021302000308000,"Mariehamn, Bussplan",am,0.0715
9021302000238000,Kullagatan vsk.,9021302000261000,Källbo skola,am,0.0715
9021302000133000,Granholm,9021302000564000,Ytternäs skola,am,0.0712
9021302000322000,Mörslättsvägen vsk.,9021302000125000,Godbyvägen 1285,am,0.0711
9021302000187000,Jomala kyrka,9021302000492000,Tekniska verken,am,0.071
9021302000621000,Övernäsgården,9021302000429000,Torget,am,0.0704
9021302000457000,Svartsmara,9021302000123000,Godbyhallen vsk.,am,0.0704
9021302000195000,Kalmsta,9021302000308000,"Mariehamn, Bussplan",am,0.0703
9021302000308000,"Mariehamn, Bussplan",9021302000439000,Strandnäs,am,0.0702
9021302000535000,Vessingsboda,9021302000314000,Mellanvik,am,0.0698
9021302000639000,Hindersbölevägen,9021302000644000,Strandgränd,am,0.0697
9021302000261000,Källbo skola,9021302000543000,Vikingahallen,am,0.0696
9021302000342000,Ollas,9021302000123000,Godbyhallen vsk.,am,0.0693
9021302000486000,Södra Flaka,9021302000463000,Svinö färjfäste,am,0.0691
9021302000007000,Baltic,9021302000308000,"Mariehamn, Bussplan",am,0.069
9021302000622000,Solberget,9021302000559000,Västra macken,am,0.0686
9021302000358000,Posten,9021302000392000,Savoy,am,0.0685
9021302000508000,Torrbolstad,9021302000312000,Maxinge,am,0.0684
9021302000073000,Drygsböle,9021302000189000,Jomala skola,am,0.0683
9021302000216000,Klemetsby,9021302000523000,Valborg,am,0.0682
9021302000596000,Östanåkersvägen vsk.,9021302000312000,Maxinge,am,0.0681
9021302000557000,Västeränga,9021302000463000,Svinö färjfäste,am,0.0678
9021302000308000,"Mariehamn, Bussplan",9021302000183000,Ingby,am,0.0677
9021302000606000,Överbyvägen vsk.,9021302000543000,Vikingahallen,am,0.0677
9021302000525000,Vandö,9021302000308000,"Mariehamn, Bussplan",am,0.0676
9021302000592000,Öra macken,9021302000075000,Eckerö färjterminal,am,0.0674
9021302000209000,Kattby södra,9021302000492000,Tekniska verken,am,0.0673
9021302000117000,Geta centrum,9021302000011000,Bartsgårda,am,0.0669
9021302000639000,Hindersbölevägen,9021302000616000,Doktorsvägen 1A,am,0.0666
9021302000007000,Baltic,9021302000523000,Valborg,am,0.0666
9021302000396000,Sjukhuset,9021302000392000,Savoy,am,0.0665
9021302000621000,Övernäsgården,9021302000657000,Kyrkan,am,0.0665
9021302000316000,Mickelsö vsk.,9021302000392000,Savoy,am,0.0665
9021302000308000,"Mariehamn, Bussplan",9021302000396000,Sjukhuset,am,0.0664
9021302000123000,Godbyhallen vsk.,9021302000191000,Jomalaby,am,0.0664
9021302000435000,Storby,9021302000083000,Eckerö posthus vsk.,am,0.0664
9021302000245000,Kummelören,9021302000362000,Prästgården,am,0.0662
9021302000261000,Källbo skola,9021302000187000,Jomala kyrka,am,0.0661
9021302000486000,Södra Flaka,9021302000535000,Vessingsboda,am,0.066
9021302000127000,Gottby,9021302000308000,"Mariehamn, Bussplan",am,0.0659
9021302000292000,Lönnhagsvägen,9021302000492000,Tekniska verken,am,0.0655
9021302000187000,Jomala kyrka,9021302000185000,Jomala församlingshem,am,0.0655
9021302000358000,Posten,9021302000492000,Tekniska verken,am,0.0652
9021302000185000,Jomala församlingshem,9021302000035000,Bo-Bil,am,0.0652
9021302000031000,Björkängsvägen vsk.,9021302000392000,Savoy,am,0.0651
9021302000662000,"Centrum, Nygatan",9021302000671000,Dalkullavägen,am,0.065
9021302000662000,"Centrum, Nygatan",9021302000259000,Källarvägen,am,0.065
9021302000433000,Stenbro vsk.,9021302000492000,Tekniska verken,am,0.0647
9021302000273000,Lemböte vsk.,9021302000324000,Nabben,am,0.0646
9021302000421000,Solberget södra,9021302000324000,Nabben,am,0.0645
9021302000543000,Vikingahallen,9021302000115000,GE-huset,am,0.0645
9021302000185000,Jomala församlingshem,9021302000392000,Savoy,am,0.064
9021302000266000,Labbnäs,9021302000011000,Bartsgårda,am,0.0639
9021302000113000,Färjsundsbron,9021302000123000,Godbyhallen vsk.,am,0.0638
9021302000535000,Vessingsboda,9021302000324000,Nabben,am,0.0634
9021302000523000,Valborg,9021302000492000,Tekniska verken,am,0.0633
9021302000189000,Jomala skola,9021302000543000,Vikingahallen,am,0.0632
9021302000523000,Valborg,9021302000678000,Långnäs hamn,am,0.0632
9021302000093000,Finby vsk.,9021302000261000,Källbo skola,am,0.063
9021302000662000,"Centrum, Nygatan",9021302000647000,Lotsgatan,am,0.0629
9021302000067000,Degersandsvägen vsk.,9021302000207000,Kattby,am,0.0625
9021302000484000,Södra Finbygatan vsk.,9021302000418000,Smedsböle vsk.,am,0.0624
9021302000209000,Kattby södra,9021302000559000,Västra macken,am,0.0622
9021302000240000,Kullavägen vsk.,9021302000312000,Maxinge,am,0.062
9021302000251000,Kungsö vsk.,9021302000492000,Tekniska verken,am,0.0619
9021302000435000,Storby,9021302000543000,Vikingahallen,am,0.0619
9021302000029000,Björkuddsvägen vsk.,9021302000463000,Svinö färjfäste,am,0.0617
9021302000386000,Sandmovägen vsk.,9021302000207000,Kattby,am,0.0617
9021302000201000,Kastelholm,9021302000261000,Källbo skola,am,0.0616
9021302000630000,Kalmarnäs vändplan,9021302000396000,Sjukhuset,am,0.0614
9021302000326000,Nabbenvägen vsk.,9021302000125000,Godbyvägen 1285,am,0.0612
9021302000435000,Storby,9021302000101000,Fjärilsgatan vsk.,am,0.061
9021302000416000,Smartpark,9021302000308000,"Mariehamn, Bussplan",am,0.0606
9021302000611000,Skräddarsvängen vsk.,9021302000123000,Godbyhallen vsk.,am,0.0606
9021302000316000,Mickelsö vsk.,9021302000418000,Smedsböle vsk.,am,0.0602
9021302000214000,Killingholm,9021302000429000,Torget,am,0.0602
9021302000292000,Lönnhagsvägen,9021302000559000,Västra macken,am,0.0601
9021302000380000,Rörstorp,9021302000362000,Prästgården,am,0.0599
9021302000492000,Tekniska verken,9021302000662000,"Centrum, Nygatan",am,0.0598
9021302000585000,Ödkarby,9021302000586000,Ödkarby skola,am,0.0594
9021302000308000,"Mariehamn, Bussplan",9021302000185000,Jomala församlingshem,am,0.0593
9021302000539000,Vestmyravägen vsk. 1,9021302000308000,"Mariehamn, Bussplan",am,0.0593
9021302000358000,Posten,9021302000559000,Västra macken,am,0.0591
9021302000543000,Vikingahallen,9021302000312000,Maxinge,am,0.0591
9021302000472000,Södergatan vsk.,9021302000075000,Eckerö färjterminal,am,0.0591
9021302000497000,Tjudö midsommarstång,9021302000308000,"Mariehamn, Bussplan",am,0.0591
9021302000340000,Odalgården,9021302000115000,GE-huset,am,0.0589
9021302000163000,Hellesby,9021302000075000,Eckerö färjterminal,am,0.0589
9021302000418000,Smedsböle vsk.,9021302000392000,Savoy,am,0.0589
9021302000324000,Nabben,9021302000308000,"Mariehamn, Bussplan",am,0.0586
9021302000245000,Kummelören,9021302000523000,Valborg,am,0.0586
9021302000255000,Kvarnbo,9021302000118000,Godby centrum,am,0.0586
9021302000445000,Strandnäs skola södra,9021302000324000,Nabben,am,0.0584
9021302000089000,Emkarby daghem,9021302000312000,Maxinge,am,0.0584
9021302000660000,Ålands lyceum,9021302000662000,"Centrum, Nygatan",am,0.058
9021302000472000,Södergatan vsk.,9021302000668000,Jomala skola södra,am,0.058
9021302000292000,Lönnhagsvägen,9021302000668000,Jomala skola södra,am,0.0575
9021302000666000,Svinryggen,9021302000189000,Jomala skola,am,0.0574
9021302000508000,Torrbolstad,9021302000543000,Vikingahallen,am,0.0572
9021302000062000,Daglösa,9021302000123000,Godbyhallen vsk.,am,0.0572
9021302000259000,Källarvägen,9021302000543000,Vikingahallen,am,0.0571
9021302000259000,Källarvägen,9021302000075000,Eckerö färjterminal,am,0.0571
9021302000121000,Godby högstadium,9021302000492000,Tekniska verken,am,0.0571
9021302000029000,Björkuddsvägen vsk.,9021302000115000,GE-huset,am,0.057
9021302000545000,Vårdö kyrka,9021302000366000,Prästö färjfäste,am,0.0568
9021302000187000,Jomala kyrka,9021302000035000,Bo-Bil,am,0.0567
9021302000449000,Strömsby vsk.,9021302000308000,"Mariehamn, Bussplan",am,0.0565
9021302000304000,Marbyöjen vsk.,9021302000207000,Kattby,am,0.0564
9021302000201000,Kastelholm,9021302000392000,Savoy,am,0.0562
9021302000490000,Södra Svinövägen vsk.,9021302000362000,Prästgården,am,0.0562
9021302000643000,Örtvägen,9021302000679000,Polishuset,am,0.0561
9021302000662000,"Centrum, Nygatan",9021302000677000,Norrgårdsvägen,am,0.0559
9021302000590000,Önningeby vsk.,9021302000396000,Sjukhuset,am,0.0559
9021302000129000,Gottby by,9021302000392000,Savoy,am,0.0559
9021302000416000,Smartpark,9021302000107000,Frebbenby,am,0.0559
9021302000261000,Källbo skola,9021302000115000,GE-huset,am,0.0558
9021302000207000,Kattby,9021302000226000,Korsbro,am,0.0558
9021302000508000,Torrbolstad,9021302000392000,Savoy,am,0.0557
9021302000614000,Kulla sund,9021302000492000,Tekniska verken,am,0.0554
9021302000292000,Lönnhagsvägen,9021302000662000,"Centrum, Nygatan",am,0.0553
9021302000245000,Kummelören,9021302000308000,"Mariehamn, Bussplan",am,0.0551
9021302000662000,"Centrum, Nygatan",9021302000461000,Sviby bro,am,0.055
9021302000071000,Doppingvägen,9021302000628000,Sälgstigen,am,0.055
9021302000251000,Kungsö vsk.,9021302000559000,Västra macken,am,0.055
9021302000165000,Hellestorp,9021302000189000,Jomala skola,am,0.055
9021302000640000,Doktorsvägen 1B/1C,9021302000324000,Nabben,am,0.0549
9021302000499000,Tjudö vsk.,9021302000123000,Godbyhallen vsk.,am,0.0548
9021302000308000,"Mariehamn, Bussplan",9021302000463000,Svinö färjfäste,am,0.0547
9021302000370000,Pålsböle Sarlings,9021302000121000,Godby högstadium,am,0.0544
9021302000627000,Cedersvägen,9021302000662000,"Centrum, Nygatan",am,0.0543
9021302000344000,Ollasgatan vsk.,9021302000207000,Kattby,am,0.0542
9021302000107000,Frebbenby,9021302000306000,Mariavägen vsk.,am,0.0541
9021302000154000,Hamnsundsvägen vsk.,9021302000123000,Godbyhallen vsk.,am,0.054
9021302000388000,Sandvik,9021302000189000,Jomala skola,am,0.0539
9021302000586000,Ödkarby skola,9021302000121000,Godby högstadium,am,0.0537
9021302000624000,Stenhuggarvägen,9021302000662000,"Centrum, Nygatan",am,0.0536
9021302000575000,Ämnäsgatan,9021302000191000,Jomalaby,am,0.0536
9021302000093000,Finby vsk.,9021302000492000,Tekniska verken,am,0.0536
9021302000508000,Torrbolstad,9021302000439000,Strandnäs,am,0.0536
9021302000566000,Ytterängsvägen vsk.,9021302000121000,Godby högstadium,am,0.0536
9021302000308000,"Mariehamn, Bussplan",9021302000559000,Västra macken,am,0.0534
9021302000080000,Eckerö kyrka,9021302000668000,Jomala skola södra,am,0.0534
9021302000380000,Rörstorp,9021302000523000,Valborg,am,0.053
9021302000638000,Uppgårdsvägen 10,9021302000640000,Doktorsvägen 1B/1C,am,0.0528
9021302000664000,Möckelö Strand,9021302000567000,Ålandsplan,am,0.0526
9021302000304000,Marbyöjen vsk.,9021302000075000,Eckerö färjterminal,am,0.0526
9021302000214000,Killingholm,9021302000255000,Kvarnbo,am,0.0526
9021302000117000,Geta centrum,9021302000181000,Industrivägen vsk.,am,0.0526
9021302000421000,Solberget södra,9021302000308000,"Mariehamn, Bussplan",am,0.0525
9021302000312000,Maxinge,9021302000640000,Doktorsvägen 1B/1C,am,0.0525
9021302000157000,Haraldsby,9021302000429000,Torget,am,0.0524
9021302000261000,Källbo skola,9021302000001000,4H-gården,am,0.0522
9021302000441000,Strandnäs hotell,9021302000429000,Torget,am,0.0521
9021302000318000,Musterivägen vsk.,9021302000123000,Godbyhallen vsk.,am,0.052
9021302000266000,Labbnäs,9021302000181000,Industrivägen vsk.,am,0.052
9021302000214000,Killingholm,9021302000312000,Maxinge,am,0.0518
9021302000236000,Krokstadsvägen vsk.,9021302000490000,Södra Svinövägen vsk.,am,0.0517
9021302000255000,Kvarnbo,9021302000115000,GE-huset,am,0.0517
9021302000545000,Vårdö kyrka,9021302000418000,Smedsböle vsk.,am,0.0517
9021302000590000,Önningeby vsk.,9021302000567000,Ålandsplan,am,0.0516
9021302000590000,Önningeby vsk.,9021302000195000,Kalmsta,am,0.0515
9021302000029000,Björkuddsvägen vsk.,9021302000421000,Solberget södra,am,0.0514
9021302000253000,Kungsövägen vsk.,9021302000392000,Savoy,am,0.0514
9021302000168000,Hemdal,9021302000123000,Godbyhallen vsk.,am,0.0514
9021302000400000,Skagvägen vsk.,9021302000308000,"Mariehamn, Bussplan",am,0.0513
9021302000362000,Prästgården,9021302000314000,Mellanvik,am,0.0512
9021302000510000,Tosarby vsk.,9021302000392000,Savoy,am,0.0512
9021302000520000,Utängarna,9021302000543000,Vikingahallen,am,0.0509
9021302000484000,Södra Finbygatan vsk.,9021302000392000,Savoy,am,0.0507
9021302000453000,Stålsby,9021302000586000,Ödkarby skola,am,0.0507
9021302000623000,Lindstigen,9021302000429000,Torget,am,0.0504
9021302000566000,Ytterängsvägen vsk.,9021302000261000,Källbo skola,am,0.0504
9021302000586000,Ödkarby skola,9021302000261000,Källbo skola,am,0.0504
9021302000095000,Finströms kyrka,9021302000181000,Industrivägen vsk.,am,0.0502
9021302000071000,Doppingvägen,9021302000648000,Baltichallen,am,0.0501
9021302000358000,Posten,9021302000668000,Jomala skola södra,am,0.0501
9021302000557000,Västeränga,9021302000314000,Mellanvik,am,0.0501
9021302000501000,Tobölevägen vsk.,9021302000123000,Godbyhallen vsk.,am,0.0501
9021302000189000,Jomala skola,9021302000523000,Valborg,pm,12.839
9021302000312000,Maxinge,9021302000662000,"Centrum, Nygatan",pm,6.4612
9021302000445000,Strandnäs skola södra,9021302000662000,"Centrum, Nygatan",pm,6.3973
9021302000445000,Strandnäs skola södra,9021302000622000,Solberget,pm,5.8752
9021302000308000,"Mariehamn, Bussplan",9021302000590000,Önningeby vsk.,pm,4.5135
9021302000121000,Godby högstadium,9021302000261000,Källbo skola,pm,4.2825
9021302000189000,Jomala skola,9021302000087000,Emkarby,pm,4.1689
9021302000123000,Godbyhallen vsk.,9021302000261000,Källbo skola,pm,4.1105
9021302000189000,Jomala skola,9021302000535000,Vessingsboda,pm,3.8437
9021302000308000,"Mariehamn, Bussplan",9021302000259000,Källarvägen,pm,3.7909
9021302000123000,Godbyhallen vsk.,9021302000308000,"Mariehamn, Bussplan",pm,3.5417
9021302000308000,"Mariehamn, Bussplan",9021302000115000,GE-huset,pm,3.4378
9021302000121000,Godby högstadium,9021302000255000,Kvarnbo,pm,3.3035
9021302000261000,Källbo skola,9021302000255000,Kvarnbo,pm,3.1608
9021302000445000,Strandnäs skola södra,9021302000630000,Kalmarnäs vändplan,pm,3.1234
9021302000662000,"Centrum, Nygatan",9021302000639000,Hindersbölevägen,pm,3.0056
9021302000662000,"Centrum, Nygatan",9021302000071000,Doppingvägen,pm,2.9915
9021302000189000,Jomala skola,9021302000362000,Prästgården,pm,2.9155
9021302000189000,Jomala skola,9021302000021000,Bjärström,pm,2.8797
9021302000261000,Källbo skola,9021302000457000,Svartsmara,pm,2.8143
9021302000308000,"Mariehamn, Bussplan",9021302000029000,Björkuddsvägen vsk.,pm,2.8064
9021302000662000,"Centrum, Nygatan",9021302000662000,"Centrum, Nygatan",pm,2.714
9021302000189000,Jomala skola,9021302000220000,Knutsboda vsk.,pm,2.6522
9021302000121000,Godby högstadium,9021302000457000,Svartsmara,pm,2.6047
9021302000189000,Jomala skola,9021302000557000,Västeränga,pm,2.5501
9021302000308000,"Mariehamn, Bussplan",9021302000429000,Torget,pm,2.4933
9021302000125000,Godbyvägen 1285,9021302000261000,Källbo skola,pm,2.4666
9021302000261000,Källbo skola,9021302000308000,"Mariehamn, Bussplan",pm,2.3131
9021302000121000,Godby högstadium,9021302000508000,Torrbolstad,pm,2.3049
9021302000668000,Jomala skola södra,9021302000209000,Kattby södra,pm,2.2943
9021302000445000,Strandnäs skola södra,9021302000421000,Solberget södra,pm,2.2418
9021302000308000,"Mariehamn, Bussplan",9021302000340000,Odalgården,pm,2.2203
9021302000662000,"Centrum, Nygatan",9021302000622000,Solberget,pm,2.1484
9021302000261000,Källbo skola,9021302000508000,Torrbolstad,pm,2.0558
9021302000308000,"Mariehamn, Bussplan",9021302000543000,Vikingahallen,pm,2.0486
9021302000189000,Jomala skola,9021302000486000,Södra Flaka,pm,1.9896
9021302000189000,Jomala skola,9021302000596000,Östanåkersvägen vsk.,pm,1.9793
9021302000662000,"Centrum, Nygatan",9021302000647000,Lotsgatan,pm,1.969
9021302000308000,"Mariehamn, Bussplan",9021302000492000,Tekniska verken,pm,1.901
9021302000121000,Godby högstadium,9021302000214000,Killingholm,pm,1.8796
9021302000308000,"Mariehamn, Bussplan",9021302000439000,Strandnäs,pm,1.8243
9021302000189000,Jomala skola,9021302000275000,Lemlands kyrka,pm,1.8141
9021302000261000,Källbo skola,9021302000043000,Breidablick,pm,1.7601
9021302000189000,Jomala skola,9021302000240000,Kullavägen vsk.,pm,1.7243
9021302000261000,Källbo skola,9021302000214000,Killingholm,pm,1.7195
9021302000662000,"Centrum, Nygatan",9021302000640000,Doktorsvägen 1B/1C,pm,1.6893
9021302000308000,"Mariehamn, Bussplan",9021302000261000,Källbo skola,pm,1.6835
9021302000189000,Jomala skola,9021302000089000,Emkarby daghem,pm,1.6537
9021302000261000,Källbo skola,9021302000009000,Bamböle,pm,1.6179
9021302000121000,Godby högstadium,9021302000043000,Breidablick,pm,1.6019
9021302000121000,Godby högstadium,9021302000157000,Haraldsby,pm,1.5807
9021302000123000,Godbyhallen vsk.,9021302000117000,Geta centrum,pm,1.5579
9021302000121000,Godby högstadium,9021302000009000,Bamböle,pm,1.5414
9021302000123000,Godbyhallen vsk.,9021302000266000,Labbnäs,pm,1.5353
9021302000662000,"Centrum, Nygatan",9021302000664000,Möckelö Strand,pm,1.5199
9021302000189000,Jomala skola,9021302000209000,Kattby södra,pm,1.5191
9021302000261000,Källbo skola,9021302000157000,Haraldsby,pm,1.5122
9021302000308000,"Mariehamn, Bussplan",9021302000396000,Sjukhuset,pm,1.4573
9021302000121000,Godby högstadium,9021302000308000,"Mariehamn, Bussplan",pm,1.4562
9021302000662000,"Centrum, Nygatan",9021302000324000,Nabben,pm,1.4488
9021302000608000,Övernäs skola,9021302000193000,Järsö,pm,1.4477
9021302000123000,Godbyhallen vsk.,9021302000095000,Finströms kyrka,pm,1.4406
9021302000662000,"Centrum, Nygatan",9021302000646000,Ytternäs skola,pm,1.4347
9021302000662000,"Centrum, Nygatan",9021302000193000,Järsö,pm,1.4316
9021302000608000,Övernäs skola,9021302000334000,Nåtö by vsk.,pm,1.4247
9021302000662000,"Centrum, Nygatan",9021302000334000,Nåtö by vsk.,pm,1.4006
9021302000662000,"Centrum, Nygatan",9021302000630000,Kalmarnäs vändplan,pm,1.3784
9021302000308000,"Mariehamn, Bussplan",9021302000630000,Kalmarnäs vändplan,pm,1.3418
9021302000445000,Strandnäs skola södra,9021302000615000,Österkullagatan,pm,1.3021
9021302000608000,Övernäs skola,9021302000017000,Bergö/Idskärsvägen vsk.,pm,1.3008
9021302000668000,Jomala skola södra,9021302000207000,Kattby,pm,1.296
9021302000662000,"Centrum, Nygatan",9021302000017000,Bergö/Idskärsvägen vsk.,pm,1.2802
9021302000123000,Godbyhallen vsk.,9021302000255000,Kvarnbo,pm,1.2597
9021302000662000,"Centrum, Nygatan",9021302000648000,Baltichallen,pm,1.2342
9021302000668000,Jomala skola södra,9021302000251000,Kungsö vsk.,pm,1.2052
9021302000548000,Vårdö skola,9021302000449000,Strömsby vsk.,pm,1.1946
9021302000662000,"Centrum, Nygatan",9021302000643000,Örtvägen,pm,1.1838
9021302000121000,Godby högstadium,9021302000585000,Ödkarby,pm,1.1708
9021302000308000,"Mariehamn, Bussplan",9021302000523000,Valborg,pm,1.138
9021302000261000,Källbo skola,9021302000117000,Geta centrum,pm,1.1373
9021302000668000,Jomala skola södra,9021302000129000,Gottby by,pm,1.1275
9021302000261000,Källbo skola,9021302000266000,Labbnäs,pm,1.1146
9021302000261000,Källbo skola,9021302000585000,Ödkarby,pm,1.0934
9021302000189000,Jomala skola,9021302000408000,Skolsvängen vsk.,pm,1.0905
9021302000662000,"Centrum, Nygatan",9021302000097000,Skrakvägen,pm,1.071
9021302000261000,Källbo skola,9021302000095000,Finströms kyrka,pm,1.0436
9021302000662000,"Centrum, Nygatan",9021302000621000,Övernäsgården,pm,1.0107
9021302000121000,Godby högstadium,9021302000453000,Stålsby,pm,1.0065
9021302000123000,Godbyhallen vsk.,9021302000322000,Mörslättsvägen vsk.,pm,0.9947
9021302000189000,Jomala skola,9021302000588000,Öjvägen vsk.,pm,0.9916
9021302000668000,Jomala skola södra,9021302000107000,Frebbenby,pm,0.99
9021302000679000,Polishuset,9021302000662000,"Centrum, Nygatan",pm,0.9663
9021302000121000,Godby högstadium,9021302000123000,Godbyhallen vsk.,pm,0.9646
9021302000662000,"Centrum, Nygatan",9021302000312000,Maxinge,pm,0.9428
9021302000463000,Svinö färjfäste,9021302000308000,"Mariehamn, Bussplan",pm,0.9409
9021302000261000,Källbo skola,9021302000453000,Stålsby,pm,0.9348
9021302000608000,Övernäs skola,9021302000137000,Granö vändplan,pm,0.9229
9021302000435000,Storby,9021302000386000,Sandmovägen vsk.,pm,0.9137
9021302000662000,"Centrum, Nygatan",9021302000137000,Granö vändplan,pm,0.9054
9021302000125000,Godbyvägen 1285,9021302000412000,Slottsvägen vsk.,pm,0.8922
9021302000189000,Jomala skola,9021302000216000,Klemetsby,pm,0.884
9021302000362000,Prästgården,9021302000535000,Vessingsboda,pm,0.8631
9021302000659000,Norragatan,9021302000193000,Järsö,pm,0.8625
9021302000308000,"Mariehamn, Bussplan",9021302000427000,Sportkila,pm,0.8605
9021302000189000,Jomala skola,9021302000207000,Kattby,pm,0.8581
9021302000123000,Godbyhallen vsk.,9021302000326000,Nabbenvägen vsk.,pm,0.8559
9021302000659000,Norragatan,9021302000334000,Nåtö by vsk.,pm,0.8486
9021302000308000,"Mariehamn, Bussplan",9021302000209000,Kattby södra,pm,0.844
9021302000123000,Godbyhallen vsk.,9021302000508000,Torrbolstad,pm,0.8428
9021302000125000,Godbyvägen 1285,9021302000427000,Sportkila,pm,0.8412
9021302000662000,"Centrum, Nygatan",9021302000421000,Solberget södra,pm,0.8403
9021302000308000,"Mariehamn, Bussplan",9021302000185000,Jomala församlingshem,pm,0.8355
9021302000608000,Övernäs skola,9021302000332000,Nåtö biologiska,pm,0.8126
9021302000308000,"Mariehamn, Bussplan",9021302000255000,Kvarnbo,pm,0.8123
9021302000668000,Jomala skola södra,9021302000306000,Mariavägen vsk.,pm,0.8107
9021302000668000,Jomala skola södra,9021302000308000,"Mariehamn, Bussplan",pm,0.8096
9021302000308000,"Mariehamn, Bussplan",9021302000292000,Lönnhagsvägen,pm,0.8051
9021302000662000,"Centrum, Nygatan",9021302000332000,Nåtö biologiska,pm,0.8018
9021302000640000,Doktorsvägen 1B/1C,9021302000662000,"Centrum, Nygatan",pm,0.8009
9021302000492000,Tekniska verken,9021302000308000,"Mariehamn, Bussplan",pm,0.8007
9021302000308000,"Mariehamn, Bussplan",9021302000251000,Kungsö vsk.,pm,0.7902
9021302000639000,Hindersbölevägen,9021302000662000,"Centrum, Nygatan",pm,0.7855
9021302000659000,Norragatan,9021302000017000,Bergö/Idskärsvägen vsk.,pm,0.7749
9021302000189000,Jomala skola,9021302000251000,Kungsö vsk.,pm,0.7734
9021302000308000,"Mariehamn, Bussplan",9021302000187000,Jomala kyrka,pm,0.7697
9021302000608000,Övernäs skola,9021302000097000,Skrakvägen,pm,0.7558
9021302000230000,Kroklund,9021302000117000,Geta centrum,pm,0.7486
9021302000608000,Övernäs skola,9021302000133000,Granholm,pm,0.7429
9021302000308000,"Mariehamn, Bussplan",9021302000559000,Västra macken,pm,0.7427
9021302000543000,Vikingahallen,9021302000308000,"Mariehamn, Bussplan",pm,0.737
9021302000125000,Godbyvägen 1285,9021302000121000,Godby högstadium,pm,0.7361
9021302000261000,Källbo skola,9021302000322000,Mörslättsvägen vsk.,pm,0.7357
9021302000662000,"Centrum, Nygatan",9021302000133000,Granholm,pm,0.7331
9021302000189000,Jomala skola,9021302000129000,Gottby by,pm,0.731
9021302000523000,Valborg,9021302000535000,Vessingsboda,pm,0.7275
9021302000662000,"Centrum, Nygatan",9021302000623000,Lindstigen,pm,0.7218
9021302000308000,"Mariehamn, Bussplan",9021302000441000,Strandnäs hotell,pm,0.7191
9021302000308000,"Mariehamn, Bussplan",9021302000273000,Lemböte vsk.,pm,0.7188
9021302000189000,Jomala skola,9021302000224000,Kockobacka,pm,0.7122
9021302000608000,Övernäs skola,9021302000564000,Ytternäs skola,pm,0.7084
9021302000324000,Nabben,9021302000590000,Önningeby vsk.,pm,0.7068
9021302000324000,Nabben,9021302000662000,"Centrum, Nygatan",pm,0.694
9021302000123000,Godbyhallen vsk.,9021302000214000,Killingholm,pm,0.6932
9021302000662000,"Centrum, Nygatan",9021302000564000,Ytternäs skola,pm,0.6919
9021302000308000,"Mariehamn, Bussplan",9021302000392000,Savoy,pm,0.6788
9021302000123000,Godbyhallen vsk.,9021302000230000,Kroklund,pm,0.6769
9021302000123000,Godbyhallen vsk.,9021302000139000,Grelsby vsk.,pm,0.6748
9021302000125000,Godbyvägen 1285,9021302000123000,Godbyhallen vsk.,pm,0.6674
9021302000123000,Godbyhallen vsk.,9021302000249000,Kungstensvägen vsk.,pm,0.6626
9021302000308000,"Mariehamn, Bussplan",9021302000358000,Posten,pm,0.6583
9021302000633000,Bolstavägen,9021302000662000,"Centrum, Nygatan",pm,0.6575
9021302000189000,Jomala skola,9021302000107000,Frebbenby,pm,0.655
9021302000662000,"Centrum, Nygatan",9021302000679000,Polishuset,pm,0.6425
9021302000121000,Godby högstadium,9021302000117000,Geta centrum,pm,0.6417
9021302000125000,Godbyvägen 1285,9021302000308000,"Mariehamn, Bussplan",pm,0.6408
9021302000123000,Godbyhallen vsk.,9021302000161000,Havsvidden vsk.,pm,0.6395
9021302000308000,"Mariehamn, Bussplan",9021302000412000,Slottsvägen vsk.,pm,0.6385
9021302000191000,Jomalaby,9021302000308000,"Mariehamn, Bussplan",pm,0.636
9021302000230000,Kroklund,9021302000266000,Labbnäs,pm,0.6346
9021302000121000,Godby högstadium,9021302000266000,Labbnäs,pm,0.6343
9021302000261000,Källbo skola,9021302000326000,Nabbenvägen vsk.,pm,0.6327
9021302000368000,Pålsböle daghem,9021302000117000,Geta centrum,pm,0.6285
9021302000370000,Pålsböle Sarlings,9021302000117000,Geta centrum,pm,0.6265
9021302000370000,Pålsböle Sarlings,9021302000266000,Labbnäs,pm,0.6212
9021302000368000,Pålsböle daghem,9021302000266000,Labbnäs,pm,0.6189
9021302000662000,"Centrum, Nygatan",9021302000638000,Uppgårdsvägen 10,pm,0.6146
9021302000121000,Godby högstadium,9021302000338000,Nääs,pm,0.6143
9021302000308000,"Mariehamn, Bussplan",9021302000364000,Prästö,pm,0.6105
9021302000123000,Godbyhallen vsk.,9021302000157000,Haraldsby,pm,0.6056
9021302000308000,"Mariehamn, Bussplan",9021302000129000,Gottby by,pm,0.6002
9021302000308000,"Mariehamn, Bussplan",9021302000508000,Torrbolstad,pm,0.5963
9021302000121000,Godby högstadium,9021302000095000,Finströms kyrka,pm,0.595
9021302000662000,"Centrum, Nygatan",9021302000445000,Strandnäs skola södra,pm,0.5916
9021302000548000,Vårdö skola,9021302000296000,Lövö,pm,0.5837
9021302000261000,Källbo skola,9021302000338000,Nääs,pm,0.5788
9021302000189000,Jomala skola,9021302000360000,Postgärdsvägen vsk.,pm,0.5764
9021302000125000,Godbyvägen 1285,9021302000433000,Stenbro vsk.,pm,0.5694
9021302000121000,Godby högstadium,9021302000512000,Tärnebolstad,pm,0.5689
9021302000261000,Källbo skola,9021302000230000,Kroklund,pm,0.5575
9021302000121000,Godby högstadium,9021302000447000,Strömma,pm,0.5539
9021302000662000,"Centrum, Nygatan",9021302000616000,Doktorsvägen 1A,pm,0.5536
9021302000523000,Valborg,9021302000362000,Prästgården,pm,0.5529
9021302000308000,"Mariehamn, Bussplan",9021302000253000,Kungsövägen vsk.,pm,0.5517
9021302000362000,Prästgården,9021302000557000,Västeränga,pm,0.5508
9021302000659000,Norragatan,9021302000137000,Granö vändplan,pm,0.5496
9021302000261000,Källbo skola,9021302000139000,Grelsby vsk.,pm,0.5441
9021302000189000,Jomala skola,9021302000306000,Mariavägen vsk.,pm,0.5367
9021302000646000,Ytternäs skola,9021302000071000,Doppingvägen,pm,0.5366
9021302000668000,Jomala skola södra,9021302000163000,Hellesby,pm,0.5357
9021302000189000,Jomala skola,9021302000577000,Ängösundsvägen vsk.,pm,0.5308
9021302000189000,Jomala skola,9021302000245000,Kummelören,pm,0.5284
9021302000261000,Källbo skola,9021302000447000,Strömma,pm,0.5256
9021302000125000,Godbyvägen 1285,9021302000614000,Kulla sund,pm,0.5235
9021302000261000,Källbo skola,9021302000512000,Tärnebolstad,pm,0.5219
9021302000308000,"Mariehamn, Bussplan",9021302000451000,Strömsnäs,pm,0.5218
9021302000189000,Jomala skola,9021302000308000,"Mariehamn, Bussplan",pm,0.51
9021302000189000,Jomala skola,9021302000222000,Knutsbodavägen vsk.,pm,0.5091
9021302000075000,Eckerö färjterminal,9021302000435000,Storby,pm,0.5047
9021302000662000,"Centrum, Nygatan",9021302000615000,Österkullagatan,pm,0.5043
9021302000662000,"Centrum, Nygatan",9021302000633000,Bolstavägen,pm,0.4965
9021302000662000,"Centrum, Nygatan",9021302000644000,Strandgränd,pm,0.4923
9021302000189000,Jomala skola,9021302000007000,Baltic,pm,0.49
9021302000659000,Norragatan,9021302000332000,Nåtö biologiska,pm,0.4841
9021302000261000,Källbo skola,9021302000249000,Kungstensvägen vsk.,pm,0.4818
9021302000308000,"Mariehamn, Bussplan",9021302000207000,Kattby,pm,0.4768
9021302000662000,"Centrum, Nygatan",9021302000396000,Sjukhuset,pm,0.4761
9021302000261000,Källbo skola,9021302000161000,Havsvidden vsk.,pm,0.4708
9021302000523000,Valborg,9021302000557000,Västeränga,pm,0.4705
9021302000189000,Jomala skola,9021302000141000,Gölby,pm,0.4685
9021302000668000,Jomala skola södra,9021302000606000,Överbyvägen vsk.,pm,0.4647
9021302000429000,Torget,9021302000308000,"Mariehamn, Bussplan",pm,0.4616
9021302000429000,Torget,9021302000590000,Önningeby vsk.,pm,0.4527
9021302000308000,"Mariehamn, Bussplan",9021302000214000,Killingholm,pm,0.4522
9021302000662000,"Centrum, Nygatan",9021302000358000,Posten,pm,0.4503
9021302000659000,Norragatan,9021302000097000,Skrakvägen,pm,0.4501
9021302000362000,Prästgården,9021302000486000,Södra Flaka,pm,0.4478
9021302000308000,"Mariehamn, Bussplan",9021302000378000,Rönngården,pm,0.4444
9021302000659000,Norragatan,9021302000133000,Granholm,pm,0.4426
9021302000668000,Jomala skola södra,9021302000189000,Jomala skola,pm,0.4405
9021302000308000,"Mariehamn, Bussplan",9021302000031000,Björkängsvägen vsk.,pm,0.439
9021302000121000,Godby högstadium,9021302000525000,Vandö,pm,0.4384
9021302000123000,Godbyhallen vsk.,9021302000585000,Ödkarby,pm,0.4362
9021302000370000,Pålsböle Sarlings,9021302000308000,"Mariehamn, Bussplan",pm,0.4351
9021302000189000,Jomala skola,9021302000490000,Södra Svinövägen vsk.,pm,0.4326
9021302000392000,Savoy,9021302000590000,Önningeby vsk.,pm,0.4307
9021302000662000,"Centrum, Nygatan",9021302000626000,Källstigen,pm,0.4303
9021302000308000,"Mariehamn, Bussplan",9021302000433000,Stenbro vsk.,pm,0.4301
9021302000125000,Godbyvägen 1285,9021302000364000,Prästö,pm,0.4291
9021302000668000,Jomala skola södra,9021302000435000,Storby,pm,0.4246
9021302000659000,Norragatan,9021302000564000,Ytternäs skola,pm,0.4219
9021302000187000,Jomala kyrka,9021302000308000,"Mariehamn, Bussplan",pm,0.4201
9021302000392000,Savoy,9021302000308000,"Mariehamn, Bussplan",pm,0.4149
9021302000123000,Godbyhallen vsk.,9021302000039000,Bolstaholms vsk.,pm,0.4128
9021302000392000,Savoy,9021302000115000,GE-huset,pm,0.4127
9021302000121000,Godby högstadium,9021302000497000,Tjudö midsommarstång,pm,0.4112
9021302000324000,Nabben,9021302000029000,Björkuddsvägen vsk.,pm,0.4071
9021302000121000,Godby högstadium,9021302000322000,Mörslättsvägen vsk.,pm,0.4052
9021302000189000,Jomala skola,9021302000380000,Rörstorp,pm,0.404
9021302000308000,"Mariehamn, Bussplan",9021302000121000,Godby högstadium,pm,0.4032
9021302000292000,Lönnhagsvägen,9021302000662000,"Centrum, Nygatan",pm,0.4023
9021302000261000,Källbo skola,9021302000525000,Vandö,pm,0.3973
9021302000668000,Jomala skola södra,9021302000259000,Källarvägen,pm,0.397
9021302000662000,"Centrum, Nygatan",9021302000625000,Musikinstitutet,pm,0.3952
9021302000638000,Uppgårdsvägen 10,9021302000662000,"Centrum, Nygatan",pm,0.3937
9021302000678000,Långnäs hamn,9021302000308000,"Mariehamn, Bussplan",pm,0.3936
9021302000608000,Övernäs skola,9021302000271000,Langnäs vändplan,pm,0.3931
9021302000308000,"Mariehamn, Bussplan",9021302000157000,Haraldsby,pm,0.3918
9021302000644000,Strandgränd,9021302000662000,"Centrum, Nygatan",pm,0.3902
9021302000662000,"Centrum, Nygatan",9021302000271000,Langnäs vändplan,pm,0.3866
9021302000662000,"Centrum, Nygatan",9021302000628000,Sälgstigen,pm,0.386
9021302000368000,Pålsböle daghem,9021302000308000,"Mariehamn, Bussplan",pm,0.3809
9021302000392000,Savoy,9021302000261000,Källbo skola,pm,0.3806
9021302000523000,Valborg,9021302000486000,Södra Flaka,pm,0.3805
9021302000261000,Källbo skola,9021302000497000,Tjudö midsommarstång,pm,0.3805
9021302000123000,Godbyhallen vsk.,9021302000453000,Stålsby,pm,0.3738
9021302000308000,"Mariehamn, Bussplan",9021302000107000,Frebbenby,pm,0.3737
9021302000123000,Godbyhallen vsk.,9021302000181000,Industrivägen vsk.,pm,0.3725
9021302000643000,Örtvägen,9021302000662000,"Centrum, Nygatan",pm,0.3712
9021302000308000,"Mariehamn, Bussplan",9021302000614000,Kulla sund,pm,0.3662
9021302000308000,"Mariehamn, Bussplan",9021302000093000,Finby vsk.,pm,0.3645
9021302000492000,Tekniska verken,9021302000340000,Odalgården,pm,0.3628
9021302000429000,Torget,9021302000071000,Doppingvägen,pm,0.3609
9021302000035000,Bo-Bil,9021302000308000,"Mariehamn, Bussplan",pm,0.3547
9021302000368000,Pålsböle daghem,9021302000322000,Mörslättsvägen vsk.,pm,0.3545
9021302000189000,Jomala skola,9021302000163000,Hellesby,pm,0.3539
9021302000370000,Pålsböle Sarlings,9021302000322000,Mörslättsvägen vsk.,pm,0.3503
9021302000668000,Jomala skola södra,9021302000520000,Utängarna,pm,0.3501
9021302000121000,Godby högstadium,9021302000230000,Kroklund,pm,0.3494
9021302000324000,Nabben,9021302000630000,Kalmarnäs vändplan,pm,0.3492
9021302000121000,Godby högstadium,9021302000326000,Nabbenvägen vsk.,pm,0.3488
9021302000396000,Sjukhuset,9021302000662000,"Centrum, Nygatan",pm,0.3442
9021302000657000,Kyrkan,9021302000071000,Doppingvägen,pm,0.3403
9021302000559000,Västra macken,9021302000662000,"Centrum, Nygatan",pm,0.34
9021302000125000,Godbyvägen 1285,9021302000093000,Finby vsk.,pm,0.3399
9021302000121000,Godby högstadium,9021302000139000,Grelsby vsk.,pm,0.338
9021302000392000,Savoy,9021302000259000,Källarvägen,pm,0.3379
9021302000230000,Kroklund,9021302000161000,Havsvidden vsk.,pm,0.3375
9021302000308000,"Mariehamn, Bussplan",9021302000535000,Vessingsboda,pm,0.337
9021302000646000,Ytternäs skola,9021302000662000,"Centrum, Nygatan",pm,0.3344
9021302000071000,Doppingvägen,9021302000662000,"Centrum, Nygatan",pm,0.3336
9021302000429000,Torget,9021302000662000,"Centrum, Nygatan",pm,0.3291
9021302000125000,Godbyvägen 1285,9021302000201000,Kastelholm,pm,0.3264
9021302000543000,Vikingahallen,9021302000209000,Kattby södra,pm,0.3261
9021302000121000,Godby högstadium,9021302000109000,Fremmanby,pm,0.3183
9021302000308000,"Mariehamn, Bussplan",9021302000316000,Mickelsö vsk.,pm,0.3181
9021302000308000,"Mariehamn, Bussplan",9021302000308000,"Mariehamn, Bussplan",pm,0.3146
9021302000668000,Jomala skola södra,9021302000150000,"Hammarland, Torp",pm,0.3139
9021302000121000,Godby högstadium,9021302000342000,Ollas,pm,0.3115
9021302000308000,"Mariehamn, Bussplan",9021302000123000,Godbyhallen vsk.,pm,0.309
9021302000324000,Nabben,9021302000622000,Solberget,pm,0.3084
9021302000657000,Kyrkan,9021302000662000,"Centrum, Nygatan",pm,0.3077
9021302000189000,Jomala skola,9021302000398000,Skag vsk.,pm,0.3071
9021302000189000,Jomala skola,9021302000606000,Överbyvägen vsk.,pm,0.3066
9021302000189000,Jomala skola,9021302000314000,Mellanvik,pm,0.3061
9021302000261000,Källbo skola,9021302000109000,Fremmanby,pm,0.3047
9021302000001000,4H-gården,9021302000308000,"Mariehamn, Bussplan",pm,0.3034
9021302000261000,Källbo skola,9021302000039000,Bolstaholms vsk.,pm,0.3032
9021302000392000,Savoy,9021302000340000,Odalgården,pm,0.3027
9021302000189000,Jomala skola,9021302000003000,Amalia,pm,0.3015
9021302000368000,Pålsböle daghem,9021302000326000,Nabbenvägen vsk.,pm,0.3015
9021302000308000,"Mariehamn, Bussplan",9021302000306000,Mariavägen vsk.,pm,0.3008
9021302000492000,Tekniska verken,9021302000543000,Vikingahallen,pm,0.3004
9021302000662000,"Centrum, Nygatan",9021302000423000,Lervik,pm,0.2994
9021302000207000,Kattby,9021302000107000,Frebbenby,pm,0.2987
9021302000370000,Pålsböle Sarlings,9021302000326000,Nabbenvägen vsk.,pm,0.2987
9021302000634000,Lillåkersvägen,9021302000662000,"Centrum, Nygatan",pm,0.2976
9021302000492000,Tekniska verken,9021302000259000,Källarvägen,pm,0.2969
9021302000492000,Tekniska verken,9021302000261000,Källbo skola,pm,0.2964
9021302000314000,Mellanvik,9021302000523000,Valborg,pm,0.2915
9021302000429000,Torget,9021302000029000,Björkuddsvägen vsk.,pm,0.2898
9021302000396000,Sjukhuset,9021302000308000,"Mariehamn, Bussplan",pm,0.2895
9021302000261000,Källbo skola,9021302000113000,Färjsundsbron,pm,0.2855
9021302000261000,Källbo skola,9021302000342000,Ollas,pm,0.284
9021302000308000,"Mariehamn, Bussplan",9021302000418000,Smedsböle vsk.,pm,0.2815
9021302000662000,"Centrum, Nygatan",9021302000672000,Länsmansgränd,pm,0.2815
9021302000189000,Jomala skola,9021302000435000,Storby,pm,0.28
9021302000668000,Jomala skola södra,9021302000067000,Degersandsvägen vsk.,pm,0.2765
9021302000608000,Övernäs skola,9021302000071000,Doppingvägen,pm,0.2763
9021302000608000,Övernäs skola,9021302000135000,Granö,pm,0.2754
9021302000261000,Källbo skola,9021302000181000,Industrivägen vsk.,pm,0.2752
9021302000123000,Godbyhallen vsk.,9021302000370000,Pålsböle Sarlings,pm,0.2743
9021302000075000,Eckerö färjterminal,9021302000386000,Sandmovägen vsk.,pm,0.2737
9021302000121000,Godby högstadium,9021302000249000,Kungstensvägen vsk.,pm,0.2729
9021302000662000,"Centrum, Nygatan",9021302000135000,Granö,pm,0.2719
9021302000559000,Västra macken,9021302000259000,Källarvägen,pm,0.2719
9021302000439000,Strandnäs,9021302000308000,"Mariehamn, Bussplan",pm,0.2712
9021302000668000,Jomala skola södra,9021302000058000,Böle vsk.,pm,0.2708
9021302000121000,Godby högstadium,9021302000113000,Färjsundsbron,pm,0.2704
9021302000392000,Savoy,9021302000029000,Björkuddsvägen vsk.,pm,0.27
9021302000492000,Tekniska verken,9021302000439000,Strandnäs,pm,0.2694
9021302000616000,Doktorsvägen 1A,9021302000662000,"Centrum, Nygatan",pm,0.2694
9021302000308000,"Mariehamn, Bussplan",9021302000201000,Kastelholm,pm,0.268
9021302000125000,Godbyvägen 1285,9021302000510000,Tosarby vsk.,pm,0.2676
9021302000125000,Godbyvägen 1285,9021302000418000,Smedsböle vsk.,pm,0.2672
9021302000097000,Skrakvägen,9021302000662000,"Centrum, Nygatan",pm,0.2652
9021302000668000,Jomala skola södra,9021302000592000,Öra macken,pm,0.2649
9021302000308000,"Mariehamn, Bussplan",9021302000585000,Ödkarby,pm,0.2647
9021302000668000,Jomala skola södra,9021302000045000,Brinkbacken,pm,0.2645
9021302000075000,Eckerö färjterminal,9021302000209000,Kattby södra,pm,0.2645
9021302000308000,"Mariehamn, Bussplan",9021302000220000,Knutsboda vsk.,pm,0.2641
9021302000121000,Godby högstadium,9021302000161000,Havsvidden vsk.,pm,0.2618
9021302000308000,"Mariehamn, Bussplan",9021302000362000,Prästgården,pm,0.2565
9021302000308000,"Mariehamn, Bussplan",9021302000035000,Bo-Bil,pm,0.2561
9021302000429000,Torget,9021302000492000,Tekniska verken,pm,0.254
9021302000121000,Godby högstadium,9021302000062000,Daglösa,pm,0.254
9021302000189000,Jomala skola,9021302000259000,Källarvägen,pm,0.2536
9021302000308000,"Mariehamn, Bussplan",9021302000557000,Västeränga,pm,0.2531
9021302000429000,Torget,9021302000647000,Lotsgatan,pm,0.253
9021302000368000,Pålsböle daghem,9021302000161000,Havsvidden vsk.,pm,0.2508
9021302000308000,"Mariehamn, Bussplan",9021302000575000,Ämnäsgatan,pm,0.2492
9021302000370000,Pålsböle Sarlings,9021302000161000,Havsvidden vsk.,pm,0.2478
9021302000657000,Kyrkan,9021302000647000,Lotsgatan,pm,0.2474
9021302000207000,Kattby,9021302000306000,Mariavägen vsk.,pm,0.2468
9021302000308000,"Mariehamn, Bussplan",9021302000189000,Jomala skola,pm,0.2466
9021302000608000,Övernäs skola,9021302000662000,"Centrum, Nygatan",pm,0.2454
9021302000308000,"Mariehamn, Bussplan",9021302000510000,Tosarby vsk.,pm,0.2441
9021302000125000,Godbyvägen 1285,9021302000117000,Geta centrum,pm,0.2433
9021302000308000,"Mariehamn, Bussplan",9021302000484000,Södra Finbygatan vsk.,pm,0.2423
9021302000261000,Källbo skola,9021302000318000,Musterivägen vsk.,pm,0.2423
9021302000125000,Godbyvägen 1285,9021302000266000,Labbnäs,pm,0.2407
9021302000392000,Savoy,9021302000427000,Sportkila,pm,0.2402
9021302000125000,Godbyvägen 1285,9021302000049000,Brokärrsvägen vsk.,pm,0.2398
9021302000261000,Källbo skola,9021302000062000,Daglösa,pm,0.238
9021302000115000,GE-huset,9021302000308000,"Mariehamn, Bussplan",pm,0.2373
9021302000121000,Godby högstadium,9021302000154000,Hamnsundsvägen vsk.,pm,0.2368
9021302000543000,Vikingahallen,9021302000185000,Jomala församlingshem,pm,0.2359
9021302000189000,Jomala skola,9021302000457000,Svartsmara,pm,0.2357
9021302000659000,Norragatan,9021302000271000,Langnäs vändplan,pm,0.2341
9021302000261000,Källbo skola,9021302000412000,Slottsvägen vsk.,pm,0.2325
9021302000368000,Pålsböle daghem,9021302000230000,Kroklund,pm,0.232
9021302000668000,Jomala skola södra,9021302000023000,Björkliden,pm,0.2309
9021302000123000,Godbyhallen vsk.,9021302000372000,Pålsbölevägen,pm,0.2309
9021302000308000,"Mariehamn, Bussplan",9021302000453000,Stålsby,pm,0.2306
9021302000123000,Godbyhallen vsk.,9021302000338000,Nääs,pm,0.2301
9021302000543000,Vikingahallen,9021302000187000,Jomala kyrka,pm,0.2299
9021302000370000,Pålsböle Sarlings,9021302000230000,Kroklund,pm,0.229
9021302000308000,"Mariehamn, Bussplan",9021302000545000,Vårdö kyrka,pm,0.2269
9021302000125000,Godbyvägen 1285,9021302000095000,Finströms kyrka,pm,0.2258
9021302000261000,Källbo skola,9021302000154000,Hamnsundsvägen vsk.,pm,0.2253
9021302000121000,Godby högstadium,9021302000168000,Hemdal,pm,0.2237
9021302000189000,Jomala skola,9021302000015000,Bengtsböle,pm,0.2226
9021302000121000,Godby högstadium,9021302000501000,Tobölevägen vsk.,pm,0.2214
9021302000392000,Savoy,9021302000492000,Tekniska verken,pm,0.2213
9021302000362000,Prästgården,9021302000408000,Skolsvängen vsk.,pm,0.2204
9021302000125000,Godbyvägen 1285,9021302000455000,Sundsvägen 871 vsk.,pm,0.2203
9021302000121000,Godby högstadium,9021302000318000,Musterivägen vsk.,pm,0.2191
9021302000125000,Godbyvägen 1285,9021302000484000,Södra Finbygatan vsk.,pm,0.2183
9021302000075000,Eckerö färjterminal,9021302000606000,Överbyvägen vsk.,pm,0.2171
9021302000075000,Eckerö färjterminal,9021302000058000,Böle vsk.,pm,0.2168
9021302000125000,Godbyvägen 1285,9021302000316000,Mickelsö vsk.,pm,0.2156
9021302000449000,Strömsby vsk.,9021302000296000,Lövö,pm,0.2155
9021302000664000,Möckelö Strand,9021302000662000,"Centrum, Nygatan",pm,0.2146
9021302000392000,Savoy,9021302000543000,Vikingahallen,pm,0.2143
9021302000668000,Jomala skola södra,9021302000386000,Sandmovägen vsk.,pm,0.2143
9021302000261000,Källbo skola,9021302000168000,Hemdal,pm,0.2139
9021302000623000,Lindstigen,9021302000662000,"Centrum, Nygatan",pm,0.2132
9021302000230000,Kroklund,9021302000039000,Bolstaholms vsk.,pm,0.2131
9021302000123000,Godbyhallen vsk.,9021302000512000,Tärnebolstad,pm,0.2102
9021302000308000,"Mariehamn, Bussplan",9021302000455000,Sundsvägen 871 vsk.,pm,0.2098
9021302000261000,Källbo skola,9021302000427000,Sportkila,pm,0.2092
9021302000261000,Källbo skola,9021302000501000,Tobölevägen vsk.,pm,0.209
9021302000123000,Godbyhallen vsk.,9021302000447000,Strömma,pm,0.2087
9021302000308000,"Mariehamn, Bussplan",9021302000163000,Hellesby,pm,0.208
9021302000662000,"Centrum, Nygatan",9021302000659000,Norragatan,pm,0.2066
9021302000429000,Torget,9021302000543000,Vikingahallen,pm,0.2066
9021302000189000,Jomala skola,9021302000150000,"Hammarland, Torp",pm,0.2055
9021302000123000,Godbyhallen vsk.,9021302000368000,Pålsböle daghem,pm,0.2022
9021302000308000,"Mariehamn, Bussplan",9021302000520000,Utängarna,pm,0.202
9021302000492000,Tekniska verken,9021302000590000,Önningeby vsk.,pm,0.202
9021302000230000,Kroklund,9021302000308000,"Mariehamn, Bussplan",pm,0.2009
9021302000630000,Kalmarnäs vändplan,9021302000662000,"Centrum, Nygatan",pm,0.1993
9021302000075000,Eckerö färjterminal,9021302000344000,Ollasgatan vsk.,pm,0.1989
9021302000261000,Källbo skola,9021302000370000,Pålsböle Sarlings,pm,0.1987
9021302000567000,Ålandsplan,9021302000662000,"Centrum, Nygatan",pm,0.1981
9021302000620000,Vedhuggsvägen,9021302000662000,"Centrum, Nygatan",pm,0.1977
9021302000490000,Södra Svinövägen vsk.,9021302000236000,Krokstadsvägen vsk.,pm,0.1962
9021302000378000,Rönngården,9021302000308000,"Mariehamn, Bussplan",pm,0.1941
9021302000035000,Bo-Bil,9021302000543000,Vikingahallen,pm,0.194
9021302000662000,"Centrum, Nygatan",9021302000635000,Högbackagatan,pm,0.1936
9021302000261000,Källbo skola,9021302000368000,Pålsböle daghem,pm,0.1936
9021302000308000,"Mariehamn, Bussplan",9021302000606000,Överbyvägen vsk.,pm,0.1916
9021302000308000,"Mariehamn, Bussplan",9021302000052000,Brändövägen vsk.,pm,0.1915
9021302000668000,Jomala skola södra,9021302000304000,Marbyöjen vsk.,pm,0.1899
9021302000308000,"Mariehamn, Bussplan",9021302000486000,Södra Flaka,pm,0.1891
9021302000189000,Jomala skola,9021302000236000,Krokstadsvägen vsk.,pm,0.1878
9021302000429000,Torget,9021302000259000,Källarvägen,pm,0.1866
9021302000668000,Jomala skola södra,9021302000344000,Ollasgatan vsk.,pm,0.1864
9021302000429000,Torget,9021302000646000,Ytternäs skola,pm,0.1848
9021302000181000,Industrivägen vsk.,9021302000308000,"Mariehamn, Bussplan",pm,0.1847
9021302000543000,Vikingahallen,9021302000207000,Kattby,pm,0.1842
9021302000523000,Valborg,9021302000408000,Skolsvängen vsk.,pm,0.1841
9021302000107000,Frebbenby,9021302000606000,Överbyvägen vsk.,pm,0.1838
9021302000115000,GE-huset,9021302000259000,Källarvägen,pm,0.182
9021302000189000,Jomala skola,9021302000067000,Degersandsvägen vsk.,pm,0.1816
9021302000125000,Godbyvägen 1285,9021302000545000,Vårdö kyrka,pm,0.181
9021302000429000,Torget,9021302000255000,Kvarnbo,pm,0.1801
9021302000189000,Jomala skola,9021302000009000,Bamböle,pm,0.18
9021302000662000,"Centrum, Nygatan",9021302000374000,Ringvägen vsk.,pm,0.1796
9021302000668000,Jomala skola södra,9021302000541000,Vestmyravägen vsk. 2,pm,0.1794
9021302000657000,Kyrkan,9021302000646000,Ytternäs skola,pm,0.1793
9021302000392000,Savoy,9021302000412000,Slottsvägen vsk.,pm,0.1788
9021302000189000,Jomala skola,9021302000058000,Böle vsk.,pm,0.1788
9021302000308000,"Mariehamn, Bussplan",9021302000435000,Storby,pm,0.1786
9021302000191000,Jomalaby,9021302000261000,Källbo skola,pm,0.1753
9021302000189000,Jomala skola,9021302000592000,Öra macken,pm,0.1752
9021302000189000,Jomala skola,9021302000045000,Brinkbacken,pm,0.1745
9021302000275000,Lemlands kyrka,9021302000523000,Valborg,pm,0.1723
9021302000312000,Maxinge,9021302000087000,Emkarby,pm,0.1721
9021302000121000,Godby högstadium,9021302000269000,Lafsbölevägen vsk.,pm,0.172
9021302000543000,Vikingahallen,9021302000251000,Kungsö vsk.,pm,0.1714
9021302000107000,Frebbenby,9021302000435000,Storby,pm,0.1712
9021302000396000,Sjukhuset,9021302000622000,Solberget,pm,0.1708
9021302000189000,Jomala skola,9021302000179000,Högbergsvägen vsk.,pm,0.1703
9021302000392000,Savoy,9021302000364000,Prästö,pm,0.1702
9021302000492000,Tekniska verken,9021302000427000,Sportkila,pm,0.1702
9021302000121000,Godby högstadium,9021302000039000,Bolstaholms vsk.,pm,0.1693
9021302000261000,Källbo skola,9021302000372000,Pålsbölevägen,pm,0.169
9021302000662000,"Centrum, Nygatan",9021302000429000,Torget,pm,0.1684
9021302000075000,Eckerö färjterminal,9021302000107000,Frebbenby,pm,0.1683
9021302000189000,Jomala skola,9021302000148000,Hallonstigen,pm,0.1681
9021302000340000,Odalgården,9021302000259000,Källarvägen,pm,0.1677
9021302000185000,Jomala församlingshem,9021302000308000,"Mariehamn, Bussplan",pm,0.1675
9021302000662000,"Centrum, Nygatan",9021302000617000,Lemlandsvägen,pm,0.1652
9021302000659000,Norragatan,9021302000662000,"Centrum, Nygatan",pm,0.1652
9021302000659000,Norragatan,9021302000071000,Doppingvägen,pm,0.1647
9021302000261000,Källbo skola,9021302000269000,Lafsbölevägen vsk.,pm,0.1644
9021302000659000,Norragatan,9021302000135000,Granö,pm,0.1641
9021302000368000,Pålsböle daghem,9021302000039000,Bolstaholms vsk.,pm,0.164
9021302000439000,Strandnäs,9021302000543000,Vikingahallen,pm,0.1639
9021302000308000,"Mariehamn, Bussplan",9021302000049000,Brokärrsvägen vsk.,pm,0.1637
9021302000492000,Tekniska verken,9021302000396000,Sjukhuset,pm,0.1628
9021302000370000,Pålsböle Sarlings,9021302000039000,Bolstaholms vsk.,pm,0.1624
9021302000308000,"Mariehamn, Bussplan",9021302000275000,Lemlands kyrka,pm,0.1621
9021302000324000,Nabben,9021302000523000,Valborg,pm,0.1617
9021302000123000,Godbyhallen vsk.,9021302000525000,Vandö,pm,0.1611
9021302000392000,Savoy,9021302000662000,"Centrum, Nygatan",pm,0.1609
9021302000624000,Stenhuggarvägen,9021302000662000,"Centrum, Nygatan",pm,0.1609
9021302000543000,Vikingahallen,9021302000129000,Gottby by,pm,0.1607
9021302000429000,Torget,9021302000648000,Baltichallen,pm,0.1591
9021302000490000,Södra Svinövägen vsk.,9021302000463000,Svinö färjfäste,pm,0.1587
9021302000123000,Godbyhallen vsk.,9021302000543000,Vikingahallen,pm,0.1586
9021302000418000,Smedsböle vsk.,9021302000364000,Prästö,pm,0.1584
9021302000308000,"Mariehamn, Bussplan",9021302000506000,Torpfjärden,pm,0.1551
9021302000662000,"Centrum, Nygatan",9021302000645000,Havsörnsvägen,pm,0.1547
9021302000125000,Godbyvägen 1285,9021302000322000,Mörslättsvägen vsk.,pm,0.1539
9021302000657000,Kyrkan,9021302000648000,Baltichallen,pm,0.1538
9021302000429000,Torget,9021302000261000,Källbo skola,pm,0.153
9021302000189000,Jomala skola,9021302000023000,Björkliden,pm,0.1528
9021302000075000,Eckerö färjterminal,9021302000207000,Kattby,pm,0.1525
9021302000123000,Godbyhallen vsk.,9021302000497000,Tjudö midsommarstång,pm,0.1524
9021302000125000,Godbyvägen 1285,9021302000478000,Södernäsvägen vsk.,pm,0.1521
9021302000668000,Jomala skola södra,9021302000539000,Vestmyravägen vsk. 1,pm,0.1513
9021302000543000,Vikingahallen,9021302000261000,Källbo skola,pm,0.1509
9021302000564000,Ytternäs skola,9021302000193000,Järsö,pm,0.1507
9021302000121000,Godby högstadium,9021302000181000,Industrivägen vsk.,pm,0.1507
9021302000157000,Haraldsby,9021302000255000,Kvarnbo,pm,0.1506
9021302000189000,Jomala skola,9021302000019000,Bistorpsvägen vsk.,pm,0.1501
9021302000429000,Torget,9021302000340000,Odalgården,pm,0.1489
9021302000564000,Ytternäs skola,9021302000334000,Nåtö by vsk.,pm,0.1484
9021302000289000,Långnäs färjfäste,9021302000308000,"Mariehamn, Bussplan",pm,0.1477
9021302000121000,Godby högstadium,9021302000298000,Mangelbo,pm,0.1473
9021302000312000,Maxinge,9021302000255000,Kvarnbo,pm,0.147
9021302000261000,Källbo skola,9021302000433000,Stenbro vsk.,pm,0.147
9021302000429000,Torget,9021302000439000,Strandnäs,pm,0.1462
9021302000647000,Lotsgatan,9021302000071000,Doppingvägen,pm,0.1462
9021302000121000,Godby högstadium,9021302000368000,Pålsböle daghem,pm,0.1455
9021302000308000,"Mariehamn, Bussplan",9021302000150000,"Hammarland, Torp",pm,0.1452
9021302000559000,Västra macken,9021302000622000,Solberget,pm,0.144
9021302000125000,Godbyvägen 1285,9021302000021000,Bjärström,pm,0.1427
9021302000421000,Solberget södra,9021302000590000,Önningeby vsk.,pm,0.1423
9021302000429000,Torget,9021302000630000,Kalmarnäs vändplan,pm,0.1421
9021302000392000,Savoy,9021302000429000,Torget,pm,0.142
9021302000115000,GE-huset,9021302000590000,Önningeby vsk.,pm,0.1416
9021302000189000,Jomala skola,9021302000386000,Sandmovägen vsk.,pm,0.1413
9021302000071000,Doppingvägen,9021302000623000,Lindstigen,pm,0.141
9021302000543000,Vikingahallen,9021302000107000,Frebbenby,pm,0.1408
9021302000543000,Vikingahallen,9021302000378000,Rönngården,pm,0.1405
9021302000261000,Källbo skola,9021302000118000,Godby centrum,pm,0.1387
9021302000308000,"Mariehamn, Bussplan",9021302000338000,Nääs,pm,0.1383
9021302000011000,Bartsgårda,9021302000117000,Geta centrum,pm,0.1383
9021302000668000,Jomala skola södra,9021302000416000,Smartpark,pm,0.1379
9021302000261000,Källbo skola,9021302000614000,Kulla sund,pm,0.1369
9021302000492000,Tekniska verken,9021302000185000,Jomala församlingshem,pm,0.1368
9021302000121000,Godby högstadium,9021302000352000,Pettböle,pm,0.1357
9021302000564000,Ytternäs skola,9021302000017000,Bergö/Idskärsvägen vsk.,pm,0.1355
9021302000261000,Källbo skola,9021302000298000,Mangelbo,pm,0.1347
9021302000392000,Savoy,9021302000559000,Västra macken,pm,0.1346
9021302000646000,Ytternäs skola,9021302000623000,Lindstigen,pm,0.1341
9021302000392000,Savoy,9021302000441000,Strandnäs hotell,pm,0.1335
9021302000312000,Maxinge,9021302000639000,Hindersbölevägen,pm,0.1326
9021302000662000,"Centrum, Nygatan",9021302000629000,Klintvägen,pm,0.1325
9021302000125000,Godbyvägen 1285,9021302000326000,Nabbenvägen vsk.,pm,0.1325
9021302000183000,Ingby,9021302000308000,"Mariehamn, Bussplan",pm,0.1322
9021302000429000,Torget,9021302000508000,Torrbolstad,pm,0.1316
9021302000308000,"Mariehamn, Bussplan",9021302000512000,Tärnebolstad,pm,0.1313
9021302000011000,Bartsgårda,9021302000266000,Labbnäs,pm,0.1308
9021302000392000,Savoy,9021302000630000,Kalmarnäs vändplan,pm,0.1307
9021302000586000,Ödkarby skola,9021302000214000,Killingholm,pm,0.1303
9021302000429000,Torget,9021302000621000,Övernäsgården,pm,0.1302
9021302000324000,Nabben,9021302000421000,Solberget södra,pm,0.1302
9021302000418000,Smedsböle vsk.,9021302000093000,Finby vsk.,pm,0.1298
9021302000121000,Godby högstadium,9021302000118000,Godby centrum,pm,0.1297
9021302000075000,Eckerö färjterminal,9021302000067000,Degersandsvägen vsk.,pm,0.1296
9021302000308000,"Mariehamn, Bussplan",9021302000113000,Färjsundsbron,pm,0.1294
9021302000492000,Tekniska verken,9021302000412000,Slottsvägen vsk.,pm,0.129
9021302000207000,Kattby,9021302000606000,Överbyvägen vsk.,pm,0.1288
9021302000543000,Vikingahallen,9021302000255000,Kvarnbo,pm,0.1279
9021302000308000,"Mariehamn, Bussplan",9021302000067000,Degersandsvägen vsk.,pm,0.1275
9021302000189000,Jomala skola,9021302000043000,Breidablick,pm,0.1273
9021302000261000,Källbo skola,9021302000352000,Pettböle,pm,0.1268
9021302000308000,"Mariehamn, Bussplan",9021302000447000,Strömma,pm,0.1265
9021302000123000,Godbyhallen vsk.,9021302000611000,Skräddarsvängen vsk.,pm,0.1256
9021302000189000,Jomala skola,9021302000304000,Marbyöjen vsk.,pm,0.1254
9021302000308000,"Mariehamn, Bussplan",9021302000318000,Musterivägen vsk.,pm,0.1245
9021302000191000,Jomalaby,9021302000123000,Godbyhallen vsk.,pm,0.1245
9021302000392000,Savoy,9021302000255000,Kvarnbo,pm,0.1244
9021302000115000,GE-huset,9021302000492000,Tekniska verken,pm,0.1239
9021302000121000,Godby högstadium,9021302000238000,Kullagatan vsk.,pm,0.1235
9021302000125000,Godbyvägen 1285,9021302000318000,Musterivägen vsk.,pm,0.1232
9021302000657000,Kyrkan,9021302000621000,Övernäsgården,pm,0.123
9021302000189000,Jomala skola,9021302000344000,Ollasgatan vsk.,pm,0.123
9021302000308000,"Mariehamn, Bussplan",9021302000567000,Ålandsplan,pm,0.1227
9021302000492000,Tekniska verken,9021302000029000,Björkuddsvägen vsk.,pm,0.1226
9021302000308000,"Mariehamn, Bussplan",9021302000461000,Sviby bro,pm,0.1225
9021302000123000,Godbyhallen vsk.,9021302000109000,Fremmanby,pm,0.1216
9021302000189000,Jomala skola,9021302000234000,Krokstad vsk.,pm,0.1213
9021302000312000,Maxinge,9021302000021000,Bjärström,pm,0.1211
9021302000668000,Jomala skola södra,9021302000127000,Gottby,pm,0.1211
9021302000392000,Savoy,9021302000439000,Strandnäs,pm,0.121
9021302000396000,Sjukhuset,9021302000439000,Strandnäs,pm,0.1206
9021302000392000,Savoy,9021302000433000,Stenbro vsk.,pm,0.1204
9021302000312000,Maxinge,9021302000261000,Källbo skola,pm,0.1199
9021302000439000,Strandnäs,9021302000255000,Kvarnbo,pm,0.1197
9021302000396000,Sjukhuset,9021302000630000,Kalmarnäs vändplan,pm,0.1194
9021302000207000,Kattby,9021302000435000,Storby,pm,0.1194
9021302000429000,Torget,9021302000523000,Valborg,pm,0.1193
9021302000189000,Jomala skola,9021302000261000,Källbo skola,pm,0.1192
9021302000429000,Torget,9021302000396000,Sjukhuset,pm,0.1187
9021302000189000,Jomala skola,9021302000541000,Vestmyravägen vsk. 2,pm,0.1184
9021302000261000,Källbo skola,9021302000238000,Kullagatan vsk.,pm,0.1182
9021302000668000,Jomala skola södra,9021302000400000,Skagvägen vsk.,pm,0.118
9021302000492000,Tekniska verken,9021302000364000,Prästö,pm,0.1178
9021302000187000,Jomala kyrka,9021302000261000,Källbo skola,pm,0.1178
9021302000492000,Tekniska verken,9021302000662000,"Centrum, Nygatan",pm,0.1175
9021302000662000,"Centrum, Nygatan",9021302000632000,Vikingagränd,pm,0.1159
9021302000492000,Tekniska verken,9021302000559000,Västra macken,pm,0.1154
9021302000543000,Vikingahallen,9021302000306000,Mariavägen vsk.,pm,0.1152
9021302000123000,Godbyhallen vsk.,9021302000499000,Tjudö vsk.,pm,0.115
9021302000396000,Sjukhuset,9021302000543000,Vikingahallen,pm,0.1149
9021302000123000,Godbyhallen vsk.,9021302000342000,Ollas,pm,0.1148
9021302000492000,Tekniska verken,9021302000187000,Jomala kyrka,pm,0.1144
9021302000107000,Frebbenby,9021302000592000,Öra macken,pm,0.1142
9021302000121000,Godby högstadium,9021302000370000,Pålsböle Sarlings,pm,0.1133
9021302000312000,Maxinge,9021302000508000,Torrbolstad,pm,0.113
9021302000075000,Eckerö färjterminal,9021302000045000,Brinkbacken,pm,0.1119
9021302000107000,Frebbenby,9021302000058000,Böle vsk.,pm,0.1117
9021302000308000,"Mariehamn, Bussplan",9021302000478000,Södernäsvägen vsk.,pm,0.1114
9021302000308000,"Mariehamn, Bussplan",9021302000058000,Böle vsk.,pm,0.1111
9021302000392000,Savoy,9021302000523000,Valborg,pm,0.1101
9021302000362000,Prästgården,9021302000216000,Klemetsby,pm,0.1098
9021302000439000,Strandnäs,9021302000340000,Odalgården,pm,0.1097
9021302000261000,Källbo skola,9021302000478000,Södernäsvägen vsk.,pm,0.1096
9021302000492000,Tekniska verken,9021302000441000,Strandnäs hotell,pm,0.1091
9021302000308000,"Mariehamn, Bussplan",9021302000525000,Vandö,pm,0.1086
9021302000308000,"Mariehamn, Bussplan",9021302000045000,Brinkbacken,pm,0.1081
9021302000640000,Doktorsvägen 1B/1C,9021302000639000,Hindersbölevägen,pm,0.108
9021302000181000,Industrivägen vsk.,9021302000117000,Geta centrum,pm,0.1078
9021302000075000,Eckerö färjterminal,9021302000400000,Skagvägen vsk.,pm,0.1076
9021302000075000,Eckerö färjterminal,9021302000308000,"Mariehamn, Bussplan",pm,0.1074
9021302000308000,"Mariehamn, Bussplan",9021302000266000,Labbnäs,pm,0.1071
9021302000001000,4H-gården,9021302000261000,Källbo skola,pm,0.107
9021302000261000,Källbo skola,9021302000364000,Prästö,pm,0.1061
9021302000107000,Frebbenby,9021302000045000,Brinkbacken,pm,0.1057
9021302000075000,Eckerö färjterminal,9021302000306000,Mariavägen vsk.,pm,0.1057
9021302000123000,Godbyhallen vsk.,9021302000113000,Färjsundsbron,pm,0.1056
9021302000181000,Industrivägen vsk.,9021302000266000,Labbnäs,pm,0.1054
9021302000308000,"Mariehamn, Bussplan",9021302000117000,Geta centrum,pm,0.1053
9021302000041000,Bomarsunds fästning,9021302000364000,Prästö,pm,0.1045
9021302000392000,Savoy,9021302000396000,Sjukhuset,pm,0.1044
9021302000622000,Solberget,9021302000662000,"Centrum, Nygatan",pm,0.1044
9021302000308000,"Mariehamn, Bussplan",9021302000195000,Kalmsta,pm,0.1041
9021302000125000,Godbyvägen 1285,9021302000249000,Kungstensvägen vsk.,pm,0.1035
9021302000392000,Savoy,9021302000121000,Godby högstadium,pm,0.1031
9021302000261000,Källbo skola,9021302000543000,Vikingahallen,pm,0.1028
9021302000125000,Godbyvägen 1285,9021302000113000,Färjsundsbron,pm,0.1027
9021302000392000,Savoy,9021302000614000,Kulla sund,pm,0.1026
9021302000366000,Prästö färjfäste,9021302000316000,Mickelsö vsk.,pm,0.1023
9021302000362000,Prästgården,9021302000007000,Baltic,pm,0.1021
9021302000567000,Ålandsplan,9021302000308000,"Mariehamn, Bussplan",pm,0.1018
9021302000392000,Savoy,9021302000093000,Finby vsk.,pm,0.1017
9021302000308000,"Mariehamn, Bussplan",9021302000592000,Öra macken,pm,0.1016
9021302000628000,Sälgstigen,9021302000071000,Doppingvägen,pm,0.1015
9021302000115000,GE-huset,9021302000543000,Vikingahallen,pm,0.1014
9021302000629000,Klintvägen,9021302000662000,"Centrum, Nygatan",pm,0.1014
9021302000668000,Jomala skola södra,9021302000073000,Drygsböle,pm,0.1009
9021302000324000,Nabben,9021302000273000,Lemböte vsk.,pm,0.1008
9021302000535000,Vessingsboda,9021302000486000,Södra Flaka,pm,0.1007
9021302000125000,Godbyvägen 1285,9021302000139000,Grelsby vsk.,pm,0.1002
9021302000189000,Jomala skola,9021302000539000,Vestmyravägen vsk. 1,pm,0.1001
9021302000679000,Polishuset,9021302000639000,Hindersbölevägen,pm,0.0999
9021302000429000,Torget,9021302000214000,Killingholm,pm,0.0998
9021302000125000,Godbyvägen 1285,9021302000230000,Kroklund,pm,0.0998
9021302000107000,Frebbenby,9021302000023000,Björkliden,pm,0.0998
9021302000187000,Jomala kyrka,9021302000378000,Rönngården,pm,0.0997
9021302000125000,Godbyvägen 1285,9021302000161000,Havsvidden vsk.,pm,0.0993
9021302000181000,Industrivägen vsk.,9021302000095000,Finströms kyrka,pm,0.0985
9021302000586000,Ödkarby skola,9021302000585000,Ödkarby,pm,0.0981
9021302000396000,Sjukhuset,9021302000340000,Odalgården,pm,0.0976
9021302000461000,Sviby bro,9021302000259000,Källarvägen,pm,0.0968
9021302000118000,Godby centrum,9021302000255000,Kvarnbo,pm,0.0967
9021302000117000,Geta centrum,9021302000308000,"Mariehamn, Bussplan",pm,0.0966
9021302000647000,Lotsgatan,9021302000662000,"Centrum, Nygatan",pm,0.0964
9021302000392000,Savoy,9021302000185000,Jomala församlingshem,pm,0.0962
9021302000564000,Ytternäs skola,9021302000137000,Granö vändplan,pm,0.0961
9021302000226000,Korsbro,9021302000209000,Kattby södra,pm,0.0961
9021302000445000,Strandnäs skola södra,9021302000195000,Kalmsta,pm,0.0958
9021302000308000,"Mariehamn, Bussplan",9021302000497000,Tjudö midsommarstång,pm,0.0951
9021302000543000,Vikingahallen,9021302000508000,Torrbolstad,pm,0.0951
9021302000636000,Backebergs sportfält,9021302000662000,"Centrum, Nygatan",pm,0.0948
9021302000312000,Maxinge,9021302000543000,Vikingahallen,pm,0.0948
9021302000123000,Godbyhallen vsk.,9021302000062000,Daglösa,pm,0.0948
9021302000121000,Godby högstadium,9021302000372000,Pålsbölevägen,pm,0.0947
9021302000567000,Ålandsplan,9021302000259000,Källarvägen,pm,0.0943
9021302000362000,Prästgården,9021302000245000,Kummelören,pm,0.0937
9021302000115000,GE-huset,9021302000429000,Torget,pm,0.0935
9021302000392000,Savoy,9021302000031000,Björkängsvägen vsk.,pm,0.0932
9021302000429000,Torget,9021302000623000,Lindstigen,pm,0.0931
9021302000648000,Baltichallen,9021302000071000,Doppingvägen,pm,0.0925
9021302000308000,"Mariehamn, Bussplan",9021302000095000,Finströms kyrka,pm,0.0924
9021302000392000,Savoy,9021302000508000,Torrbolstad,pm,0.0923
9021302000261000,Källbo skola,9021302000611000,Skräddarsvängen vsk.,pm,0.0922
9021302000340000,Odalgården,9021302000308000,"Mariehamn, Bussplan",pm,0.0921
9021302000344000,Ollasgatan vsk.,9021302000435000,Storby,pm,0.092
9021302000523000,Valborg,9021302000216000,Klemetsby,pm,0.0917
9021302000308000,"Mariehamn, Bussplan",9021302000588000,Öjvägen vsk.,pm,0.0911
9021302000396000,Sjukhuset,9021302000590000,Önningeby vsk.,pm,0.0911
9021302000189000,Jomala skola,9021302000416000,Smartpark,pm,0.0909
9021302000324000,Nabben,9021302000445000,Strandnäs skola södra,pm,0.0907
9021302000308000,"Mariehamn, Bussplan",9021302000386000,Sandmovägen vsk.,pm,0.0904
9021302000115000,GE-huset,9021302000029000,Björkuddsvägen vsk.,pm,0.0902
9021302000662000,"Centrum, Nygatan",9021302000660000,Ålands lyceum,pm,0.0897
9021302000314000,Mellanvik,9021302000535000,Vessingsboda,pm,0.0894
9021302000123000,Godbyhallen vsk.,9021302000154000,Hamnsundsvägen vsk.,pm,0.0894
9021302000123000,Godbyhallen vsk.,9021302000439000,Strandnäs,pm,0.0893
9021302000308000,"Mariehamn, Bussplan",9021302000408000,Skolsvängen vsk.,pm,0.0891
9021302000123000,Godbyhallen vsk.,9021302000429000,Torget,pm,0.089
9021302000439000,Strandnäs,9021302000508000,Torrbolstad,pm,0.0888
9021302000392000,Savoy,9021302000316000,Mickelsö vsk.,pm,0.0887
9021302000657000,Kyrkan,9021302000623000,Lindstigen,pm,0.0887
9021302000121000,Godby högstadium,9021302000586000,Ödkarby skola,pm,0.0887
9021302000121000,Godby högstadium,9021302000566000,Ytterängsvägen vsk.,pm,0.0886
9021302000011000,Bartsgårda,9021302000322000,Mörslättsvägen vsk.,pm,0.0885
9021302000662000,"Centrum, Nygatan",9021302000627000,Cedersvägen,pm,0.088
9021302000312000,Maxinge,9021302000071000,Doppingvägen,pm,0.0879
9021302000308000,"Mariehamn, Bussplan",9021302000324000,Nabben,pm,0.0878
9021302000559000,Västra macken,9021302000630000,Kalmarnäs vändplan,pm,0.0878
9021302000523000,Valborg,9021302000007000,Baltic,pm,0.0877
9021302000662000,"Centrum, Nygatan",9021302000624000,Stenhuggarvägen,pm,0.0876
9021302000445000,Strandnäs skola södra,9021302000639000,Hindersbölevägen,pm,0.0875
9021302000308000,"Mariehamn, Bussplan",9021302000023000,Björkliden,pm,0.087
9021302000115000,GE-huset,9021302000261000,Källbo skola,pm,0.087
9021302000445000,Strandnäs skola södra,9021302000071000,Doppingvägen,pm,0.087
9021302000255000,Kvarnbo,9021302000214000,Killingholm,pm,0.087
9021302000429000,Torget,9021302000157000,Haraldsby,pm,0.0868
9021302000492000,Tekniska verken,9021302000433000,Stenbro vsk.,pm,0.0865
9021302000107000,Frebbenby,9021302000386000,Sandmovägen vsk.,pm,0.0862
9021302000439000,Strandnäs,9021302000261000,Källbo skola,pm,0.0861
9021302000123000,Godbyhallen vsk.,9021302000318000,Musterivägen vsk.,pm,0.0861
9021302000115000,GE-huset,9021302000255000,Kvarnbo,pm,0.0857
9021302000312000,Maxinge,9021302000214000,Killingholm,pm,0.0856
9021302000668000,Jomala skola södra,9021302000666000,Svinryggen,pm,0.0856
9021302000590000,Önningeby vsk.,9021302000029000,Björkuddsvägen vsk.,pm,0.0855
9021302000123000,Godbyhallen vsk.,9021302000168000,Hemdal,pm,0.0852
9021302000261000,Källbo skola,9021302000093000,Finby vsk.,pm,0.085
9021302000189000,Jomala skola,9021302000463000,Svinö färjfäste,pm,0.0848
9021302000261000,Källbo skola,9021302000499000,Tjudö vsk.,pm,0.0847
9021302000564000,Ytternäs skola,9021302000332000,Nåtö biologiska,pm,0.0846
9021302000107000,Frebbenby,9021302000067000,Degersandsvägen vsk.,pm,0.0839
9021302000586000,Ödkarby skola,9021302000453000,Stålsby,pm,0.0837
9021302000115000,GE-huset,9021302000340000,Odalgården,pm,0.0833
9021302000261000,Källbo skola,9021302000566000,Ytterängsvägen vsk.,pm,0.0833
9021302000261000,Källbo skola,9021302000586000,Ödkarby skola,pm,0.0832
9021302000123000,Godbyhallen vsk.,9021302000501000,Tobölevägen vsk.,pm,0.0831
9021302000418000,Smedsböle vsk.,9021302000484000,Södra Finbygatan vsk.,pm,0.083
9021302000362000,Prästgården,9021302000380000,Rörstorp,pm,0.0828
9021302000261000,Källbo skola,9021302000201000,Kastelholm,pm,0.0828
9021302000567000,Ålandsplan,9021302000590000,Önningeby vsk.,pm,0.0827
9021302000035000,Bo-Bil,9021302000185000,Jomala församlingshem,pm,0.0827
9021302000191000,Jomalaby,9021302000266000,Labbnäs,pm,0.0825
9021302000075000,Eckerö färjterminal,9021302000416000,Smartpark,pm,0.0824
9021302000191000,Jomalaby,9021302000117000,Geta centrum,pm,0.0821
9021302000195000,Kalmsta,9021302000590000,Önningeby vsk.,pm,0.082
9021302000123000,Godbyhallen vsk.,9021302000457000,Svartsmara,pm,0.0817
9021302000071000,Doppingvägen,9021302000626000,Källstigen,pm,0.0815
9021302000123000,Godbyhallen vsk.,9021302000340000,Odalgården,pm,0.081
9021302000261000,Källbo skola,9021302000123000,Godbyhallen vsk.,pm,0.081
9021302000492000,Tekniska verken,9021302000121000,Godby högstadium,pm,0.0807
9021302000461000,Sviby bro,9021302000662000,"Centrum, Nygatan",pm,0.0805
9021302000677000,Norrgårdsvägen,9021302000662000,"Centrum, Nygatan",pm,0.0805
9021302000123000,Godbyhallen vsk.,9021302000553000,Västanträsk musteri,pm,0.0805
9021302000625000,Musikinstitutet,9021302000662000,"Centrum, Nygatan",pm,0.0803
9021302000421000,Solberget södra,9021302000029000,Björkuddsvägen vsk.,pm,0.0802
9021302000492000,Tekniska verken,9021302000255000,Kvarnbo,pm,0.08
9021302000418000,Smedsböle vsk.,9021302000316000,Mickelsö vsk.,pm,0.08
9021302000207000,Kattby,9021302000592000,Öra macken,pm,0.0797
9021302000308000,"Mariehamn, Bussplan",9021302000109000,Fremmanby,pm,0.0792
9021302000312000,Maxinge,9021302000596000,Östanåkersvägen vsk.,pm,0.079
9021302000429000,Torget,9021302000441000,Strandnäs hotell,pm,0.0788
9021302000564000,Ytternäs skola,9021302000097000,Skrakvägen,pm,0.0786
9021302000392000,Savoy,9021302000418000,Smedsböle vsk.,pm,0.0785
9021302000189000,Jomala skola,9021302000127000,Gottby,pm,0.0785
9021302000107000,Frebbenby,9021302000304000,Marbyöjen vsk.,pm,0.0785
9021302000523000,Valborg,9021302000245000,Kummelören,pm,0.0783
9021302000646000,Ytternäs skola,9021302000626000,Källstigen,pm,0.078
9021302000308000,"Mariehamn, Bussplan",9021302000344000,Ollasgatan vsk.,pm,0.0779
9021302000189000,Jomala skola,9021302000400000,Skagvägen vsk.,pm,0.0779
9021302000207000,Kattby,9021302000058000,Böle vsk.,pm,0.0779
9021302000308000,"Mariehamn, Bussplan",9021302000421000,Solberget södra,pm,0.0777
9021302000123000,Godbyhallen vsk.,9021302000185000,Jomala församlingshem,pm,0.0775
9021302000071000,Doppingvägen,9021302000097000,Skrakvägen,pm,0.0774
9021302000095000,Finströms kyrka,9021302000117000,Geta centrum,pm,0.0774
9021302000564000,Ytternäs skola,9021302000133000,Granholm,pm,0.0773
9021302000123000,Godbyhallen vsk.,9021302000187000,Jomala kyrka,pm,0.077
9021302000647000,Lotsgatan,9021302000646000,Ytternäs skola,pm,0.0768
9021302000392000,Savoy,9021302000187000,Jomala kyrka,pm,0.0767
9021302000095000,Finströms kyrka,9021302000266000,Labbnäs,pm,0.0767
9021302000362000,Prästgården,9021302000490000,Södra Svinövägen vsk.,pm,0.0764
9021302000035000,Bo-Bil,9021302000187000,Jomala kyrka,pm,0.0762
9021302000543000,Vikingahallen,9021302000163000,Hellesby,pm,0.0762
9021302000392000,Savoy,9021302000209000,Kattby södra,pm,0.076
9021302000011000,Bartsgårda,9021302000326000,Nabbenvägen vsk.,pm,0.076
9021302000191000,Jomalaby,9021302000095000,Finströms kyrka,pm,0.0759
9021302000107000,Frebbenby,9021302000344000,Ollasgatan vsk.,pm,0.0756
9021302000366000,Prästö färjfäste,9021302000545000,Vårdö kyrka,pm,0.0755
9021302000429000,Torget,9021302000273000,Lemböte vsk.,pm,0.0753
9021302000047000,Brobacka vsk.,9021302000308000,"Mariehamn, Bussplan",pm,0.075
9021302000308000,"Mariehamn, Bussplan",9021302000304000,Marbyöjen vsk.,pm,0.0749
9021302000392000,Savoy,9021302000201000,Kastelholm,pm,0.0749
9021302000324000,Nabben,9021302000451000,Strömsnäs,pm,0.0748
9021302000189000,Jomala skola,9021302000165000,Hellestorp,pm,0.0744
9021302000492000,Tekniska verken,9021302000614000,Kulla sund,pm,0.0741
9021302000207000,Kattby,9021302000045000,Brinkbacken,pm,0.074
9021302000308000,"Mariehamn, Bussplan",9021302000342000,Ollas,pm,0.0734
9021302000312000,Maxinge,9021302000640000,Doktorsvägen 1B/1C,pm,0.0734
9021302000429000,Torget,9021302000187000,Jomala kyrka,pm,0.0733
9021302000189000,Jomala skola,9021302000388000,Sandvik,pm,0.0733
9021302000308000,"Mariehamn, Bussplan",9021302000449000,Strömsby vsk.,pm,0.0731
9021302000392000,Savoy,9021302000292000,Lönnhagsvägen,pm,0.0731
9021302000392000,Savoy,9021302000251000,Kungsö vsk.,pm,0.0727
9021302000543000,Vikingahallen,9021302000214000,Killingholm,pm,0.0726
9021302000121000,Godby högstadium,9021302000478000,Södernäsvägen vsk.,pm,0.0726
9021302000312000,Maxinge,9021302000240000,Kullavägen vsk.,pm,0.072
9021302000492000,Tekniska verken,9021302000093000,Finby vsk.,pm,0.0717
9021302000445000,Strandnäs skola södra,9021302000324000,Nabben,pm,0.0713
9021302000312000,Maxinge,9021302000157000,Haraldsby,pm,0.0712
9021302000308000,"Mariehamn, Bussplan",9021302000541000,Vestmyravägen vsk. 2,pm,0.071
9021302000216000,Klemetsby,9021302000577000,Ängösundsvägen vsk.,pm,0.0707
9021302000308000,"Mariehamn, Bussplan",9021302000224000,Kockobacka,pm,0.0704
9021302000123000,Godbyhallen vsk.,9021302000115000,GE-huset,pm,0.0704
9021302000207000,Kattby,9021302000023000,Björkliden,pm,0.0704
9021302000645000,Havsörnsvägen,9021302000662000,"Centrum, Nygatan",pm,0.0703
9021302000011000,Bartsgårda,9021302000308000,"Mariehamn, Bussplan",pm,0.0703
9021302000001000,4H-gården,9021302000123000,Godbyhallen vsk.,pm,0.0702
9021302000392000,Savoy,9021302000214000,Killingholm,pm,0.0699
9021302000370000,Pålsböle Sarlings,9021302000368000,Pålsböle daghem,pm,0.0698
9021302000115000,GE-huset,9021302000439000,Strandnäs,pm,0.0697
9021302000181000,Industrivägen vsk.,9021302000322000,Mörslättsvägen vsk.,pm,0.0697
9021302000392000,Savoy,9021302000273000,Lemböte vsk.,pm,0.0696
9021302000429000,Torget,9021302000097000,Skrakvägen,pm,0.0696
9021302000492000,Tekniska verken,9021302000031000,Björkängsvägen vsk.,pm,0.0696
9021302000523000,Valborg,9021302000380000,Rörstorp,pm,0.0692
9021302000429000,Torget,9021302000559000,Västra macken,pm,0.0691
9021302000326000,Nabbenvägen vsk.,9021302000117000,Geta centrum,pm,0.0689
9021302000418000,Smedsböle vsk.,9021302000545000,Vårdö kyrka,pm,0.0687
9021302000628000,Sälgstigen,9021302000662000,"Centrum, Nygatan",pm,0.0686
9021302000324000,Nabben,9021302000615000,Österkullagatan,pm,0.0685
9021302000392000,Savoy,9021302000510000,Tosarby vsk.,pm,0.0682
9021302000312000,Maxinge,9021302000089000,Emkarby daghem,pm,0.0678
9021302000121000,Godby högstadium,9021302000176000,Hummelskär,pm,0.0678
9021302000392000,Savoy,9021302000484000,Södra Finbygatan vsk.,pm,0.0676
9021302000646000,Ytternäs skola,9021302000628000,Sälgstigen,pm,0.0675
9021302000439000,Strandnäs,9021302000214000,Killingholm,pm,0.0674
9021302000396000,Sjukhuset,9021302000421000,Solberget södra,pm,0.067
9021302000646000,Ytternäs skola,9021302000097000,Skrakvägen,pm,0.0668
9021302000261000,Källbo skola,9021302000510000,Tosarby vsk.,pm,0.0668
9021302000261000,Källbo skola,9021302000418000,Smedsböle vsk.,pm,0.0668
9021302000362000,Prästgården,9021302000577000,Ängösundsvägen vsk.,pm,0.0667
9021302000189000,Jomala skola,9021302000073000,Drygsböle,pm,0.0666
9021302000492000,Tekniska verken,9021302000209000,Kattby södra,pm,0.0665
9021302000543000,Vikingahallen,9021302000606000,Överbyvägen vsk.,pm,0.0662
9021302000035000,Bo-Bil,9021302000261000,Källbo skola,pm,0.0658
9021302000648000,Baltichallen,9021302000647000,Lotsgatan,pm,0.0656
9021302000075000,Eckerö färjterminal,9021302000592000,Öra macken,pm,0.0656
9021302000123000,Godbyhallen vsk.,9021302000269000,Lafsbölevägen vsk.,pm,0.0654
9021302000255000,Kvarnbo,9021302000585000,Ödkarby,pm,0.0654
9021302000314000,Mellanvik,9021302000362000,Prästgården,pm,0.0653
9021302000083000,Eckerö posthus vsk.,9021302000435000,Storby,pm,0.0647
9021302000617000,Lemlandsvägen,9021302000662000,"Centrum, Nygatan",pm,0.0644
9021302000121000,Godby högstadium,9021302000543000,Vikingahallen,pm,0.0643
9021302000230000,Kroklund,9021302000611000,Skräddarsvängen vsk.,pm,0.0643
9021302000125000,Godbyvägen 1285,9021302000039000,Bolstaholms vsk.,pm,0.0642
9021302000314000,Mellanvik,9021302000557000,Västeränga,pm,0.0641
9021302000261000,Källbo skola,9021302000176000,Hummelskär,pm,0.0641
9021302000523000,Valborg,9021302000490000,Södra Svinövägen vsk.,pm,0.0638
9021302000648000,Baltichallen,9021302000662000,"Centrum, Nygatan",pm,0.0636
9021302000123000,Godbyhallen vsk.,9021302000111000,Furuholmen vsk.,pm,0.0635
9021302000492000,Tekniska verken,9021302000292000,Lönnhagsvägen,pm,0.0634
9021302000492000,Tekniska verken,9021302000630000,Kalmarnäs vändplan,pm,0.0634
9021302000115000,GE-huset,9021302000508000,Torrbolstad,pm,0.0633
9021302000392000,Savoy,9021302000545000,Vårdö kyrka,pm,0.0632
9021302000312000,Maxinge,9021302000622000,Solberget,pm,0.0631
9021302000185000,Jomala församlingshem,9021302000187000,Jomala kyrka,pm,0.0631
9021302000261000,Källbo skola,9021302000049000,Brokärrsvägen vsk.,pm,0.063
9021302000622000,Solberget,9021302000630000,Kalmarnäs vändplan,pm,0.0629
9021302000308000,"Mariehamn, Bussplan",9021302000127000,Gottby,pm,0.0625
9021302000543000,Vikingahallen,9021302000157000,Haraldsby,pm,0.062
9021302000326000,Nabbenvägen vsk.,9021302000266000,Labbnäs,pm,0.062
9021302000543000,Vikingahallen,9021302000189000,Jomala skola,pm,0.0618
9021302000157000,Haraldsby,9021302000508000,Torrbolstad,pm,0.0617
9021302000492000,Tekniska verken,9021302000251000,Kungsö vsk.,pm,0.0612
9021302000492000,Tekniska verken,9021302000316000,Mickelsö vsk.,pm,0.0612
9021302000308000,"Mariehamn, Bussplan",9021302000118000,Godby centrum,pm,0.0611
9021302000118000,Godby centrum,9021302000508000,Torrbolstad,pm,0.0609
9021302000157000,Haraldsby,9021302000214000,Killingholm,pm,0.0609
9021302000207000,Kattby,9021302000067000,Degersandsvägen vsk.,pm,0.0609
9021302000559000,Västra macken,9021302000209000,Kattby södra,pm,0.0606
9021302000492000,Tekniska verken,9021302000508000,Torrbolstad,pm,0.0605
9021302000543000,Vikingahallen,9021302000435000,Storby,pm,0.0605
9021302000207000,Kattby,9021302000386000,Sandmovägen vsk.,pm,0.0601
9021302000392000,Savoy,9021302000157000,Haraldsby,pm,0.06
9021302000492000,Tekniska verken,9021302000378000,Rönngården,pm,0.06
9021302000181000,Industrivägen vsk.,9021302000326000,Nabbenvägen vsk.,pm,0.0599
9021302000156000,Hamnterminalen,9021302000071000,Doppingvägen,pm,0.0598
9021302000543000,Vikingahallen,9021302000259000,Källarvägen,pm,0.0598
9021302000125000,Godbyvägen 1285,9021302000449000,Strömsby vsk.,pm,0.0596
9021302000439000,Strandnäs,9021302000187000,Jomala kyrka,pm,0.0595
9021302000123000,Godbyhallen vsk.,9021302000013000,Bartsgårda vsk.,pm,0.0595
9021302000101000,Fjärilsgatan vsk.,9021302000435000,Storby,pm,0.0594
9021302000261000,Källbo skola,9021302000553000,Västanträsk musteri,pm,0.0593
9021302000312000,Maxinge,9021302000324000,Nabben,pm,0.0592
9021302000095000,Finströms kyrka,9021302000308000,"Mariehamn, Bussplan",pm,0.059
9021302000308000,"Mariehamn, Bussplan",9021302000322000,Mörslättsvägen vsk.,pm,0.0588
9021302000392000,Savoy,9021302000455000,Sundsvägen 871 vsk.,pm,0.0586
9021302000429000,Torget,9021302000185000,Jomala församlingshem,pm,0.0586
9021302000429000,Torget,9021302000585000,Ödkarby,pm,0.0585
9021302000191000,Jomalaby,9021302000575000,Ämnäsgatan,pm,0.0585
9021302000492000,Tekniska verken,9021302000358000,Posten,pm,0.0582
9021302000011000,Bartsgårda,9021302000161000,Havsvidden vsk.,pm,0.0582
9021302000308000,"Mariehamn, Bussplan",9021302000230000,Kroklund,pm,0.0579
9021302000439000,Strandnäs,9021302000157000,Haraldsby,pm,0.0579
9021302000312000,Maxinge,9021302000647000,Lotsgatan,pm,0.0579
9021302000261000,Källbo skola,9021302000439000,Strandnäs,pm,0.0579
9021302000559000,Västra macken,9021302000308000,"Mariehamn, Bussplan",pm,0.0578
9021302000261000,Källbo skola,9021302000429000,Torget,pm,0.0578
9021302000255000,Kvarnbo,9021302000453000,Stålsby,pm,0.0578
9021302000322000,Mörslättsvägen vsk.,9021302000117000,Geta centrum,pm,0.0577
9021302000125000,Godbyvägen 1285,9021302000181000,Industrivägen vsk.,pm,0.0576
9021302000308000,"Mariehamn, Bussplan",9021302000416000,Smartpark,pm,0.0575
9021302000257000,Kvarnlyckevägen vsk.,9021302000523000,Valborg,pm,0.0575
9021302000011000,Bartsgårda,9021302000230000,Kroklund,pm,0.0575
9021302000075000,Eckerö färjterminal,9021302000472000,Södergatan vsk.,pm,0.0575
9021302000230000,Kroklund,9021302000499000,Tjudö vsk.,pm,0.0574
9021302000075000,Eckerö färjterminal,9021302000163000,Hellesby,pm,0.0574
9021302000308000,"Mariehamn, Bussplan",9021302000062000,Daglösa,pm,0.0573
9021302000445000,Strandnäs skola södra,9021302000647000,Lotsgatan,pm,0.0573
9021302000374000,Ringvägen vsk.,9021302000071000,Doppingvägen,pm,0.0569
9021302000543000,Vikingahallen,9021302000123000,Godbyhallen vsk.,pm,0.0568
9021302000668000,Jomala skola södra,9021302000292000,Lönnhagsvägen,pm,0.0568
9021302000559000,Västra macken,9021302000292000,Lönnhagsvägen,pm,0.0565
9021302000668000,Jomala skola södra,9021302000472000,Södergatan vsk.,pm,0.0565
9021302000392000,Savoy,9021302000358000,Posten,pm,0.0564
9021302000662000,"Centrum, Nygatan",9021302000492000,Tekniska verken,pm,0.0563
9021302000662000,"Centrum, Nygatan",9021302000292000,Lönnhagsvägen,pm,0.0563
9021302000308000,"Mariehamn, Bussplan",9021302000539000,Vestmyravägen vsk. 1,pm,0.0562
9021302000075000,Eckerö färjterminal,9021302000259000,Källarvägen,pm,0.0561
9021302000679000,Polishuset,9021302000640000,Doktorsvägen 1B/1C,pm,0.056
9021302000324000,Nabben,9021302000639000,Hindersbölevägen,pm,0.056
9021302000123000,Godbyhallen vsk.,9021302000232000,Kroklunds vsk.,pm,0.056
9021302000189000,Jomala skola,9021302000666000,Svinryggen,pm,0.0559
9021302000662000,"Centrum, Nygatan",9021302000559000,Västra macken,pm,0.0558
9021302000559000,Västra macken,9021302000421000,Solberget södra,pm,0.0557
9021302000523000,Valborg,9021302000577000,Ängösundsvägen vsk.,pm,0.0557
9021302000492000,Tekniska verken,9021302000123000,Godbyhallen vsk.,pm,0.0556
9021302000429000,Torget,9021302000626000,Källstigen,pm,0.0555
9021302000492000,Tekniska verken,9021302000418000,Smedsböle vsk.,pm,0.0555
9021302000362000,Prästgården,9021302000003000,Amalia,pm,0.0554
9021302000638000,Uppgårdsvägen 10,9021302000639000,Hindersbölevägen,pm,0.0553
9021302000308000,"Mariehamn, Bussplan",9021302000216000,Klemetsby,pm,0.055
9021302000207000,Kattby,9021302000304000,Marbyöjen vsk.,pm,0.0549
9021302000308000,"Mariehamn, Bussplan",9021302000154000,Hamnsundsvägen vsk.,pm,0.0548
9021302000392000,Savoy,9021302000129000,Gottby by,pm,0.0548
9021302000261000,Källbo skola,9021302000455000,Sundsvägen 871 vsk.,pm,0.0548
9021302000392000,Savoy,9021302000575000,Ämnäsgatan,pm,0.0547
9021302000308000,"Mariehamn, Bussplan",9021302000139000,Grelsby vsk.,pm,0.0546
9021302000308000,"Mariehamn, Bussplan",9021302000168000,Hemdal,pm,0.0545
9021302000261000,Källbo skola,9021302000484000,Södra Finbygatan vsk.,pm,0.0545
9021302000123000,Godbyhallen vsk.,9021302000298000,Mangelbo,pm,0.0544
9021302000107000,Frebbenby,9021302000416000,Smartpark,pm,0.0544
9021302000392000,Savoy,9021302000123000,Godbyhallen vsk.,pm,0.0543
9021302000226000,Korsbro,9021302000207000,Kattby,pm,0.0543
9021302000392000,Savoy,9021302000035000,Bo-Bil,pm,0.0542
9021302000429000,Torget,9021302000451000,Strömsnäs,pm,0.0542
9021302000429000,Torget,9021302000031000,Björkängsvägen vsk.,pm,0.0541
9021302000187000,Jomala kyrka,9021302000123000,Godbyhallen vsk.,pm,0.0541
9021302000125000,Godbyvägen 1285,9021302000118000,Godby centrum,pm,0.0539
9021302000492000,Tekniska verken,9021302000201000,Kastelholm,pm,0.0537
9021302000671000,Dalkullavägen,9021302000662000,"Centrum, Nygatan",pm,0.0537
9021302000259000,Källarvägen,9021302000662000,"Centrum, Nygatan",pm,0.0537
9021302000559000,Västra macken,9021302000251000,Kungsö vsk.,pm,0.0536
9021302000358000,Posten,9021302000662000,"Centrum, Nygatan",pm,0.0536
9021302000396000,Sjukhuset,9021302000029000,Björkuddsvägen vsk.,pm,0.0535
9021302000261000,Källbo skola,9021302000316000,Mickelsö vsk.,pm,0.0534
9021302000071000,Doppingvägen,9021302000423000,Lervik,pm,0.0531
9021302000121000,Godby högstadium,9021302000147000,Haga ringväg,pm,0.053
9021302000041000,Bomarsunds fästning,9021302000316000,Mickelsö vsk.,pm,0.0529
9021302000308000,"Mariehamn, Bussplan",9021302000402000,Skarpans vsk.,pm,0.0527
9021302000207000,Kattby,9021302000344000,Ollasgatan vsk.,pm,0.0527
9021302000306000,Mariavägen vsk.,9021302000107000,Frebbenby,pm,0.0527
9021302000039000,Bolstaholms vsk.,9021302000117000,Geta centrum,pm,0.0527
9021302000657000,Kyrkan,9021302000626000,Källstigen,pm,0.0526
9021302000261000,Källbo skola,9021302000340000,Odalgården,pm,0.0525
9021302000586000,Ödkarby skola,9021302000338000,Nääs,pm,0.0524
9021302000396000,Sjukhuset,9021302000445000,Strandnäs skola södra,pm,0.0523
9021302000429000,Torget,9021302000378000,Rönngården,pm,0.052
9021302000312000,Maxinge,9021302000643000,Örtvägen,pm,0.052
9021302000668000,Jomala skola södra,9021302000080000,Eckerö kyrka,pm,0.052
9021302000121000,Godby högstadium,9021302000611000,Skräddarsvängen vsk.,pm,0.0516
9021302000118000,Godby centrum,9021302000214000,Killingholm,pm,0.0516
9021302000429000,Torget,9021302000193000,Järsö,pm,0.0515
9021302000308000,"Mariehamn, Bussplan",9021302000222000,Knutsbodavägen vsk.,pm,0.0514
9021302000362000,Prästgården,9021302000398000,Skag vsk.,pm,0.0513
9021302000075000,Eckerö färjterminal,9021302000304000,Marbyöjen vsk.,pm,0.0513
9021302000429000,Torget,9021302000453000,Stålsby,pm,0.0509
9021302000567000,Ålandsplan,9021302000029000,Björkuddsvägen vsk.,pm,0.0508
9021302000275000,Lemlands kyrka,9021302000535000,Vessingsboda,pm,0.0508
9021302000308000,"Mariehamn, Bussplan",9021302000326000,Nabbenvägen vsk.,pm,0.0507
9021302000123000,Godbyhallen vsk.,9021302000352000,Pettböle,pm,0.0506
9021302000340000,Odalgården,9021302000543000,Vikingahallen,pm,0.0505
9021302000392000,Savoy,9021302000253000,Kungsövägen vsk.,pm,0.0504
9021302000429000,Torget,9021302000334000,Nåtö by vsk.,pm,0.0504
9021302000123000,Godbyhallen vsk.,9021302000043000,Breidablick,pm,0.0504
9021302000322000,Mörslättsvägen vsk.,9021302000266000,Labbnäs,pm,0.0504
9021302000392000,Savoy,9021302000451000,Strömsnäs,pm,0.0503
9021302000123000,Godbyhallen vsk.,9021302000118000,Godby centrum,pm,0.0503
9021302000191000,Jomalaby,9021302000322000,Mörslättsvägen vsk.,pm,0.0502
9021302000261000,Källbo skola,9021302000185000,Jomala församlingshem,pm,0.0502
9021302000261000,Källbo skola,9021302000147000,Haga ringväg,pm,0.0501
9021302000368000,Pålsböle daghem,9021302000611000,Skräddarsvängen vsk.,pm,0.0501
9021302000189000,Jomala skola,9021302000523000,Valborg,total,12.8398
9021302000662000,"Centrum, Nygatan",9021302000662000,"Centrum, Nygatan",total,11.8045
9021302000523000,Valborg,9021302000189000,Jomala skola,total,9.2067
9021302000312000,Maxinge,9021302000662000,"Centrum, Nygatan",total,6.767
9021302000445000,Strandnäs skola södra,9021302000662000,"Centrum, Nygatan",total,6.6604
9021302000445000,Strandnäs skola södra,9021302000622000,Solberget,total,5.8752
9021302000662000,"Centrum, Nygatan",9021302000312000,Maxinge,total,5.7717
9021302000308000,"Mariehamn, Bussplan",9021302000590000,Önningeby vsk.,total,4.5163
9021302000121000,Godby högstadium,9021302000261000,Källbo skola,total,4.2826
9021302000189000,Jomala skola,9021302000087000,Emkarby,total,4.1689
9021302000123000,Godbyhallen vsk.,9021302000261000,Källbo skola,total,4.1105
9021302000259000,Källarvägen,9021302000308000,"Mariehamn, Bussplan",total,3.9986
9021302000189000,Jomala skola,9021302000535000,Vessingsboda,total,3.8438
9021302000308000,"Mariehamn, Bussplan",9021302000259000,Källarvägen,total,3.7909
9021302000123000,Godbyhallen vsk.,9021302000308000,"Mariehamn, Bussplan",total,3.6878
9021302000087000,Emkarby,9021302000189000,Jomala skola,total,3.5936
9021302000308000,"Mariehamn, Bussplan",9021302000115000,GE-huset,total,3.5323
9021302000261000,Källbo skola,9021302000308000,"Mariehamn, Bussplan",total,3.4311
9021302000662000,"Centrum, Nygatan",9021302000639000,Hindersbölevägen,total,3.3577
9021302000121000,Godby högstadium,9021302000255000,Kvarnbo,total,3.3035
9021302000662000,"Centrum, Nygatan",9021302000445000,Strandnäs skola södra,total,3.2664
9021302000662000,"Centrum, Nygatan",9021302000071000,Doppingvägen,total,3.2088
9021302000261000,Källbo skola,9021302000255000,Kvarnbo,total,3.1608
9021302000445000,Strandnäs skola södra,9021302000630000,Kalmarnäs vändplan,total,3.1234
9021302000590000,Önningeby vsk.,9021302000308000,"Mariehamn, Bussplan",total,3.009
9021302000622000,Solberget,9021302000445000,Strandnäs skola södra,total,2.9747
9021302000308000,"Mariehamn, Bussplan",9021302000261000,Källbo skola,total,2.9481
9021302000189000,Jomala skola,9021302000362000,Prästgården,total,2.9164
9021302000189000,Jomala skola,9021302000021000,Bjärström,total,2.8797
9021302000261000,Källbo skola,9021302000457000,Svartsmara,total,2.8143
9021302000261000,Källbo skola,9021302000121000,Godby högstadium,total,2.8086
9021302000308000,"Mariehamn, Bussplan",9021302000029000,Björkuddsvägen vsk.,total,2.8071
9021302000535000,Vessingsboda,9021302000189000,Jomala skola,total,2.8005
9021302000308000,"Mariehamn, Bussplan",9021302000429000,Torget,total,2.6617
9021302000189000,Jomala skola,9021302000220000,Knutsboda vsk.,total,2.6522
9021302000121000,Godby högstadium,9021302000457000,Svartsmara,total,2.6047
9021302000189000,Jomala skola,9021302000557000,Västeränga,total,2.5501
9021302000021000,Bjärström,9021302000189000,Jomala skola,total,2.4823
9021302000125000,Godbyvägen 1285,9021302000261000,Källbo skola,total,2.4666
9021302000457000,Svartsmara,9021302000261000,Källbo skola,total,2.4259
9021302000115000,GE-huset,9021302000308000,"Mariehamn, Bussplan",total,2.3867
9021302000308000,"Mariehamn, Bussplan",9021302000543000,Vikingahallen,total,2.3659
9021302000209000,Kattby södra,9021302000668000,Jomala skola södra,total,2.3554
9021302000121000,Godby högstadium,9021302000508000,Torrbolstad,total,2.3049
9021302000668000,Jomala skola södra,9021302000209000,Kattby södra,total,2.2943
9021302000071000,Doppingvägen,9021302000662000,"Centrum, Nygatan",total,2.2719
9021302000308000,"Mariehamn, Bussplan",9021302000340000,Odalgården,total,2.2649
9021302000457000,Svartsmara,9021302000121000,Godby högstadium,total,2.2452
9021302000445000,Strandnäs skola södra,9021302000421000,Solberget södra,total,2.2418
9021302000639000,Hindersbölevägen,9021302000662000,"Centrum, Nygatan",total,2.2361
9021302000261000,Källbo skola,9021302000123000,Godbyhallen vsk.,total,2.2343
9021302000308000,"Mariehamn, Bussplan",9021302000123000,Godbyhallen vsk.,total,2.2035
9021302000662000,"Centrum, Nygatan",9021302000622000,Solberget,total,2.1983
9021302000308000,"Mariehamn, Bussplan",9021302000492000,Tekniska verken,total,2.1421
9021302000362000,Prästgården,9021302000189000,Jomala skola,total,2.1323
9021302000261000,Källbo skola,9021302000508000,Torrbolstad,total,2.0558
9021302000662000,"Centrum, Nygatan",9021302000647000,Lotsgatan,total,2.0319
9021302000255000,Kvarnbo,9021302000121000,Godby högstadium,total,1.999
9021302000189000,Jomala skola,9021302000486000,Södra Flaka,total,1.9896
9021302000189000,Jomala skola,9021302000596000,Östanåkersvägen vsk.,total,1.9793
9021302000662000,"Centrum, Nygatan",9021302000640000,Doktorsvägen 1B/1C,total,1.9362
9021302000255000,Kvarnbo,9021302000261000,Källbo skola,total,1.9121
9021302000029000,Björkuddsvägen vsk.,9021302000308000,"Mariehamn, Bussplan",total,1.907
9021302000220000,Knutsboda vsk.,9021302000189000,Jomala skola,total,1.9019
9021302000308000,"Mariehamn, Bussplan",9021302000439000,Strandnäs,total,1.8944
9021302000492000,Tekniska verken,9021302000308000,"Mariehamn, Bussplan",total,1.8877
9021302000121000,Godby högstadium,9021302000214000,Killingholm,total,1.8796
9021302000557000,Västeränga,9021302000189000,Jomala skola,total,1.8623
9021302000429000,Torget,9021302000308000,"Mariehamn, Bussplan",total,1.8391
9021302000308000,"Mariehamn, Bussplan",9021302000189000,Jomala skola,total,1.835
9021302000189000,Jomala skola,9021302000275000,Lemlands kyrka,total,1.8142
9021302000543000,Vikingahallen,9021302000308000,"Mariehamn, Bussplan",total,1.8044
9021302000662000,"Centrum, Nygatan",9021302000664000,Möckelö Strand,total,1.7778
9021302000261000,Källbo skola,9021302000043000,Breidablick,total,1.7601
9021302000121000,Godby högstadium,9021302000308000,"Mariehamn, Bussplan",total,1.7397
9021302000640000,Doktorsvägen 1B/1C,9021302000662000,"Centrum, Nygatan",total,1.7298
9021302000189000,Jomala skola,9021302000240000,Kullavägen vsk.,total,1.7243
9021302000261000,Källbo skola,9021302000214000,Killingholm,total,1.7195
9021302000261000,Källbo skola,9021302000125000,Godbyvägen 1285,total,1.7176
9021302000596000,Östanåkersvägen vsk.,9021302000189000,Jomala skola,total,1.7061
9021302000662000,"Centrum, Nygatan",9021302000324000,Nabben,total,1.6739
9021302000189000,Jomala skola,9021302000089000,Emkarby daghem,total,1.6537
9021302000662000,"Centrum, Nygatan",9021302000646000,Ytternäs skola,total,1.6528
9021302000261000,Källbo skola,9021302000009000,Bamböle,total,1.6179
9021302000121000,Godby högstadium,9021302000043000,Breidablick,total,1.6019
9021302000630000,Kalmarnäs vändplan,9021302000445000,Strandnäs skola södra,total,1.6013
9021302000523000,Valborg,9021302000308000,"Mariehamn, Bussplan",total,1.5858
9021302000121000,Godby högstadium,9021302000157000,Haraldsby,total,1.5807
9021302000209000,Kattby södra,9021302000189000,Jomala skola,total,1.5597
9021302000123000,Godbyhallen vsk.,9021302000117000,Geta centrum,total,1.5579
9021302000121000,Godby högstadium,9021302000009000,Bamböle,total,1.5414
9021302000664000,Möckelö Strand,9021302000662000,"Centrum, Nygatan",total,1.5357
9021302000123000,Godbyhallen vsk.,9021302000266000,Labbnäs,total,1.5353
9021302000324000,Nabben,9021302000662000,"Centrum, Nygatan",total,1.5311
9021302000308000,"Mariehamn, Bussplan",9021302000396000,Sjukhuset,total,1.5237
9021302000189000,Jomala skola,9021302000209000,Kattby södra,total,1.5191
9021302000043000,Breidablick,9021302000261000,Källbo skola,total,1.5172
9021302000261000,Källbo skola,9021302000157000,Haraldsby,total,1.5122
9021302000662000,"Centrum, Nygatan",9021302000630000,Kalmarnäs vändplan,total,1.4938
9021302000240000,Kullavägen vsk.,9021302000189000,Jomala skola,total,1.4864
9021302000486000,Södra Flaka,9021302000189000,Jomala skola,total,1.4573
9021302000608000,Övernäs skola,9021302000193000,Järsö,total,1.4477
9021302000193000,Järsö,9021302000662000,"Centrum, Nygatan",total,1.4442
9021302000123000,Godbyhallen vsk.,9021302000095000,Finströms kyrka,total,1.4406
9021302000662000,"Centrum, Nygatan",9021302000193000,Järsö,total,1.4323
9021302000089000,Emkarby daghem,9021302000189000,Jomala skola,total,1.4255
9021302000608000,Övernäs skola,9021302000334000,Nåtö by vsk.,total,1.4247
9021302000679000,Polishuset,9021302000662000,"Centrum, Nygatan",total,1.4155
9021302000340000,Odalgården,9021302000308000,"Mariehamn, Bussplan",total,1.4143
9021302000334000,Nåtö by vsk.,9021302000662000,"Centrum, Nygatan",total,1.4071
9021302000662000,"Centrum, Nygatan",9021302000334000,Nåtö by vsk.,total,1.4006
9021302000508000,Torrbolstad,9021302000121000,Godby högstadium,total,1.3947
9021302000009000,Bamböle,9021302000261000,Källbo skola,total,1.3946
9021302000662000,"Centrum, Nygatan",9021302000643000,Örtvägen,total,1.3871
9021302000043000,Breidablick,9021302000121000,Godby högstadium,total,1.3808
9021302000193000,Järsö,9021302000608000,Övernäs skola,total,1.3449
9021302000308000,"Mariehamn, Bussplan",9021302000630000,Kalmarnäs vändplan,total,1.3418
9021302000207000,Kattby,9021302000668000,Jomala skola södra,total,1.3305
9021302000009000,Bamböle,9021302000121000,Godby högstadium,total,1.3286
9021302000334000,Nåtö by vsk.,9021302000608000,Övernäs skola,total,1.3194
9021302000647000,Lotsgatan,9021302000662000,"Centrum, Nygatan",total,1.3041
9021302000445000,Strandnäs skola södra,9021302000615000,Österkullagatan,total,1.3021
9021302000608000,Övernäs skola,9021302000017000,Bergö/Idskärsvägen vsk.,total,1.3008
9021302000275000,Lemlands kyrka,9021302000189000,Jomala skola,total,1.2973
9021302000668000,Jomala skola södra,9021302000207000,Kattby,total,1.296
9021302000017000,Bergö/Idskärsvägen vsk.,9021302000662000,"Centrum, Nygatan",total,1.289
9021302000662000,"Centrum, Nygatan",9021302000017000,Bergö/Idskärsvägen vsk.,total,1.2804
9021302000662000,"Centrum, Nygatan",9021302000648000,Baltichallen,total,1.2757
9021302000123000,Godbyhallen vsk.,9021302000255000,Kvarnbo,total,1.2597
9021302000662000,"Centrum, Nygatan",9021302000097000,Skrakvägen,total,1.2436
9021302000508000,Torrbolstad,9021302000261000,Källbo skola,total,1.2434
9021302000251000,Kungsö vsk.,9021302000668000,Jomala skola södra,total,1.2369
9021302000646000,Ytternäs skola,9021302000662000,"Centrum, Nygatan",total,1.2143
9021302000097000,Skrakvägen,9021302000662000,"Centrum, Nygatan",total,1.2083
9021302000017000,Bergö/Idskärsvägen vsk.,9021302000608000,Övernäs skola,total,1.2069
9021302000668000,Jomala skola södra,9021302000251000,Kungsö vsk.,total,1.2052
9021302000548000,Vårdö skola,9021302000449000,Strömsby vsk.,total,1.1946
9021302000308000,"Mariehamn, Bussplan",9021302000308000,"Mariehamn, Bussplan",total,1.1857
9021302000121000,Godby högstadium,9021302000585000,Ödkarby,total,1.1708
9021302000308000,"Mariehamn, Bussplan",9021302000523000,Valborg,total,1.1669
9021302000308000,"Mariehamn, Bussplan",9021302000121000,Godby högstadium,total,1.1646
9021302000129000,Gottby by,9021302000668000,Jomala skola södra,total,1.1574
9021302000421000,Solberget södra,9021302000445000,Strandnäs skola södra,total,1.138
9021302000214000,Killingholm,9021302000121000,Godby högstadium,total,1.1374
9021302000261000,Källbo skola,9021302000117000,Geta centrum,total,1.1373
9021302000439000,Strandnäs,9021302000308000,"Mariehamn, Bussplan",total,1.1306
9021302000668000,Jomala skola södra,9021302000129000,Gottby by,total,1.1275
9021302000261000,Källbo skola,9021302000266000,Labbnäs,total,1.1146
9021302000261000,Källbo skola,9021302000585000,Ödkarby,total,1.0934
9021302000189000,Jomala skola,9021302000408000,Skolsvängen vsk.,total,1.0905
9021302000396000,Sjukhuset,9021302000308000,"Mariehamn, Bussplan",total,1.0842
9021302000261000,Källbo skola,9021302000095000,Finströms kyrka,total,1.0436
9021302000214000,Killingholm,9021302000261000,Källbo skola,total,1.0401
9021302000107000,Frebbenby,9021302000668000,Jomala skola södra,total,1.0164
9021302000662000,"Centrum, Nygatan",9021302000621000,Övernäsgården,total,1.0107
9021302000121000,Godby högstadium,9021302000453000,Stålsby,total,1.0065
9021302000590000,Önningeby vsk.,9021302000189000,Jomala skola,total,1.0045
9021302000123000,Godbyhallen vsk.,9021302000322000,Mörslättsvägen vsk.,total,0.9947
9021302000189000,Jomala skola,9021302000588000,Öjvägen vsk.,total,0.9916
9021302000668000,Jomala skola södra,9021302000107000,Frebbenby,total,0.99
9021302000386000,Sandmovägen vsk.,9021302000435000,Storby,total,0.9768
9021302000121000,Godby högstadium,9021302000123000,Godbyhallen vsk.,total,0.9647
9021302000463000,Svinö färjfäste,9021302000308000,"Mariehamn, Bussplan",total,0.9569
9021302000157000,Haraldsby,9021302000121000,Godby högstadium,total,0.9565
9021302000308000,"Mariehamn, Bussplan",9021302000187000,Jomala kyrka,total,0.9545
9021302000435000,Storby,9021302000386000,Sandmovägen vsk.,total,0.9531
9021302000630000,Kalmarnäs vändplan,9021302000308000,"Mariehamn, Bussplan",total,0.9375
9021302000261000,Källbo skola,9021302000453000,Stålsby,total,0.9348
9021302000608000,Övernäs skola,9021302000137000,Granö vändplan,total,0.9229
9021302000157000,Haraldsby,9021302000261000,Källbo skola,total,0.9147
9021302000137000,Granö vändplan,9021302000662000,"Centrum, Nygatan",total,0.9111
9021302000662000,"Centrum, Nygatan",9021302000137000,Granö vändplan,total,0.9054
9021302000662000,"Centrum, Nygatan",9021302000633000,Bolstavägen,total,0.9047
9021302000308000,"Mariehamn, Bussplan",9021302000668000,Jomala skola södra,total,0.9011
9021302000449000,Strömsby vsk.,9021302000548000,Vårdö skola,total,0.8985
9021302000308000,"Mariehamn, Bussplan",9021302000185000,Jomala församlingshem,total,0.8948
9021302000125000,Godbyvägen 1285,9021302000412000,Slottsvägen vsk.,total,0.8922
9021302000209000,Kattby södra,9021302000308000,"Mariehamn, Bussplan",total,0.8902
9021302000189000,Jomala skola,9021302000216000,Klemetsby,total,0.8841
9021302000207000,Kattby,9021302000189000,Jomala skola,total,0.8813
9021302000662000,"Centrum, Nygatan",9021302000679000,Polishuset,total,0.8771
9021302000308000,"Mariehamn, Bussplan",9021302000392000,Savoy,total,0.8721
9021302000643000,Örtvägen,9021302000662000,"Centrum, Nygatan",total,0.8719
9021302000362000,Prästgården,9021302000535000,Vessingsboda,total,0.8648
9021302000659000,Norragatan,9021302000193000,Järsö,total,0.8625
9021302000662000,"Centrum, Nygatan",9021302000623000,Lindstigen,total,0.8609
9021302000308000,"Mariehamn, Bussplan",9021302000427000,Sportkila,total,0.8605
9021302000189000,Jomala skola,9021302000207000,Kattby,total,0.8583
9021302000137000,Granö vändplan,9021302000608000,Övernäs skola,total,0.8561
9021302000123000,Godbyhallen vsk.,9021302000326000,Nabbenvägen vsk.,total,0.8559
9021302000292000,Lönnhagsvägen,9021302000308000,"Mariehamn, Bussplan",total,0.8493
9021302000659000,Norragatan,9021302000334000,Nåtö by vsk.,total,0.8486
9021302000662000,"Centrum, Nygatan",9021302000421000,Solberget södra,total,0.8448
9021302000308000,"Mariehamn, Bussplan",9021302000209000,Kattby södra,total,0.844
9021302000123000,Godbyhallen vsk.,9021302000508000,Torrbolstad,total,0.8428
9021302000125000,Godbyvägen 1285,9021302000427000,Sportkila,total,0.8412
9021302000633000,Bolstavägen,9021302000662000,"Centrum, Nygatan",total,0.8396
9021302000251000,Kungsö vsk.,9021302000308000,"Mariehamn, Bussplan",total,0.8335
9021302000306000,Mariavägen vsk.,9021302000668000,Jomala skola södra,total,0.8323
9021302000648000,Baltichallen,9021302000662000,"Centrum, Nygatan",total,0.8206
9021302000622000,Solberget,9021302000662000,"Centrum, Nygatan",total,0.8167
9021302000308000,"Mariehamn, Bussplan",9021302000255000,Kvarnbo,total,0.8126
9021302000608000,Övernäs skola,9021302000332000,Nåtö biologiska,total,0.8126
9021302000668000,Jomala skola södra,9021302000306000,Mariavägen vsk.,total,0.8107
9021302000668000,Jomala skola södra,9021302000308000,"Mariehamn, Bussplan",total,0.8096
9021302000408000,Skolsvängen vsk.,9021302000189000,Jomala skola,total,0.8075
9021302000332000,Nåtö biologiska,9021302000662000,"Centrum, Nygatan",total,0.8062
9021302000308000,"Mariehamn, Bussplan",9021302000292000,Lönnhagsvägen,total,0.8051
9021302000662000,"Centrum, Nygatan",9021302000332000,Nåtö biologiska,total,0.8022
9021302000193000,Järsö,9021302000659000,Norragatan,total,0.8009
9021302000392000,Savoy,9021302000308000,"Mariehamn, Bussplan",total,0.7977
9021302000308000,"Mariehamn, Bussplan",9021302000559000,Västra macken,total,0.7962
9021302000251000,Kungsö vsk.,9021302000189000,Jomala skola,total,0.7939
9021302000308000,"Mariehamn, Bussplan",9021302000251000,Kungsö vsk.,total,0.7902
9021302000334000,Nåtö by vsk.,9021302000659000,Norragatan,total,0.7855
9021302000659000,Norragatan,9021302000017000,Bergö/Idskärsvägen vsk.,total,0.7749
9021302000189000,Jomala skola,9021302000251000,Kungsö vsk.,total,0.7734
9021302000187000,Jomala kyrka,9021302000308000,"Mariehamn, Bussplan",total,0.7641
9021302000255000,Kvarnbo,9021302000123000,Godbyhallen vsk.,total,0.7602
9021302000608000,Övernäs skola,9021302000097000,Skrakvägen,total,0.7558
9021302000332000,Nåtö biologiska,9021302000608000,Övernäs skola,total,0.7522
9021302000129000,Gottby by,9021302000189000,Jomala skola,total,0.7505
9021302000230000,Kroklund,9021302000117000,Geta centrum,total,0.7486
9021302000117000,Geta centrum,9021302000123000,Godbyhallen vsk.,total,0.7436
9021302000608000,Övernäs skola,9021302000133000,Granholm,total,0.7429
9021302000189000,Jomala skola,9021302000308000,"Mariehamn, Bussplan",total,0.7425
9021302000662000,"Centrum, Nygatan",9021302000638000,Uppgårdsvägen 10,total,0.7422
9021302000266000,Labbnäs,9021302000123000,Godbyhallen vsk.,total,0.7375
9021302000133000,Granholm,9021302000662000,"Centrum, Nygatan",total,0.7363
9021302000125000,Godbyvägen 1285,9021302000121000,Godby högstadium,total,0.7361
9021302000261000,Källbo skola,9021302000322000,Mörslättsvägen vsk.,total,0.7357
9021302000523000,Valborg,9021302000535000,Vessingsboda,total,0.7348
9021302000662000,"Centrum, Nygatan",9021302000133000,Granholm,total,0.7334
9021302000189000,Jomala skola,9021302000129000,Gottby by,total,0.731
9021302000308000,"Mariehamn, Bussplan",9021302000441000,Strandnäs hotell,total,0.7289
9021302000308000,"Mariehamn, Bussplan",9021302000273000,Lemböte vsk.,total,0.7202
9021302000017000,Bergö/Idskärsvägen vsk.,9021302000659000,Norragatan,total,0.7185
9021302000095000,Finströms kyrka,9021302000123000,Godbyhallen vsk.,total,0.717
9021302000189000,Jomala skola,9021302000224000,Kockobacka,total,0.7122
9021302000564000,Ytternäs skola,9021302000662000,"Centrum, Nygatan",total,0.7111
9021302000585000,Ödkarby,9021302000121000,Godby högstadium,total,0.7085
9021302000608000,Övernäs skola,9021302000564000,Ytternäs skola,total,0.7084
9021302000588000,Öjvägen vsk.,9021302000189000,Jomala skola,total,0.708
9021302000644000,Strandgränd,9021302000662000,"Centrum, Nygatan",total,0.7078
9021302000324000,Nabben,9021302000590000,Önningeby vsk.,total,0.7068
9021302000638000,Uppgårdsvägen 10,9021302000662000,"Centrum, Nygatan",total,0.7008
9021302000662000,"Centrum, Nygatan",9021302000564000,Ytternäs skola,total,0.7003
9021302000097000,Skrakvägen,9021302000608000,Övernäs skola,total,0.6976
9021302000123000,Godbyhallen vsk.,9021302000214000,Killingholm,total,0.6932
9021302000133000,Granholm,9021302000608000,Övernäs skola,total,0.6871
9021302000123000,Godbyhallen vsk.,9021302000230000,Kroklund,total,0.6769
9021302000123000,Godbyhallen vsk.,9021302000139000,Grelsby vsk.,total,0.6748
9021302000107000,Frebbenby,9021302000189000,Jomala skola,total,0.6728
9021302000412000,Slottsvägen vsk.,9021302000125000,Godbyvägen 1285,total,0.6706
9021302000125000,Godbyvägen 1285,9021302000123000,Godbyhallen vsk.,total,0.6674
9021302000427000,Sportkila,9021302000308000,"Mariehamn, Bussplan",total,0.6647
9021302000615000,Österkullagatan,9021302000445000,Strandnäs skola södra,total,0.6638
9021302000630000,Kalmarnäs vändplan,9021302000662000,"Centrum, Nygatan",total,0.6626
9021302000123000,Godbyhallen vsk.,9021302000249000,Kungstensvägen vsk.,total,0.6626
9021302000585000,Ödkarby,9021302000261000,Källbo skola,total,0.6614
9021302000125000,Godbyvägen 1285,9021302000308000,"Mariehamn, Bussplan",total,0.6607
9021302000308000,"Mariehamn, Bussplan",9021302000358000,Posten,total,0.6586
9021302000623000,Lindstigen,9021302000662000,"Centrum, Nygatan",total,0.656
9021302000189000,Jomala skola,9021302000107000,Frebbenby,total,0.6552
9021302000564000,Ytternäs skola,9021302000608000,Övernäs skola,total,0.6544
9021302000523000,Valborg,9021302000362000,Prästgården,total,0.6521
9021302000358000,Posten,9021302000308000,"Mariehamn, Bussplan",total,0.6445
9021302000121000,Godby högstadium,9021302000117000,Geta centrum,total,0.6417
9021302000123000,Godbyhallen vsk.,9021302000161000,Havsvidden vsk.,total,0.6395
9021302000308000,"Mariehamn, Bussplan",9021302000412000,Slottsvägen vsk.,total,0.6386
9021302000191000,Jomalaby,9021302000308000,"Mariehamn, Bussplan",total,0.636
9021302000216000,Klemetsby,9021302000189000,Jomala skola,total,0.636
9021302000230000,Kroklund,9021302000266000,Labbnäs,total,0.6346
9021302000121000,Godby högstadium,9021302000266000,Labbnäs,total,0.6343
9021302000129000,Gottby by,9021302000308000,"Mariehamn, Bussplan",total,0.6331
9021302000261000,Källbo skola,9021302000326000,Nabbenvägen vsk.,total,0.6327
9021302000427000,Sportkila,9021302000125000,Godbyvägen 1285,total,0.6321
9021302000368000,Pålsböle daghem,9021302000117000,Geta centrum,total,0.6285
9021302000370000,Pålsböle Sarlings,9021302000117000,Geta centrum,total,0.6265
9021302000396000,Sjukhuset,9021302000662000,"Centrum, Nygatan",total,0.6263
9021302000662000,"Centrum, Nygatan",9021302000616000,Doktorsvägen 1A,total,0.6257
9021302000370000,Pålsböle Sarlings,9021302000266000,Labbnäs,total,0.6212
9021302000621000,Övernäsgården,9021302000662000,"Centrum, Nygatan",total,0.6199
9021302000368000,Pålsböle daghem,9021302000266000,Labbnäs,total,0.6189
9021302000121000,Godby högstadium,9021302000338000,Nääs,total,0.6143
9021302000535000,Vessingsboda,9021302000362000,Prästgården,total,0.6137
9021302000308000,"Mariehamn, Bussplan",9021302000364000,Prästö,total,0.6106
9021302000453000,Stålsby,9021302000121000,Godby högstadium,total,0.6091
9021302000123000,Godbyhallen vsk.,9021302000157000,Haraldsby,total,0.6056
9021302000559000,Västra macken,9021302000308000,"Mariehamn, Bussplan",total,0.6008
9021302000308000,"Mariehamn, Bussplan",9021302000129000,Gottby by,total,0.6002
9021302000308000,"Mariehamn, Bussplan",9021302000508000,Torrbolstad,total,0.5963
9021302000121000,Godby högstadium,9021302000095000,Finströms kyrka,total,0.595
9021302000662000,"Centrum, Nygatan",9021302000396000,Sjukhuset,total,0.5908
9021302000253000,Kungsövägen vsk.,9021302000308000,"Mariehamn, Bussplan",total,0.5908
9021302000662000,"Centrum, Nygatan",9021302000644000,Strandgränd,total,0.5881
9021302000548000,Vårdö skola,9021302000296000,Lövö,total,0.5837
9021302000616000,Doktorsvägen 1A,9021302000662000,"Centrum, Nygatan",total,0.5825
9021302000123000,Godbyhallen vsk.,9021302000121000,Godby högstadium,total,0.5817
9021302000261000,Källbo skola,9021302000338000,Nääs,total,0.5788
9021302000189000,Jomala skola,9021302000360000,Postgärdsvägen vsk.,total,0.5764
9021302000125000,Godbyvägen 1285,9021302000433000,Stenbro vsk.,total,0.5694
9021302000121000,Godby högstadium,9021302000512000,Tärnebolstad,total,0.5689
9021302000453000,Stålsby,9021302000261000,Källbo skola,total,0.5655
9021302000185000,Jomala församlingshem,9021302000308000,"Mariehamn, Bussplan",total,0.5643
9021302000308000,"Mariehamn, Bussplan",9021302000253000,Kungsövägen vsk.,total,0.5615
9021302000261000,Källbo skola,9021302000230000,Kroklund,total,0.5576
9021302000117000,Geta centrum,9021302000261000,Källbo skola,total,0.5564
9021302000121000,Godby högstadium,9021302000125000,Godbyvägen 1285,total,0.554
9021302000121000,Godby högstadium,9021302000447000,Strömma,total,0.5539
9021302000306000,Mariavägen vsk.,9021302000189000,Jomala skola,total,0.5511
9021302000362000,Prästgården,9021302000557000,Västeränga,total,0.5508
9021302000163000,Hellesby,9021302000668000,Jomala skola södra,total,0.5499
9021302000659000,Norragatan,9021302000137000,Granö vändplan,total,0.5496
9021302000535000,Vessingsboda,9021302000523000,Valborg,total,0.5476
9021302000029000,Björkuddsvägen vsk.,9021302000189000,Jomala skola,total,0.5474
9021302000266000,Labbnäs,9021302000261000,Källbo skola,total,0.5462
9021302000261000,Källbo skola,9021302000139000,Grelsby vsk.,total,0.5441
9021302000308000,"Mariehamn, Bussplan",9021302000378000,Rönngården,total,0.5439
9021302000646000,Ytternäs skola,9021302000071000,Doppingvägen,total,0.5367
9021302000189000,Jomala skola,9021302000306000,Mariavägen vsk.,total,0.5367
9021302000668000,Jomala skola södra,9021302000163000,Hellesby,total,0.5357
9021302000441000,Strandnäs hotell,9021302000308000,"Mariehamn, Bussplan",total,0.5338
9021302000662000,"Centrum, Nygatan",9021302000271000,Langnäs vändplan,total,0.5321
9021302000095000,Finströms kyrka,9021302000261000,Källbo skola,total,0.5316
9021302000189000,Jomala skola,9021302000577000,Ängösundsvägen vsk.,total,0.5308
9021302000189000,Jomala skola,9021302000245000,Kummelören,total,0.5284
9021302000435000,Storby,9021302000075000,Eckerö färjterminal,total,0.528
9021302000035000,Bo-Bil,9021302000308000,"Mariehamn, Bussplan",total,0.5261
9021302000261000,Källbo skola,9021302000447000,Strömma,total,0.5256
9021302000125000,Godbyvägen 1285,9021302000614000,Kulla sund,total,0.5235
9021302000308000,"Mariehamn, Bussplan",9021302000451000,Strömsnäs,total,0.5222
9021302000261000,Källbo skola,9021302000512000,Tärnebolstad,total,0.5219
9021302000662000,"Centrum, Nygatan",9021302000615000,Österkullagatan,total,0.5198
9021302000075000,Eckerö färjterminal,9021302000435000,Storby,total,0.5147
9021302000207000,Kattby,9021302000308000,"Mariehamn, Bussplan",total,0.5141
9021302000137000,Granö vändplan,9021302000659000,Norragatan,total,0.5096
9021302000189000,Jomala skola,9021302000222000,Knutsbodavägen vsk.,total,0.5091
9021302000508000,Torrbolstad,9021302000123000,Godbyhallen vsk.,total,0.5084
9021302000224000,Kockobacka,9021302000189000,Jomala skola,total,0.5079
9021302000255000,Kvarnbo,9021302000308000,"Mariehamn, Bussplan",total,0.5056
9021302000360000,Postgärdsvägen vsk.,9021302000189000,Jomala skola,total,0.4969
9021302000662000,"Centrum, Nygatan",9021302000358000,Posten,total,0.4939
9021302000412000,Slottsvägen vsk.,9021302000308000,"Mariehamn, Bussplan",total,0.4933
9021302000189000,Jomala skola,9021302000007000,Baltic,total,0.49
9021302000273000,Lemböte vsk.,9021302000308000,"Mariehamn, Bussplan",total,0.4899
9021302000308000,"Mariehamn, Bussplan",9021302000207000,Kattby,total,0.4892
9021302000429000,Torget,9021302000662000,"Centrum, Nygatan",total,0.4887
9021302000659000,Norragatan,9021302000332000,Nåtö biologiska,total,0.4841
9021302000261000,Källbo skola,9021302000249000,Kungstensvägen vsk.,total,0.4818
9021302000322000,Mörslättsvägen vsk.,9021302000123000,Godbyhallen vsk.,total,0.4805
9021302000535000,Vessingsboda,9021302000308000,"Mariehamn, Bussplan",total,0.4772
9021302000606000,Överbyvägen vsk.,9021302000668000,Jomala skola södra,total,0.4771
9021302000364000,Prästö,9021302000308000,"Mariehamn, Bussplan",total,0.4717
9021302000261000,Källbo skola,9021302000161000,Havsvidden vsk.,total,0.4708
9021302000523000,Valborg,9021302000557000,Västeränga,total,0.4705
9021302000189000,Jomala skola,9021302000141000,Gölby,total,0.4685
9021302000668000,Jomala skola södra,9021302000606000,Överbyvägen vsk.,total,0.4647
9021302000662000,"Centrum, Nygatan",9021302000626000,Källstigen,total,0.4603
9021302000292000,Lönnhagsvägen,9021302000662000,"Centrum, Nygatan",total,0.4576
9021302000429000,Torget,9021302000590000,Önningeby vsk.,total,0.4527
9021302000308000,"Mariehamn, Bussplan",9021302000214000,Killingholm,total,0.4522
9021302000189000,Jomala skola,9021302000668000,Jomala skola södra,total,0.4521
9021302000659000,Norragatan,9021302000097000,Skrakvägen,total,0.4501
9021302000362000,Prästgården,9021302000486000,Södra Flaka,total,0.4484
9021302000358000,Posten,9021302000662000,"Centrum, Nygatan",total,0.4481
9021302000332000,Nåtö biologiska,9021302000659000,Norragatan,total,0.4479
9021302000590000,Önningeby vsk.,9021302000324000,Nabben,total,0.4429
9021302000659000,Norragatan,9021302000133000,Granholm,total,0.4426
9021302000308000,"Mariehamn, Bussplan",9021302000031000,Björkängsvägen vsk.,total,0.4421
9021302000668000,Jomala skola södra,9021302000189000,Jomala skola,total,0.4405
9021302000296000,Lövö,9021302000548000,Vårdö skola,total,0.439
9021302000121000,Godby högstadium,9021302000525000,Vandö,total,0.4384
9021302000370000,Pålsböle Sarlings,9021302000308000,"Mariehamn, Bussplan",total,0.437
9021302000123000,Godbyhallen vsk.,9021302000585000,Ödkarby,total,0.4362
9021302000435000,Storby,9021302000668000,Jomala skola södra,total,0.4359
9021302000123000,Godbyhallen vsk.,9021302000125000,Godbyvägen 1285,total,0.4338
9021302000189000,Jomala skola,9021302000490000,Södra Svinövägen vsk.,total,0.433
9021302000662000,"Centrum, Nygatan",9021302000628000,Sälgstigen,total,0.4307
9021302000392000,Savoy,9021302000590000,Önningeby vsk.,total,0.4307
9021302000308000,"Mariehamn, Bussplan",9021302000433000,Stenbro vsk.,total,0.4301
9021302000125000,Godbyvägen 1285,9021302000364000,Prästö,total,0.4291
9021302000433000,Stenbro vsk.,9021302000125000,Godbyvägen 1285,total,0.4279
9021302000668000,Jomala skola södra,9021302000435000,Storby,total,0.4246
9021302000659000,Norragatan,9021302000564000,Ytternäs skola,total,0.4219
9021302000214000,Killingholm,9021302000123000,Godbyhallen vsk.,total,0.4183
9021302000362000,Prästgården,9021302000523000,Valborg,total,0.4177
9021302000097000,Skrakvägen,9021302000659000,Norragatan,total,0.4154
9021302000662000,"Centrum, Nygatan",9021302000625000,Musikinstitutet,total,0.4144
9021302000326000,Nabbenvägen vsk.,9021302000123000,Godbyhallen vsk.,total,0.4136
9021302000392000,Savoy,9021302000115000,GE-huset,total,0.4128
9021302000123000,Godbyhallen vsk.,9021302000039000,Bolstaholms vsk.,total,0.4128
9021302000121000,Godby högstadium,9021302000497000,Tjudö midsommarstång,total,0.4112
9021302000133000,Granholm,9021302000659000,Norragatan,total,0.4092
9021302000324000,Nabben,9021302000029000,Björkuddsvägen vsk.,total,0.4071
9021302000107000,Frebbenby,9021302000308000,"Mariehamn, Bussplan",total,0.4055
9021302000121000,Godby högstadium,9021302000322000,Mörslättsvägen vsk.,total,0.4052
9021302000189000,Jomala skola,9021302000380000,Rörstorp,total,0.404
9021302000141000,Gölby,9021302000189000,Jomala skola,total,0.4039
9021302000259000,Källarvägen,9021302000668000,Jomala skola södra,total,0.4035
9021302000577000,Ängösundsvägen vsk.,9021302000189000,Jomala skola,total,0.4008
9021302000271000,Langnäs vändplan,9021302000662000,"Centrum, Nygatan",total,0.4002
9021302000261000,Källbo skola,9021302000525000,Vandö,total,0.3973
9021302000668000,Jomala skola södra,9021302000259000,Källarvägen,total,0.397
9021302000678000,Långnäs hamn,9021302000308000,"Mariehamn, Bussplan",total,0.3936
9021302000614000,Kulla sund,9021302000125000,Godbyvägen 1285,total,0.3935
9021302000368000,Pålsböle daghem,9021302000308000,"Mariehamn, Bussplan",total,0.3932
9021302000608000,Övernäs skola,9021302000271000,Langnäs vändplan,total,0.3931
9021302000557000,Västeränga,9021302000362000,Prästgården,total,0.3925
9021302000308000,"Mariehamn, Bussplan",9021302000157000,Haraldsby,total,0.3921
9021302000564000,Ytternäs skola,9021302000659000,Norragatan,total,0.3897
9021302000308000,"Mariehamn, Bussplan",9021302000107000,Frebbenby,total,0.3863
9021302000523000,Valborg,9021302000486000,Södra Flaka,total,0.3827
9021302000245000,Kummelören,9021302000189000,Jomala skola,total,0.3827
9021302000662000,"Centrum, Nygatan",9021302000429000,Torget,total,0.3815
9021302000392000,Savoy,9021302000261000,Källbo skola,total,0.3807
9021302000261000,Källbo skola,9021302000497000,Tjudö midsommarstång,total,0.3805
9021302000123000,Godbyhallen vsk.,9021302000453000,Stålsby,total,0.3738
9021302000117000,Geta centrum,9021302000230000,Kroklund,total,0.3731
9021302000123000,Godbyhallen vsk.,9021302000181000,Industrivägen vsk.,total,0.3725
9021302000338000,Nääs,9021302000121000,Godby högstadium,total,0.3718
9021302000559000,Västra macken,9021302000662000,"Centrum, Nygatan",total,0.3717
9021302000508000,Torrbolstad,9021302000308000,"Mariehamn, Bussplan",total,0.3708
9021302000378000,Rönngården,9021302000308000,"Mariehamn, Bussplan",total,0.3686
9021302000220000,Knutsboda vsk.,9021302000308000,"Mariehamn, Bussplan",total,0.3681
9021302000308000,"Mariehamn, Bussplan",9021302000614000,Kulla sund,total,0.3662
9021302000157000,Haraldsby,9021302000123000,Godbyhallen vsk.,total,0.3654
9021302000308000,"Mariehamn, Bussplan",9021302000125000,Godbyvägen 1285,total,0.3649
9021302000308000,"Mariehamn, Bussplan",9021302000093000,Finby vsk.,total,0.3647
9021302000362000,Prästgården,9021302000308000,"Mariehamn, Bussplan",total,0.3645
9021302000222000,Knutsbodavägen vsk.,9021302000189000,Jomala skola,total,0.364
9021302000163000,Hellesby,9021302000189000,Jomala skola,total,0.3633
9021302000322000,Mörslättsvägen vsk.,9021302000261000,Källbo skola,total,0.3631
9021302000492000,Tekniska verken,9021302000340000,Odalgården,total,0.3628
9021302000271000,Langnäs vändplan,9021302000608000,Övernäs skola,total,0.3612
9021302000429000,Torget,9021302000071000,Doppingvägen,total,0.3609
9021302000007000,Baltic,9021302000189000,Jomala skola,total,0.3606
9021302000520000,Utängarna,9021302000668000,Jomala skola södra,total,0.3593
9021302000557000,Västeränga,9021302000308000,"Mariehamn, Bussplan",total,0.3592
9021302000451000,Strömsnäs,9021302000308000,"Mariehamn, Bussplan",total,0.3551
9021302000557000,Västeränga,9021302000523000,Valborg,total,0.355
9021302000368000,Pålsböle daghem,9021302000322000,Mörslättsvägen vsk.,total,0.3545
9021302000189000,Jomala skola,9021302000163000,Hellesby,total,0.3539
9021302000370000,Pålsböle Sarlings,9021302000322000,Mörslättsvägen vsk.,total,0.3503
9021302000668000,Jomala skola södra,9021302000520000,Utängarna,total,0.3501
9021302000338000,Nääs,9021302000261000,Källbo skola,total,0.3501
9021302000308000,"Mariehamn, Bussplan",9021302000035000,Bo-Bil,total,0.3495
9021302000121000,Godby högstadium,9021302000230000,Kroklund,total,0.3494
9021302000324000,Nabben,9021302000630000,Kalmarnäs vändplan,total,0.3493
9021302000121000,Godby högstadium,9021302000326000,Nabbenvägen vsk.,total,0.3488
9021302000259000,Källarvägen,9021302000392000,Savoy,total,0.3447
9021302000512000,Tärnebolstad,9021302000121000,Godby högstadium,total,0.3443
9021302000657000,Kyrkan,9021302000071000,Doppingvägen,total,0.3403
9021302000125000,Godbyvägen 1285,9021302000093000,Finby vsk.,total,0.3399
9021302000308000,"Mariehamn, Bussplan",9021302000535000,Vessingsboda,total,0.3393
9021302000121000,Godby högstadium,9021302000139000,Grelsby vsk.,total,0.338
9021302000392000,Savoy,9021302000259000,Källarvägen,total,0.3379
9021302000230000,Kroklund,9021302000161000,Havsvidden vsk.,total,0.3375
9021302000230000,Kroklund,9021302000123000,Godbyhallen vsk.,total,0.3353
9021302000447000,Strömma,9021302000121000,Godby högstadium,total,0.3352
9021302000139000,Grelsby vsk.,9021302000123000,Godbyhallen vsk.,total,0.3347
9021302000209000,Kattby södra,9021302000543000,Vikingahallen,total,0.3339
9021302000662000,"Centrum, Nygatan",9021302000292000,Lönnhagsvägen,total,0.3331
9021302000433000,Stenbro vsk.,9021302000308000,"Mariehamn, Bussplan",total,0.3322
9021302000249000,Kungstensvägen vsk.,9021302000123000,Godbyhallen vsk.,total,0.3275
9021302000125000,Godbyvägen 1285,9021302000201000,Kastelholm,total,0.3264
9021302000490000,Södra Svinövägen vsk.,9021302000189000,Jomala skola,total,0.3263
9021302000107000,Frebbenby,9021302000207000,Kattby,total,0.3262
9021302000543000,Vikingahallen,9021302000209000,Kattby södra,total,0.3261
9021302000625000,Musikinstitutet,9021302000662000,"Centrum, Nygatan",total,0.3234
9021302000364000,Prästö,9021302000125000,Godbyvägen 1285,total,0.3223
9021302000150000,"Hammarland, Torp",9021302000668000,Jomala skola södra,total,0.3222
9021302000486000,Södra Flaka,9021302000362000,Prästgården,total,0.3201
9021302000306000,Mariavägen vsk.,9021302000308000,"Mariehamn, Bussplan",total,0.3191
9021302000207000,Kattby,9021302000107000,Frebbenby,total,0.3186
9021302000121000,Godby högstadium,9021302000109000,Fremmanby,total,0.3183
9021302000308000,"Mariehamn, Bussplan",9021302000316000,Mickelsö vsk.,total,0.3182
9021302000447000,Strömma,9021302000261000,Källbo skola,total,0.318
9021302000512000,Tärnebolstad,9021302000261000,Källbo skola,total,0.3157
9021302000308000,"Mariehamn, Bussplan",9021302000191000,Jomalaby,total,0.3149
9021302000606000,Överbyvägen vsk.,9021302000189000,Jomala skola,total,0.3148
9021302000266000,Labbnäs,9021302000230000,Kroklund,total,0.314
9021302000668000,Jomala skola södra,9021302000150000,"Hammarland, Torp",total,0.3139
9021302000326000,Nabbenvägen vsk.,9021302000261000,Källbo skola,total,0.3127
9021302000121000,Godby högstadium,9021302000342000,Ollas,total,0.3115
9021302000626000,Källstigen,9021302000662000,"Centrum, Nygatan",total,0.3099
9021302000324000,Nabben,9021302000622000,Solberget,total,0.3084
9021302000659000,Norragatan,9021302000662000,"Centrum, Nygatan",total,0.3079
9021302000657000,Kyrkan,9021302000662000,"Centrum, Nygatan",total,0.3077
9021302000161000,Havsvidden vsk.,9021302000123000,Godbyhallen vsk.,total,0.3072
9021302000189000,Jomala skola,9021302000398000,Skag vsk.,total,0.3071
9021302000117000,Geta centrum,9021302000370000,Pålsböle Sarlings,total,0.307
9021302000117000,Geta centrum,9021302000368000,Pålsböle daghem,total,0.3069
9021302000189000,Jomala skola,9021302000606000,Överbyvägen vsk.,total,0.3066
9021302000266000,Labbnäs,9021302000370000,Pålsböle Sarlings,total,0.3064
9021302000189000,Jomala skola,9021302000314000,Mellanvik,total,0.3062
9021302000628000,Sälgstigen,9021302000662000,"Centrum, Nygatan",total,0.3053
9021302000261000,Källbo skola,9021302000109000,Fremmanby,total,0.3047
9021302000266000,Labbnäs,9021302000368000,Pålsböle daghem,total,0.3044
9021302000001000,4H-gården,9021302000308000,"Mariehamn, Bussplan",total,0.3034
9021302000261000,Källbo skola,9021302000039000,Bolstaholms vsk.,total,0.3032
9021302000308000,"Mariehamn, Bussplan",9021302000306000,Mariavägen vsk.,total,0.3028
9021302000392000,Savoy,9021302000340000,Odalgården,total,0.3027
9021302000189000,Jomala skola,9021302000003000,Amalia,total,0.3015
9021302000368000,Pålsböle daghem,9021302000326000,Nabbenvägen vsk.,total,0.3015
9021302000492000,Tekniska verken,9021302000543000,Vikingahallen,total,0.3004
9021302000259000,Källarvägen,9021302000492000,Tekniska verken,total,0.3002
9021302000031000,Björkängsvägen vsk.,9021302000308000,"Mariehamn, Bussplan",total,0.3001
9021302000662000,"Centrum, Nygatan",9021302000423000,Lervik,total,0.2996
9021302000380000,Rörstorp,9021302000189000,Jomala skola,total,0.2994
9021302000370000,Pålsböle Sarlings,9021302000326000,Nabbenvägen vsk.,total,0.2987
9021302000117000,Geta centrum,9021302000121000,Godby högstadium,total,0.298
9021302000634000,Lillåkersvägen,9021302000662000,"Centrum, Nygatan",total,0.2976
9021302000492000,Tekniska verken,9021302000259000,Källarvägen,total,0.2969
9021302000492000,Tekniska verken,9021302000261000,Källbo skola,total,0.2966
9021302000266000,Labbnäs,9021302000121000,Godby högstadium,total,0.2966
9021302000115000,GE-huset,9021302000392000,Savoy,total,0.2943
9021302000230000,Kroklund,9021302000261000,Källbo skola,total,0.2934
9021302000071000,Doppingvägen,9021302000646000,Ytternäs skola,total,0.2933
9021302000314000,Mellanvik,9021302000523000,Valborg,total,0.2931
9021302000421000,Solberget södra,9021302000662000,"Centrum, Nygatan",total,0.2902
9021302000429000,Torget,9021302000029000,Björkuddsvägen vsk.,total,0.2898
9021302000095000,Finströms kyrka,9021302000121000,Godby högstadium,total,0.2882
9021302000308000,"Mariehamn, Bussplan",9021302000362000,Prästgården,total,0.288
9021302000261000,Källbo skola,9021302000392000,Savoy,total,0.2879
9021302000486000,Södra Flaka,9021302000523000,Valborg,total,0.2879
9021302000435000,Storby,9021302000189000,Jomala skola,total,0.2879
9021302000261000,Källbo skola,9021302000113000,Färjsundsbron,total,0.2855
9021302000386000,Sandmovägen vsk.,9021302000075000,Eckerö färjterminal,total,0.2855
9021302000261000,Källbo skola,9021302000342000,Ollas,total,0.284
9021302000067000,Degersandsvägen vsk.,9021302000668000,Jomala skola södra,total,0.2838
9021302000614000,Kulla sund,9021302000308000,"Mariehamn, Bussplan",total,0.2829
9021302000308000,"Mariehamn, Bussplan",9021302000418000,Smedsböle vsk.,total,0.2821
9021302000093000,Finby vsk.,9021302000308000,"Mariehamn, Bussplan",total,0.2817
9021302000662000,"Centrum, Nygatan",9021302000672000,Länsmansgränd,total,0.2815
9021302000214000,Killingholm,9021302000308000,"Mariehamn, Bussplan",total,0.2812
9021302000590000,Önningeby vsk.,9021302000429000,Torget,total,0.281
9021302000139000,Grelsby vsk.,9021302000261000,Källbo skola,total,0.2806
9021302000662000,"Centrum, Nygatan",9021302000659000,Norragatan,total,0.2805
9021302000189000,Jomala skola,9021302000435000,Storby,total,0.2804
9021302000259000,Källarvägen,9021302000559000,Västra macken,total,0.279
9021302000075000,Eckerö färjterminal,9021302000386000,Sandmovägen vsk.,total,0.2783
9021302000058000,Böle vsk.,9021302000668000,Jomala skola södra,total,0.278
9021302000668000,Jomala skola södra,9021302000067000,Degersandsvägen vsk.,total,0.2765
9021302000608000,Övernäs skola,9021302000071000,Doppingvägen,total,0.2763
9021302000608000,Övernäs skola,9021302000135000,Granö,total,0.2754
9021302000340000,Odalgården,9021302000492000,Tekniska verken,total,0.2753
9021302000261000,Källbo skola,9021302000181000,Industrivägen vsk.,total,0.2752
9021302000123000,Godbyhallen vsk.,9021302000370000,Pålsböle Sarlings,total,0.2743
9021302000135000,Granö,9021302000662000,"Centrum, Nygatan",total,0.274
9021302000121000,Godby högstadium,9021302000249000,Kungstensvägen vsk.,total,0.2729
9021302000590000,Önningeby vsk.,9021302000392000,Savoy,total,0.2725
9021302000592000,Öra macken,9021302000668000,Jomala skola södra,total,0.272
9021302000662000,"Centrum, Nygatan",9021302000135000,Granö,total,0.2719
9021302000559000,Västra macken,9021302000259000,Källarvägen,total,0.2719
9021302000209000,Kattby södra,9021302000075000,Eckerö färjterminal,total,0.2715
9021302000045000,Brinkbacken,9021302000668000,Jomala skola södra,total,0.2715
9021302000668000,Jomala skola södra,9021302000058000,Böle vsk.,total,0.2708
9021302000121000,Godby högstadium,9021302000113000,Färjsundsbron,total,0.2704
9021302000392000,Savoy,9021302000029000,Björkuddsvägen vsk.,total,0.27
9021302000492000,Tekniska verken,9021302000439000,Strandnäs,total,0.2694
9021302000486000,Södra Flaka,9021302000308000,"Mariehamn, Bussplan",total,0.2692
9021302000308000,"Mariehamn, Bussplan",9021302000201000,Kastelholm,total,0.2681
9021302000125000,Godbyvägen 1285,9021302000510000,Tosarby vsk.,total,0.2676
9021302000125000,Godbyvägen 1285,9021302000418000,Smedsböle vsk.,total,0.2672
9021302000525000,Vandö,9021302000121000,Godby högstadium,total,0.2653
9021302000308000,"Mariehamn, Bussplan",9021302000575000,Ämnäsgatan,total,0.265
9021302000668000,Jomala skola södra,9021302000592000,Öra macken,total,0.2649
9021302000308000,"Mariehamn, Bussplan",9021302000585000,Ödkarby,total,0.2647
9021302000668000,Jomala skola södra,9021302000045000,Brinkbacken,total,0.2645
9021302000075000,Eckerö färjterminal,9021302000209000,Kattby södra,total,0.2645
9021302000308000,"Mariehamn, Bussplan",9021302000220000,Knutsboda vsk.,total,0.2641
9021302000585000,Ödkarby,9021302000123000,Godbyhallen vsk.,total,0.2633
9021302000121000,Godby högstadium,9021302000161000,Havsvidden vsk.,total,0.2618
9021302000029000,Björkuddsvägen vsk.,9021302000324000,Nabben,total,0.26
9021302000259000,Källarvägen,9021302000189000,Jomala skola,total,0.2585
9021302000306000,Mariavägen vsk.,9021302000207000,Kattby,total,0.2566
9021302000308000,"Mariehamn, Bussplan",9021302000370000,Pålsböle Sarlings,total,0.2565
9021302000135000,Granö,9021302000608000,Övernäs skola,total,0.2558
9021302000093000,Finby vsk.,9021302000125000,Godbyvägen 1285,total,0.2554
9021302000429000,Torget,9021302000492000,Tekniska verken,total,0.2546
9021302000121000,Godby högstadium,9021302000062000,Daglösa,total,0.254
9021302000189000,Jomala skola,9021302000259000,Källarvägen,total,0.2536
9021302000308000,"Mariehamn, Bussplan",9021302000557000,Västeränga,total,0.2531
9021302000429000,Torget,9021302000647000,Lotsgatan,total,0.253
9021302000071000,Doppingvägen,9021302000608000,Övernäs skola,total,0.2524
9021302000672000,Länsmansgränd,9021302000662000,"Centrum, Nygatan",total,0.2516
9021302000368000,Pålsböle daghem,9021302000161000,Havsvidden vsk.,total,0.2508
9021302000207000,Kattby,9021302000306000,Mariavägen vsk.,total,0.25
9021302000497000,Tjudö midsommarstång,9021302000121000,Godby högstadium,total,0.2489
9021302000370000,Pålsböle Sarlings,9021302000161000,Havsvidden vsk.,total,0.2478
9021302000657000,Kyrkan,9021302000647000,Lotsgatan,total,0.2474
9021302000316000,Mickelsö vsk.,9021302000308000,"Mariehamn, Bussplan",total,0.2458
9021302000608000,Övernäs skola,9021302000662000,"Centrum, Nygatan",total,0.2454
9021302000201000,Kastelholm,9021302000125000,Godbyvägen 1285,total,0.2453
9021302000157000,Haraldsby,9021302000308000,"Mariehamn, Bussplan",total,0.2442
9021302000308000,"Mariehamn, Bussplan",9021302000510000,Tosarby vsk.,total,0.2441
9021302000125000,Godbyvägen 1285,9021302000117000,Geta centrum,total,0.2433
9021302000249000,Kungstensvägen vsk.,9021302000261000,Källbo skola,total,0.2431
9021302000308000,"Mariehamn, Bussplan",9021302000484000,Södra Finbygatan vsk.,total,0.2423
9021302000261000,Källbo skola,9021302000318000,Musterivägen vsk.,total,0.2423
9021302000662000,"Centrum, Nygatan",9021302000559000,Västra macken,total,0.2421
9021302000125000,Godbyvägen 1285,9021302000266000,Labbnäs,total,0.2407
9021302000525000,Vandö,9021302000261000,Källbo skola,total,0.2403
9021302000392000,Savoy,9021302000427000,Sportkila,total,0.2402
9021302000308000,"Mariehamn, Bussplan",9021302000117000,Geta centrum,total,0.2401
9021302000639000,Hindersbölevägen,9021302000640000,Doktorsvägen 1B/1C,total,0.2399
9021302000125000,Godbyvägen 1285,9021302000049000,Brokärrsvägen vsk.,total,0.2398
9021302000261000,Källbo skola,9021302000062000,Daglösa,total,0.238
9021302000308000,"Mariehamn, Bussplan",9021302000368000,Pålsböle daghem,total,0.2374
9021302000023000,Björkliden,9021302000668000,Jomala skola södra,total,0.2371
9021302000121000,Godby högstadium,9021302000154000,Hamnsundsvägen vsk.,total,0.2368
9021302000543000,Vikingahallen,9021302000185000,Jomala församlingshem,total,0.236
9021302000189000,Jomala skola,9021302000457000,Svartsmara,total,0.2357
9021302000630000,Kalmarnäs vändplan,9021302000189000,Jomala skola,total,0.2346
9021302000659000,Norragatan,9021302000271000,Langnäs vändplan,total,0.2341
9021302000261000,Källbo skola,9021302000412000,Slottsvägen vsk.,total,0.2325
9021302000368000,Pålsböle daghem,9021302000230000,Kroklund,total,0.232
9021302000668000,Jomala skola södra,9021302000023000,Björkliden,total,0.2309
9021302000123000,Godbyhallen vsk.,9021302000372000,Pålsbölevägen,total,0.2309
9021302000161000,Havsvidden vsk.,9021302000261000,Källbo skola,total,0.2307
9021302000308000,"Mariehamn, Bussplan",9021302000453000,Stålsby,total,0.2306
9021302000497000,Tjudö midsommarstång,9021302000261000,Källbo skola,total,0.2302
9021302000123000,Godbyhallen vsk.,9021302000338000,Nääs,total,0.2301
9021302000543000,Vikingahallen,9021302000187000,Jomala kyrka,total,0.23
9021302000370000,Pålsböle Sarlings,9021302000230000,Kroklund,total,0.229
9021302000261000,Källbo skola,9021302000492000,Tekniska verken,total,0.2289
9021302000543000,Vikingahallen,9021302000492000,Tekniska verken,total,0.2275
9021302000308000,"Mariehamn, Bussplan",9021302000545000,Vårdö kyrka,total,0.227
9021302000185000,Jomala församlingshem,9021302000543000,Vikingahallen,total,0.2261
9021302000125000,Godbyvägen 1285,9021302000095000,Finströms kyrka,total,0.2258
9021302000453000,Stålsby,9021302000123000,Godbyhallen vsk.,total,0.2256
9021302000275000,Lemlands kyrka,9021302000308000,"Mariehamn, Bussplan",total,0.2253
9021302000261000,Källbo skola,9021302000154000,Hamnsundsvägen vsk.,total,0.2253
9021302000523000,Valborg,9021302000314000,Mellanvik,total,0.2239
9021302000121000,Godby högstadium,9021302000168000,Hemdal,total,0.2237
9021302000606000,Överbyvägen vsk.,9021302000075000,Eckerö färjterminal,total,0.2231
9021302000189000,Jomala skola,9021302000015000,Bengtsböle,total,0.2226
9021302000058000,Böle vsk.,9021302000075000,Eckerö färjterminal,total,0.2226
9021302000662000,"Centrum, Nygatan",9021302000635000,Högbackagatan,total,0.2214
9021302000392000,Savoy,9021302000492000,Tekniska verken,total,0.2214
9021302000121000,Godby högstadium,9021302000501000,Tobölevägen vsk.,total,0.2214
9021302000362000,Prästgården,9021302000408000,Skolsvängen vsk.,total,0.2211
9021302000340000,Odalgården,9021302000392000,Savoy,total,0.2204
9021302000125000,Godbyvägen 1285,9021302000455000,Sundsvägen 871 vsk.,total,0.2203
9021302000386000,Sandmovägen vsk.,9021302000668000,Jomala skola södra,total,0.22
9021302000003000,Amalia,9021302000189000,Jomala skola,total,0.2197
9021302000163000,Hellesby,9021302000308000,"Mariehamn, Bussplan",total,0.2194
9021302000398000,Skag vsk.,9021302000189000,Jomala skola,total,0.2194
9021302000121000,Godby högstadium,9021302000318000,Musterivägen vsk.,total,0.2191
9021302000314000,Mellanvik,9021302000189000,Jomala skola,total,0.2183
9021302000125000,Godbyvägen 1285,9021302000484000,Södra Finbygatan vsk.,total,0.2183
9021302000418000,Smedsböle vsk.,9021302000308000,"Mariehamn, Bussplan",total,0.2181
9021302000075000,Eckerö färjterminal,9021302000606000,Överbyvägen vsk.,total,0.2173
9021302000230000,Kroklund,9021302000308000,"Mariehamn, Bussplan",total,0.2172
9021302000075000,Eckerö färjterminal,9021302000058000,Böle vsk.,total,0.2168
9021302000187000,Jomala kyrka,9021302000543000,Vikingahallen,total,0.2166
9021302000125000,Godbyvägen 1285,9021302000316000,Mickelsö vsk.,total,0.2156
9021302000449000,Strömsby vsk.,9021302000296000,Lövö,total,0.2155
9021302000271000,Langnäs vändplan,9021302000659000,Norragatan,total,0.2152
9021302000392000,Savoy,9021302000543000,Vikingahallen,total,0.2145
9021302000624000,Stenhuggarvägen,9021302000662000,"Centrum, Nygatan",total,0.2144
9021302000668000,Jomala skola södra,9021302000386000,Sandmovägen vsk.,total,0.2143
9021302000261000,Källbo skola,9021302000168000,Hemdal,total,0.2139
9021302000520000,Utängarna,9021302000308000,"Mariehamn, Bussplan",total,0.2131
9021302000230000,Kroklund,9021302000039000,Bolstaholms vsk.,total,0.2131
9021302000523000,Valborg,9021302000324000,Nabben,total,0.2118
9021302000312000,Maxinge,9021302000639000,Hindersbölevägen,total,0.2111
9021302000150000,"Hammarland, Torp",9021302000189000,Jomala skola,total,0.211
9021302000123000,Godbyhallen vsk.,9021302000512000,Tärnebolstad,total,0.2102
9021302000439000,Strandnäs,9021302000492000,Tekniska verken,total,0.2099
9021302000308000,"Mariehamn, Bussplan",9021302000455000,Sundsvägen 871 vsk.,total,0.2098
9021302000261000,Källbo skola,9021302000427000,Sportkila,total,0.2092
9021302000261000,Källbo skola,9021302000501000,Tobölevägen vsk.,total,0.209
9021302000123000,Godbyhallen vsk.,9021302000447000,Strömma,total,0.2087
9021302000308000,"Mariehamn, Bussplan",9021302000163000,Hellesby,total,0.208
9021302000429000,Torget,9021302000543000,Vikingahallen,total,0.208
9021302000435000,Storby,9021302000308000,"Mariehamn, Bussplan",total,0.2075
9021302000201000,Kastelholm,9021302000308000,"Mariehamn, Bussplan",total,0.2071
9021302000435000,Storby,9021302000107000,Frebbenby,total,0.206
9021302000615000,Österkullagatan,9021302000662000,"Centrum, Nygatan",total,0.2058
9021302000662000,"Centrum, Nygatan",9021302000374000,Ringvägen vsk.,total,0.2057
9021302000189000,Jomala skola,9021302000150000,"Hammarland, Torp",total,0.2055
9021302000344000,Ollasgatan vsk.,9021302000075000,Eckerö färjterminal,total,0.2048
9021302000236000,Krokstadsvägen vsk.,9021302000189000,Jomala skola,total,0.204
9021302000457000,Svartsmara,9021302000189000,Jomala skola,total,0.2032
9021302000606000,Överbyvägen vsk.,9021302000308000,"Mariehamn, Bussplan",total,0.2032
9021302000630000,Kalmarnäs vändplan,9021302000324000,Nabben,total,0.203
9021302000423000,Lervik,9021302000662000,"Centrum, Nygatan",total,0.2029
9021302000123000,Godbyhallen vsk.,9021302000368000,Pålsböle daghem,total,0.2022
9021302000107000,Frebbenby,9021302000435000,Storby,total,0.2022
9021302000567000,Ålandsplan,9021302000308000,"Mariehamn, Bussplan",total,0.2021
9021302000308000,"Mariehamn, Bussplan",9021302000520000,Utängarna,total,0.202
9021302000492000,Tekniska verken,9021302000590000,Önningeby vsk.,total,0.202
9021302000052000,Brändövägen vsk.,9021302000308000,"Mariehamn, Bussplan",total,0.202
9021302000510000,Tosarby vsk.,9021302000125000,Godbyvägen 1285,total,0.2011
9021302000418000,Smedsböle vsk.,9021302000125000,Godbyvägen 1285,total,0.2008
9021302000662000,"Centrum, Nygatan",9021302000657000,Kyrkan,total,0.2007
9021302000662000,"Centrum, Nygatan",9021302000645000,Havsörnsvägen,total,0.2006
9021302000308000,"Mariehamn, Bussplan",9021302000435000,Storby,total,0.1998
9021302000075000,Eckerö färjterminal,9021302000344000,Ollasgatan vsk.,total,0.1994
9021302000039000,Bolstaholms vsk.,9021302000123000,Godbyhallen vsk.,total,0.199
9021302000071000,Doppingvägen,9021302000429000,Torget,total,0.1988
9021302000261000,Källbo skola,9021302000370000,Pålsböle Sarlings,total,0.1987
9021302000567000,Ålandsplan,9021302000662000,"Centrum, Nygatan",total,0.1981
9021302000620000,Vedhuggsvägen,9021302000662000,"Centrum, Nygatan",total,0.1977
9021302000490000,Södra Svinövägen vsk.,9021302000236000,Krokstadsvägen vsk.,total,0.1962
9021302000490000,Södra Svinövägen vsk.,9021302000463000,Svinö färjfäste,total,0.1949
9021302000304000,Marbyöjen vsk.,9021302000668000,Jomala skola södra,total,0.1949
9021302000035000,Bo-Bil,9021302000543000,Vikingahallen,total,0.194
9021302000261000,Källbo skola,9021302000368000,Pålsböle daghem,total,0.1937
9021302000308000,"Mariehamn, Bussplan",9021302000606000,Överbyvägen vsk.,total,0.1929
9021302000109000,Fremmanby,9021302000121000,Godby högstadium,total,0.1926
9021302000308000,"Mariehamn, Bussplan",9021302000052000,Brändövägen vsk.,total,0.1915
9021302000344000,Ollasgatan vsk.,9021302000668000,Jomala skola södra,total,0.1914
9021302000606000,Överbyvägen vsk.,9021302000107000,Frebbenby,total,0.1905
9021302000322000,Mörslättsvägen vsk.,9021302000121000,Godby högstadium,total,0.1905
9021302000308000,"Mariehamn, Bussplan",9021302000486000,Södra Flaka,total,0.1899
9021302000668000,Jomala skola södra,9021302000304000,Marbyöjen vsk.,total,0.1899
9021302000181000,Industrivägen vsk.,9021302000123000,Godbyhallen vsk.,total,0.1893
9021302000259000,Källarvägen,9021302000429000,Torget,total,0.189
9021302000207000,Kattby,9021302000543000,Vikingahallen,total,0.1887
9021302000510000,Tosarby vsk.,9021302000308000,"Mariehamn, Bussplan",total,0.1885
9021302000342000,Ollas,9021302000121000,Godby högstadium,total,0.1885
9021302000492000,Tekniska verken,9021302000429000,Torget,total,0.188
9021302000189000,Jomala skola,9021302000236000,Krokstadsvägen vsk.,total,0.1878
9021302000484000,Södra Finbygatan vsk.,9021302000308000,"Mariehamn, Bussplan",total,0.1872
9021302000181000,Industrivägen vsk.,9021302000308000,"Mariehamn, Bussplan",total,0.1871
9021302000523000,Valborg,9021302000408000,Skolsvängen vsk.,total,0.1868
9021302000429000,Torget,9021302000259000,Källarvägen,total,0.1866
9021302000575000,Ämnäsgatan,9021302000308000,"Mariehamn, Bussplan",total,0.1865
9021302000668000,Jomala skola södra,9021302000344000,Ollasgatan vsk.,total,0.1864
9021302000067000,Degersandsvägen vsk.,9021302000189000,Jomala skola,total,0.1864
9021302000259000,Källarvägen,9021302000115000,GE-huset,total,0.1856
9021302000107000,Frebbenby,9021302000606000,Överbyvägen vsk.,total,0.1856
9021302000429000,Torget,9021302000646000,Ytternäs skola,total,0.1849
9021302000662000,"Centrum, Nygatan",9021302000617000,Lemlandsvägen,total,0.1848
9021302000109000,Fremmanby,9021302000261000,Källbo skola,total,0.1843
9021302000543000,Vikingahallen,9021302000207000,Kattby,total,0.1842
9021302000541000,Vestmyravägen vsk. 2,9021302000668000,Jomala skola södra,total,0.1842
9021302000071000,Doppingvägen,9021302000657000,Kyrkan,total,0.1839
9021302000629000,Klintvägen,9021302000662000,"Centrum, Nygatan",total,0.1838
9021302000029000,Björkuddsvägen vsk.,9021302000429000,Torget,total,0.1835
9021302000058000,Böle vsk.,9021302000189000,Jomala skola,total,0.1835
9021302000275000,Lemlands kyrka,9021302000523000,Valborg,total,0.183
9021302000115000,GE-huset,9021302000259000,Källarvägen,total,0.182
9021302000189000,Jomala skola,9021302000067000,Degersandsvägen vsk.,total,0.1816
9021302000125000,Godbyvägen 1285,9021302000545000,Vårdö kyrka,total,0.181
9021302000543000,Vikingahallen,9021302000035000,Bo-Bil,total,0.1806
9021302000049000,Brokärrsvägen vsk.,9021302000125000,Godbyvägen 1285,total,0.1802
9021302000427000,Sportkila,9021302000392000,Savoy,total,0.1802
9021302000429000,Torget,9021302000255000,Kvarnbo,total,0.1801
9021302000189000,Jomala skola,9021302000009000,Bamböle,total,0.18
9021302000592000,Öra macken,9021302000189000,Jomala skola,total,0.1799
9021302000668000,Jomala skola södra,9021302000541000,Vestmyravägen vsk. 2,total,0.1794
9021302000657000,Kyrkan,9021302000646000,Ytternäs skola,total,0.1793
9021302000523000,Valborg,9021302000463000,Svinö färjfäste,total,0.1792
9021302000045000,Brinkbacken,9021302000189000,Jomala skola,total,0.1792
9021302000392000,Savoy,9021302000412000,Slottsvägen vsk.,total,0.1788
9021302000189000,Jomala skola,9021302000058000,Böle vsk.,total,0.1788
9021302000123000,Godbyhallen vsk.,9021302000543000,Vikingahallen,total,0.1776
9021302000230000,Kroklund,9021302000121000,Godby högstadium,total,0.1774
9021302000492000,Tekniska verken,9021302000662000,"Centrum, Nygatan",total,0.1773
9021302000113000,Färjsundsbron,9021302000261000,Källbo skola,total,0.1766
9021302000545000,Vårdö kyrka,9021302000308000,"Mariehamn, Bussplan",total,0.1754
9021302000191000,Jomalaby,9021302000261000,Källbo skola,total,0.1753
9021302000322000,Mörslättsvägen vsk.,9021302000368000,Pålsböle daghem,total,0.1753
9021302000189000,Jomala skola,9021302000592000,Öra macken,total,0.1752
9021302000251000,Kungsö vsk.,9021302000543000,Vikingahallen,total,0.1751
9021302000189000,Jomala skola,9021302000045000,Brinkbacken,total,0.1745
9021302000029000,Björkuddsvägen vsk.,9021302000392000,Savoy,total,0.1741
9021302000107000,Frebbenby,9021302000075000,Eckerö färjterminal,total,0.1737
9021302000322000,Mörslättsvägen vsk.,9021302000370000,Pålsböle Sarlings,total,0.1737
9021302000412000,Slottsvägen vsk.,9021302000261000,Källbo skola,total,0.1732
9021302000261000,Källbo skola,9021302000543000,Vikingahallen,total,0.1724
9021302000312000,Maxinge,9021302000087000,Emkarby,total,0.1721
9021302000121000,Godby högstadium,9021302000269000,Lafsbölevägen vsk.,total,0.172
9021302000342000,Ollas,9021302000261000,Källbo skola,total,0.172
9021302000259000,Källarvägen,9021302000340000,Odalgården,total,0.1717
9021302000543000,Vikingahallen,9021302000251000,Kungsö vsk.,total,0.1714
9021302000139000,Grelsby vsk.,9021302000121000,Godby högstadium,total,0.1711
9021302000396000,Sjukhuset,9021302000622000,Solberget,total,0.1708
9021302000189000,Jomala skola,9021302000179000,Högbergsvägen vsk.,total,0.1703
9021302000392000,Savoy,9021302000364000,Prästö,total,0.1702
9021302000492000,Tekniska verken,9021302000427000,Sportkila,total,0.1702
9021302000121000,Godby högstadium,9021302000039000,Bolstaholms vsk.,total,0.1693
9021302000075000,Eckerö färjterminal,9021302000107000,Frebbenby,total,0.1693
9021302000261000,Källbo skola,9021302000372000,Pålsbölevägen,total,0.169
9021302000662000,"Centrum, Nygatan",9021302000634000,Lillåkersvägen,total,0.1688
9021302000308000,"Mariehamn, Bussplan",9021302000230000,Kroklund,total,0.1685
9021302000189000,Jomala skola,9021302000148000,Hallonstigen,total,0.1681
9021302000340000,Odalgården,9021302000259000,Källarvägen,total,0.1677
9021302000161000,Havsvidden vsk.,9021302000230000,Kroklund,total,0.167
9021302000308000,"Mariehamn, Bussplan",9021302000567000,Ålandsplan,total,0.1667
9021302000639000,Hindersbölevägen,9021302000679000,Polishuset,total,0.1656
9021302000455000,Sundsvägen 871 vsk.,9021302000125000,Godbyvägen 1285,total,0.1656
9021302000015000,Bengtsböle,9021302000189000,Jomala skola,total,0.1654
9021302000645000,Havsörnsvägen,9021302000662000,"Centrum, Nygatan",total,0.1652
9021302000506000,Torpfjärden,9021302000308000,"Mariehamn, Bussplan",total,0.1648
9021302000308000,"Mariehamn, Bussplan",9021302000275000,Lemlands kyrka,total,0.1647
9021302000659000,Norragatan,9021302000071000,Doppingvägen,total,0.1647
9021302000585000,Ödkarby,9021302000308000,"Mariehamn, Bussplan",total,0.1646
9021302000129000,Gottby by,9021302000543000,Vikingahallen,total,0.1644
9021302000261000,Källbo skola,9021302000269000,Lafsbölevägen vsk.,total,0.1644
9021302000659000,Norragatan,9021302000135000,Granö,total,0.1641
9021302000439000,Strandnäs,9021302000543000,Vikingahallen,total,0.164
9021302000484000,Södra Finbygatan vsk.,9021302000125000,Godbyvägen 1285,total,0.164
9021302000368000,Pålsböle daghem,9021302000039000,Bolstaholms vsk.,total,0.164
9021302000326000,Nabbenvägen vsk.,9021302000121000,Godby högstadium,total,0.164
9021302000308000,"Mariehamn, Bussplan",9021302000049000,Brokärrsvägen vsk.,total,0.1637
9021302000113000,Färjsundsbron,9021302000121000,Godby högstadium,total,0.1636
9021302000492000,Tekniska verken,9021302000396000,Sjukhuset,total,0.1628
9021302000370000,Pålsböle Sarlings,9021302000039000,Bolstaholms vsk.,total,0.1624
9021302000324000,Nabben,9021302000523000,Valborg,total,0.1621
9021302000296000,Lövö,9021302000449000,Strömsby vsk.,total,0.1621
9021302000455000,Sundsvägen 871 vsk.,9021302000308000,"Mariehamn, Bussplan",total,0.162
9021302000316000,Mickelsö vsk.,9021302000125000,Godbyvägen 1285,total,0.162
9021302000123000,Godbyhallen vsk.,9021302000525000,Vandö,total,0.1611
9021302000392000,Savoy,9021302000662000,"Centrum, Nygatan",total,0.1609
9021302000543000,Vikingahallen,9021302000129000,Gottby by,total,0.1607
9021302000408000,Skolsvängen vsk.,9021302000362000,Prästgården,total,0.1593
9021302000429000,Torget,9021302000648000,Baltichallen,total,0.1591
9021302000418000,Smedsböle vsk.,9021302000364000,Prästö,total,0.1584
9021302000207000,Kattby,9021302000075000,Eckerö färjterminal,total,0.1572
9021302000662000,"Centrum, Nygatan",9021302000629000,Klintvägen,total,0.1569
9021302000023000,Björkliden,9021302000189000,Jomala skola,total,0.1569
9021302000308000,"Mariehamn, Bussplan",9021302000506000,Torpfjärden,total,0.1564
9021302000543000,Vikingahallen,9021302000429000,Torget,total,0.156
9021302000374000,Ringvägen vsk.,9021302000662000,"Centrum, Nygatan",total,0.1555
9021302000539000,Vestmyravägen vsk. 1,9021302000668000,Jomala skola södra,total,0.1554
9021302000009000,Bamböle,9021302000189000,Jomala skola,total,0.1552
9021302000427000,Sportkila,9021302000261000,Källbo skola,total,0.1552
9021302000523000,Valborg,9021302000429000,Torget,total,0.1548
9021302000125000,Godbyvägen 1285,9021302000322000,Mörslättsvägen vsk.,total,0.1539
9021302000657000,Kyrkan,9021302000648000,Baltichallen,total,0.1538
9021302000062000,Daglösa,9021302000121000,Godby högstadium,total,0.1537
9021302000429000,Torget,9021302000261000,Källbo skola,total,0.1533
9021302000075000,Eckerö färjterminal,9021302000207000,Kattby,total,0.1532
9021302000150000,"Hammarland, Torp",9021302000308000,"Mariehamn, Bussplan",total,0.1531
9021302000189000,Jomala skola,9021302000023000,Björkliden,total,0.1528
9021302000261000,Källbo skola,9021302000429000,Torget,total,0.1527
9021302000123000,Godbyhallen vsk.,9021302000497000,Tjudö midsommarstång,total,0.1524
9021302000135000,Granö,9021302000659000,Norragatan,total,0.1523
9021302000125000,Godbyvägen 1285,9021302000478000,Södernäsvägen vsk.,total,0.1521
9021302000492000,Tekniska verken,9021302000392000,Savoy,total,0.1516
9021302000668000,Jomala skola södra,9021302000539000,Vestmyravägen vsk. 1,total,0.1513
9021302000318000,Musterivägen vsk.,9021302000261000,Källbo skola,total,0.1513
9021302000543000,Vikingahallen,9021302000261000,Källbo skola,total,0.1512
9021302000564000,Ytternäs skola,9021302000193000,Järsö,total,0.1507
9021302000121000,Godby högstadium,9021302000181000,Industrivägen vsk.,total,0.1507
9021302000157000,Haraldsby,9021302000255000,Kvarnbo,total,0.1506
9021302000071000,Doppingvägen,9021302000659000,Norragatan,total,0.1505
9021302000189000,Jomala skola,9021302000019000,Bistorpsvägen vsk.,total,0.1501
9021302000435000,Storby,9021302000207000,Kattby,total,0.15
9021302000429000,Torget,9021302000340000,Odalgården,total,0.1492
9021302000370000,Pålsböle Sarlings,9021302000123000,Godbyhallen vsk.,total,0.1491
9021302000326000,Nabbenvägen vsk.,9021302000368000,Pålsböle daghem,total,0.1491
9021302000039000,Bolstaholms vsk.,9021302000261000,Källbo skola,total,0.1491
9021302000622000,Solberget,9021302000324000,Nabben,total,0.1489
9021302000308000,"Mariehamn, Bussplan",9021302000001000,4H-gården,total,0.1488
9021302000617000,Lemlandsvägen,9021302000662000,"Centrum, Nygatan",total,0.1487
9021302000181000,Industrivägen vsk.,9021302000261000,Källbo skola,total,0.1485
9021302000564000,Ytternäs skola,9021302000334000,Nåtö by vsk.,total,0.1484
9021302000087000,Emkarby,9021302000312000,Maxinge,total,0.1483
9021302000326000,Nabbenvägen vsk.,9021302000370000,Pålsböle Sarlings,total,0.1482
9021302000289000,Långnäs färjfäste,9021302000308000,"Mariehamn, Bussplan",total,0.1477
9021302000207000,Kattby,9021302000435000,Storby,total,0.1475
9021302000121000,Godby högstadium,9021302000298000,Mangelbo,total,0.1473
9021302000312000,Maxinge,9021302000255000,Kvarnbo,total,0.147
9021302000261000,Källbo skola,9021302000433000,Stenbro vsk.,total,0.147
9021302000429000,Torget,9021302000439000,Strandnäs,total,0.1462
9021302000647000,Lotsgatan,9021302000071000,Doppingvägen,total,0.1462
9021302000535000,Vessingsboda,9021302000463000,Svinö färjfäste,total,0.1457
9021302000543000,Vikingahallen,9021302000392000,Savoy,total,0.1456
9021302000523000,Valborg,9021302000392000,Savoy,total,0.1456
9021302000662000,"Centrum, Nygatan",9021302000567000,Ålandsplan,total,0.1455
9021302000121000,Godby högstadium,9021302000368000,Pålsböle daghem,total,0.1455
9021302000461000,Sviby bro,9021302000308000,"Mariehamn, Bussplan",total,0.1454
9021302000308000,"Mariehamn, Bussplan",9021302000150000,"Hammarland, Torp",total,0.1452
9021302000386000,Sandmovägen vsk.,9021302000189000,Jomala skola,total,0.1452
9021302000107000,Frebbenby,9021302000543000,Vikingahallen,total,0.1442
9021302000559000,Västra macken,9021302000622000,Solberget,total,0.144
9021302000062000,Daglösa,9021302000261000,Källbo skola,total,0.144
9021302000453000,Stålsby,9021302000308000,"Mariehamn, Bussplan",total,0.1434
9021302000154000,Hamnsundsvägen vsk.,9021302000121000,Godby högstadium,total,0.1433
9021302000125000,Godbyvägen 1285,9021302000021000,Bjärström,total,0.1427
9021302000421000,Solberget södra,9021302000590000,Önningeby vsk.,total,0.1423
9021302000392000,Savoy,9021302000429000,Torget,total,0.1421
9021302000429000,Torget,9021302000630000,Kalmarnäs vändplan,total,0.1421
9021302000115000,GE-huset,9021302000590000,Önningeby vsk.,total,0.1419
9021302000189000,Jomala skola,9021302000386000,Sandmovägen vsk.,total,0.1415
9021302000416000,Smartpark,9021302000668000,Jomala skola södra,total,0.1415
9021302000071000,Doppingvägen,9021302000623000,Lindstigen,total,0.1411
9021302000408000,Skolsvängen vsk.,9021302000523000,Valborg,total,0.1409
9021302000543000,Vikingahallen,9021302000107000,Frebbenby,total,0.1408
9021302000543000,Vikingahallen,9021302000378000,Rönngården,total,0.1405
9021302000643000,Örtvägen,9021302000639000,Hindersbölevägen,total,0.1399
9021302000662000,"Centrum, Nygatan",9021302000492000,Tekniska verken,total,0.1398
9021302000308000,"Mariehamn, Bussplan",9021302000461000,Sviby bro,total,0.1396
9021302000193000,Järsö,9021302000564000,Ytternäs skola,total,0.1396
9021302000543000,Vikingahallen,9021302000439000,Strandnäs,total,0.1389
9021302000338000,Nääs,9021302000123000,Godbyhallen vsk.,total,0.1389
9021302000261000,Källbo skola,9021302000118000,Godby centrum,total,0.1387
9021302000308000,"Mariehamn, Bussplan",9021302000338000,Nääs,total,0.1383
9021302000011000,Bartsgårda,9021302000117000,Geta centrum,total,0.1383
9021302000115000,GE-huset,9021302000189000,Jomala skola,total,0.1382
9021302000668000,Jomala skola södra,9021302000416000,Smartpark,total,0.1379
9021302000664000,Möckelö Strand,9021302000292000,Lönnhagsvägen,total,0.1374
9021302000647000,Lotsgatan,9021302000429000,Torget,total,0.1369
9021302000334000,Nåtö by vsk.,9021302000564000,Ytternäs skola,total,0.1369
9021302000261000,Källbo skola,9021302000614000,Kulla sund,total,0.1369
9021302000492000,Tekniska verken,9021302000185000,Jomala församlingshem,total,0.1368
9021302000154000,Hamnsundsvägen vsk.,9021302000261000,Källbo skola,total,0.1363
9021302000545000,Vårdö kyrka,9021302000125000,Godbyvägen 1285,total,0.136
9021302000121000,Godby högstadium,9021302000352000,Pettböle,total,0.1357
9021302000564000,Ytternäs skola,9021302000017000,Bergö/Idskärsvägen vsk.,total,0.1355
9021302000168000,Hemdal,9021302000121000,Godby högstadium,total,0.1354
9021302000392000,Savoy,9021302000559000,Västra macken,total,0.1347
9021302000261000,Källbo skola,9021302000298000,Mangelbo,total,0.1347
9021302000067000,Degersandsvägen vsk.,9021302000308000,"Mariehamn, Bussplan",total,0.1344
9021302000412000,Slottsvägen vsk.,9021302000392000,Savoy,total,0.1342
9021302000646000,Ytternäs skola,9021302000623000,Lindstigen,total,0.1341
9021302000501000,Tobölevägen vsk.,9021302000121000,Godby högstadium,total,0.134
9021302000273000,Lemböte vsk.,9021302000189000,Jomala skola,total,0.1339
9021302000606000,Överbyvägen vsk.,9021302000207000,Kattby,total,0.1339
9021302000647000,Lotsgatan,9021302000657000,Kyrkan,total,0.1338
9021302000392000,Savoy,9021302000441000,Strandnäs hotell,total,0.1335
9021302000067000,Degersandsvägen vsk.,9021302000075000,Eckerö färjterminal,total,0.1331
9021302000312000,Maxinge,9021302000261000,Källbo skola,total,0.1327
9021302000318000,Musterivägen vsk.,9021302000121000,Godby högstadium,total,0.1326
9021302000523000,Valborg,9021302000275000,Lemlands kyrka,total,0.1325
9021302000125000,Godbyvägen 1285,9021302000326000,Nabbenvägen vsk.,total,0.1325
9021302000183000,Ingby,9021302000308000,"Mariehamn, Bussplan",total,0.1322
9021302000429000,Torget,9021302000508000,Torrbolstad,total,0.1316
9021302000308000,"Mariehamn, Bussplan",9021302000512000,Tärnebolstad,total,0.1313
9021302000249000,Kungstensvägen vsk.,9021302000121000,Godby högstadium,total,0.1313
9021302000011000,Bartsgårda,9021302000266000,Labbnäs,total,0.1308
9021302000392000,Savoy,9021302000630000,Kalmarnäs vändplan,total,0.1307
9021302000207000,Kattby,9021302000606000,Överbyvägen vsk.,total,0.1304
9021302000324000,Nabben,9021302000421000,Solberget södra,total,0.1303
9021302000586000,Ödkarby skola,9021302000214000,Killingholm,total,0.1303
9021302000429000,Torget,9021302000621000,Övernäsgården,total,0.1302
9021302000435000,Storby,9021302000344000,Ollasgatan vsk.,total,0.1302
9021302000662000,"Centrum, Nygatan",9021302000632000,Vikingagränd,total,0.13
9021302000418000,Smedsböle vsk.,9021302000093000,Finby vsk.,total,0.1298
9021302000445000,Strandnäs skola södra,9021302000324000,Nabben,total,0.1297
9021302000121000,Godby högstadium,9021302000118000,Godby centrum,total,0.1297
9021302000075000,Eckerö färjterminal,9021302000067000,Degersandsvägen vsk.,total,0.1296
9021302000308000,"Mariehamn, Bussplan",9021302000113000,Färjsundsbron,total,0.1295
9021302000168000,Hemdal,9021302000261000,Källbo skola,total,0.1294
9021302000492000,Tekniska verken,9021302000412000,Slottsvägen vsk.,total,0.129
9021302000304000,Marbyöjen vsk.,9021302000189000,Jomala skola,total,0.1288
9021302000344000,Ollasgatan vsk.,9021302000435000,Storby,total,0.1287
9021302000639000,Hindersbölevägen,9021302000638000,Uppgårdsvägen 10,total,0.1282
9021302000408000,Skolsvängen vsk.,9021302000308000,"Mariehamn, Bussplan",total,0.1282
9021302000543000,Vikingahallen,9021302000255000,Kvarnbo,total,0.1279
9021302000396000,Sjukhuset,9021302000492000,Tekniska verken,total,0.1277
9021302000364000,Prästö,9021302000392000,Savoy,total,0.1277
9021302000308000,"Mariehamn, Bussplan",9021302000067000,Degersandsvägen vsk.,total,0.1275
9021302000189000,Jomala skola,9021302000043000,Breidablick,total,0.1273
9021302000427000,Sportkila,9021302000492000,Tekniska verken,total,0.1272
9021302000512000,Tärnebolstad,9021302000123000,Godbyhallen vsk.,total,0.1269
9021302000261000,Källbo skola,9021302000352000,Pettböle,total,0.1268
9021302000308000,"Mariehamn, Bussplan",9021302000447000,Strömma,total,0.1265
9021302000049000,Brokärrsvägen vsk.,9021302000308000,"Mariehamn, Bussplan",total,0.1265
9021302000501000,Tobölevägen vsk.,9021302000261000,Källbo skola,total,0.1265
9021302000588000,Öjvägen vsk.,9021302000308000,"Mariehamn, Bussplan",total,0.1264
9021302000344000,Ollasgatan vsk.,9021302000189000,Jomala skola,total,0.1263
9021302000662000,"Centrum, Nygatan",9021302000624000,Stenhuggarvägen,total,0.1262
9021302000447000,Strömma,9021302000123000,Godbyhallen vsk.,total,0.126
9021302000312000,Maxinge,9021302000640000,Doktorsvägen 1B/1C,total,0.1259
9021302000312000,Maxinge,9021302000633000,Bolstavägen,total,0.1259
9021302000123000,Godbyhallen vsk.,9021302000611000,Skräddarsvängen vsk.,total,0.1256
9021302000189000,Jomala skola,9021302000304000,Marbyöjen vsk.,total,0.1255
9021302000115000,GE-huset,9021302000492000,Tekniska verken,total,0.1254
9021302000635000,Högbackagatan,9021302000662000,"Centrum, Nygatan",total,0.1253
9021302000017000,Bergö/Idskärsvägen vsk.,9021302000564000,Ytternäs skola,total,0.1253
9021302000308000,"Mariehamn, Bussplan",9021302000318000,Musterivägen vsk.,total,0.1249
9021302000308000,"Mariehamn, Bussplan",9021302000095000,Finströms kyrka,total,0.1246
9021302000191000,Jomalaby,9021302000123000,Godbyhallen vsk.,total,0.1245
9021302000392000,Savoy,9021302000255000,Kvarnbo,total,0.1244
9021302000127000,Gottby,9021302000668000,Jomala skola södra,total,0.1243
9021302000590000,Önningeby vsk.,9021302000492000,Tekniska verken,total,0.1239
9021302000662000,"Centrum, Nygatan",9021302000392000,Savoy,total,0.1237
9021302000121000,Godby högstadium,9021302000238000,Kullagatan vsk.,total,0.1235
9021302000161000,Havsvidden vsk.,9021302000368000,Pålsböle daghem,total,0.1234
9021302000125000,Godbyvägen 1285,9021302000318000,Musterivägen vsk.,total,0.1232
9021302000368000,Pålsböle daghem,9021302000261000,Källbo skola,total,0.1231
9021302000308000,"Mariehamn, Bussplan",9021302000181000,Industrivägen vsk.,total,0.123
9021302000657000,Kyrkan,9021302000621000,Övernäsgården,total,0.123
9021302000189000,Jomala skola,9021302000344000,Ollasgatan vsk.,total,0.123
9021302000021000,Bjärström,9021302000125000,Godbyvägen 1285,total,0.123
9021302000148000,Hallonstigen,9021302000189000,Jomala skola,total,0.1227
9021302000492000,Tekniska verken,9021302000029000,Björkuddsvägen vsk.,total,0.1226
9021302000179000,Högbergsvägen vsk.,9021302000189000,Jomala skola,total,0.1224
9021302000370000,Pålsböle Sarlings,9021302000261000,Källbo skola,total,0.1224
9021302000161000,Havsvidden vsk.,9021302000121000,Godby högstadium,total,0.1224
9021302000161000,Havsvidden vsk.,9021302000370000,Pålsböle Sarlings,total,0.1222
9021302000123000,Godbyhallen vsk.,9021302000109000,Fremmanby,total,0.1216
9021302000541000,Vestmyravägen vsk. 2,9021302000189000,Jomala skola,total,0.1216
9021302000189000,Jomala skola,9021302000234000,Krokstad vsk.,total,0.1213
9021302000312000,Maxinge,9021302000021000,Bjärström,total,0.1211
9021302000668000,Jomala skola södra,9021302000127000,Gottby,total,0.1211
9021302000400000,Skagvägen vsk.,9021302000668000,Jomala skola södra,total,0.1211
9021302000392000,Savoy,9021302000439000,Strandnäs,total,0.121
9021302000396000,Sjukhuset,9021302000439000,Strandnäs,total,0.1206
9021302000308000,"Mariehamn, Bussplan",9021302000075000,Eckerö färjterminal,total,0.1205
9021302000392000,Savoy,9021302000433000,Stenbro vsk.,total,0.1204
9021302000439000,Strandnäs,9021302000255000,Kvarnbo,total,0.1197
9021302000396000,Sjukhuset,9021302000630000,Kalmarnäs vändplan,total,0.1194
9021302000429000,Torget,9021302000523000,Valborg,total,0.1193
9021302000396000,Sjukhuset,9021302000189000,Jomala skola,total,0.1193
9021302000189000,Jomala skola,9021302000261000,Källbo skola,total,0.1193
9021302000364000,Prästö,9021302000418000,Smedsböle vsk.,total,0.1192
9021302000429000,Torget,9021302000396000,Sjukhuset,total,0.1187
9021302000189000,Jomala skola,9021302000541000,Vestmyravägen vsk. 2,total,0.1184
9021302000261000,Källbo skola,9021302000238000,Kullagatan vsk.,total,0.1182
9021302000668000,Jomala skola södra,9021302000400000,Skagvägen vsk.,total,0.118
9021302000306000,Mariavägen vsk.,9021302000543000,Vikingahallen,total,0.118
9021302000187000,Jomala kyrka,9021302000261000,Källbo skola,total,0.1179
9021302000492000,Tekniska verken,9021302000364000,Prästö,total,0.1178
9021302000592000,Öra macken,9021302000107000,Frebbenby,total,0.1177
9021302000058000,Böle vsk.,9021302000308000,"Mariehamn, Bussplan",total,0.1172
9021302000662000,"Centrum, Nygatan",9021302000608000,Övernäs skola,total,0.1164
9021302000261000,Källbo skola,9021302000187000,Jomala kyrka,total,0.116
9021302000308000,"Mariehamn, Bussplan",9021302000324000,Nabben,total,0.1157
9021302000230000,Kroklund,9021302000368000,Pålsböle daghem,total,0.1157
9021302000492000,Tekniska verken,9021302000559000,Västra macken,total,0.1154
9021302000543000,Vikingahallen,9021302000306000,Mariavägen vsk.,total,0.1152
9021302000230000,Kroklund,9021302000370000,Pålsböle Sarlings,total,0.1151
9021302000396000,Sjukhuset,9021302000543000,Vikingahallen,total,0.115
9021302000123000,Godbyhallen vsk.,9021302000499000,Tjudö vsk.,total,0.115
9021302000045000,Brinkbacken,9021302000075000,Eckerö färjterminal,total,0.1149
9021302000123000,Godbyhallen vsk.,9021302000342000,Ollas,total,0.1148
9021302000058000,Böle vsk.,9021302000107000,Frebbenby,total,0.1147
9021302000107000,Frebbenby,9021302000592000,Öra macken,total,0.1146
9021302000492000,Tekniska verken,9021302000187000,Jomala kyrka,total,0.1144
9021302000478000,Södernäsvägen vsk.,9021302000125000,Godbyvägen 1285,total,0.1143
9021302000045000,Brinkbacken,9021302000308000,"Mariehamn, Bussplan",total,0.1142
9021302000372000,Pålsbölevägen,9021302000123000,Godbyhallen vsk.,total,0.1139
9021302000368000,Pålsböle daghem,9021302000123000,Godbyhallen vsk.,total,0.1137
9021302000121000,Godby högstadium,9021302000370000,Pålsböle Sarlings,total,0.1133
9021302000312000,Maxinge,9021302000508000,Torrbolstad,total,0.113
9021302000378000,Rönngården,9021302000187000,Jomala kyrka,total,0.1126
9021302000439000,Strandnäs,9021302000429000,Torget,total,0.1124
9021302000075000,Eckerö färjterminal,9021302000045000,Brinkbacken,total,0.1119
9021302000340000,Odalgården,9021302000429000,Torget,total,0.1117
9021302000107000,Frebbenby,9021302000058000,Böle vsk.,total,0.1117
9021302000636000,Backebergs sportfält,9021302000662000,"Centrum, Nygatan",total,0.1116
9021302000308000,"Mariehamn, Bussplan",9021302000478000,Södernäsvägen vsk.,total,0.1115
9021302000362000,Prästgården,9021302000216000,Klemetsby,total,0.1114
9021302000019000,Bistorpsvägen vsk.,9021302000189000,Jomala skola,total,0.1114
9021302000308000,"Mariehamn, Bussplan",9021302000058000,Böle vsk.,total,0.1111
9021302000117000,Geta centrum,9021302000125000,Godbyvägen 1285,total,0.111
9021302000463000,Svinö färjfäste,9021302000189000,Jomala skola,total,0.1108
9021302000266000,Labbnäs,9021302000125000,Godbyvägen 1285,total,0.1108
9021302000378000,Rönngården,9021302000543000,Vikingahallen,total,0.1107
9021302000400000,Skagvägen vsk.,9021302000075000,Eckerö färjterminal,total,0.1107
9021302000392000,Savoy,9021302000523000,Valborg,total,0.1101
9021302000429000,Torget,9021302000392000,Savoy,total,0.1098
9021302000439000,Strandnäs,9021302000340000,Odalgården,total,0.1097
9021302000043000,Breidablick,9021302000189000,Jomala skola,total,0.1097
9021302000261000,Källbo skola,9021302000478000,Södernäsvägen vsk.,total,0.1096
9021302000433000,Stenbro vsk.,9021302000261000,Källbo skola,total,0.1095
9021302000492000,Tekniska verken,9021302000441000,Strandnäs hotell,total,0.1091
9021302000045000,Brinkbacken,9021302000107000,Frebbenby,total,0.1088
9021302000255000,Kvarnbo,9021302000429000,Torget,total,0.1087
9021302000308000,"Mariehamn, Bussplan",9021302000525000,Vandö,total,0.1086
9021302000461000,Sviby bro,9021302000662000,"Centrum, Nygatan",total,0.1086
9021302000306000,Mariavägen vsk.,9021302000075000,Eckerö färjterminal,total,0.1086
9021302000075000,Eckerö färjterminal,9021302000308000,"Mariehamn, Bussplan",total,0.1084
9021302000308000,"Mariehamn, Bussplan",9021302000045000,Brinkbacken,total,0.1083
9021302000640000,Doktorsvägen 1B/1C,9021302000639000,Hindersbölevägen,total,0.1081
9021302000181000,Industrivägen vsk.,9021302000117000,Geta centrum,total,0.1078
9021302000075000,Eckerö färjterminal,9021302000400000,Skagvägen vsk.,total,0.1078
9021302000095000,Finströms kyrka,9021302000125000,Godbyvägen 1285,total,0.1075
9021302000117000,Geta centrum,9021302000308000,"Mariehamn, Bussplan",total,0.1075
9021302000261000,Källbo skola,9021302000189000,Jomala skola,total,0.1074
9021302000592000,Öra macken,9021302000308000,"Mariehamn, Bussplan",total,0.1074
9021302000308000,"Mariehamn, Bussplan",9021302000266000,Labbnäs,total,0.1071
9021302000261000,Källbo skola,9021302000439000,Strandnäs,total,0.1071
9021302000001000,4H-gården,9021302000261000,Källbo skola,total,0.107
9021302000308000,"Mariehamn, Bussplan",9021302000195000,Kalmsta,total,0.1069
9021302000640000,Doktorsvägen 1B/1C,9021302000679000,Polishuset,total,0.1068
9021302000261000,Källbo skola,9021302000364000,Prästö,total,0.1061
9021302000107000,Frebbenby,9021302000045000,Brinkbacken,total,0.106
9021302000039000,Bolstaholms vsk.,9021302000230000,Kroklund,total,0.1059
9021302000075000,Eckerö färjterminal,9021302000306000,Mariavägen vsk.,total,0.1058
9021302000123000,Godbyhallen vsk.,9021302000113000,Färjsundsbron,total,0.1056
9021302000181000,Industrivägen vsk.,9021302000266000,Labbnäs,total,0.1054
9021302000123000,Godbyhallen vsk.,9021302000187000,Jomala kyrka,total,0.1047
9021302000041000,Bomarsunds fästning,9021302000364000,Prästö,total,0.1045
9021302000392000,Savoy,9021302000396000,Sjukhuset,total,0.1044
9021302000021000,Bjärström,9021302000312000,Maxinge,total,0.1044
9021302000269000,Lafsbölevägen vsk.,9021302000121000,Godby högstadium,total,0.1041
9021302000023000,Björkliden,9021302000107000,Frebbenby,total,0.1038
9021302000073000,Drygsböle,9021302000668000,Jomala skola södra,total,0.1036
9021302000125000,Godbyvägen 1285,9021302000249000,Kungstensvägen vsk.,total,0.1035
9021302000386000,Sandmovägen vsk.,9021302000308000,"Mariehamn, Bussplan",total,0.1035
9021302000392000,Savoy,9021302000121000,Godby högstadium,total,0.1032
9021302000539000,Vestmyravägen vsk. 1,9021302000189000,Jomala skola,total,0.1028
9021302000125000,Godbyvägen 1285,9021302000113000,Färjsundsbron,total,0.1027
9021302000392000,Savoy,9021302000614000,Kulla sund,total,0.1026
9021302000535000,Vessingsboda,9021302000486000,Södra Flaka,total,0.1026
9021302000366000,Prästö färjfäste,9021302000316000,Mickelsö vsk.,total,0.1023
9021302000362000,Prästgården,9021302000007000,Baltic,total,0.1021
9021302000614000,Kulla sund,9021302000261000,Källbo skola,total,0.102
9021302000308000,"Mariehamn, Bussplan",9021302000592000,Öra macken,total,0.1019
9021302000115000,GE-huset,9021302000543000,Vikingahallen,total,0.1019
9021302000392000,Savoy,9021302000093000,Finby vsk.,total,0.1017
9021302000628000,Sälgstigen,9021302000071000,Doppingvägen,total,0.1015
9021302000261000,Källbo skola,9021302000115000,GE-huset,total,0.1015
9021302000386000,Sandmovägen vsk.,9021302000107000,Frebbenby,total,0.1013
9021302000107000,Frebbenby,9021302000023000,Björkliden,total,0.1011
9021302000668000,Jomala skola södra,9021302000073000,Drygsböle,total,0.1009
9021302000324000,Nabben,9021302000273000,Lemböte vsk.,total,0.1008
9021302000451000,Strömsnäs,9021302000189000,Jomala skola,total,0.1005
9021302000646000,Ytternäs skola,9021302000429000,Torget,total,0.1002
9021302000125000,Godbyvägen 1285,9021302000139000,Grelsby vsk.,total,0.1002
9021302000189000,Jomala skola,9021302000539000,Vestmyravägen vsk. 1,total,0.1001
9021302000679000,Polishuset,9021302000639000,Hindersbölevägen,total,0.0999
9021302000429000,Torget,9021302000214000,Killingholm,total,0.0998
9021302000559000,Västra macken,9021302000392000,Savoy,total,0.0998
9021302000125000,Godbyvägen 1285,9021302000230000,Kroklund,total,0.0998
9021302000187000,Jomala kyrka,9021302000378000,Rönngården,total,0.0997
9021302000639000,Hindersbölevägen,9021302000324000,Nabben,total,0.0996
9021302000308000,"Mariehamn, Bussplan",9021302000386000,Sandmovägen vsk.,total,0.0995
9021302000259000,Källarvägen,9021302000461000,Sviby bro,total,0.0994
9021302000269000,Lafsbölevägen vsk.,9021302000261000,Källbo skola,total,0.0994
9021302000125000,Godbyvägen 1285,9021302000161000,Havsvidden vsk.,total,0.0993
9021302000107000,Frebbenby,9021302000386000,Sandmovägen vsk.,total,0.0993
9021302000209000,Kattby södra,9021302000226000,Korsbro,total,0.0987
9021302000181000,Industrivägen vsk.,9021302000095000,Finströms kyrka,total,0.0985
9021302000523000,Valborg,9021302000216000,Klemetsby,total,0.0984
9021302000439000,Strandnäs,9021302000396000,Sjukhuset,total,0.0983
9021302000586000,Ödkarby skola,9021302000585000,Ödkarby,total,0.0981
9021302000123000,Godbyhallen vsk.,9021302000429000,Torget,total,0.0977
9021302000396000,Sjukhuset,9021302000340000,Odalgården,total,0.0976
9021302000224000,Kockobacka,9021302000308000,"Mariehamn, Bussplan",total,0.0976
9021302000093000,Finby vsk.,9021302000418000,Smedsböle vsk.,total,0.0976
9021302000662000,"Centrum, Nygatan",9021302000627000,Cedersvägen,total,0.0975
9021302000525000,Vandö,9021302000123000,Godbyhallen vsk.,total,0.0972
9021302000646000,Ytternäs skola,9021302000657000,Kyrkan,total,0.097
9021302000461000,Sviby bro,9021302000259000,Källarvägen,total,0.0968
9021302000312000,Maxinge,9021302000643000,Örtvägen,total,0.0967
9021302000118000,Godby centrum,9021302000255000,Kvarnbo,total,0.0967
9021302000115000,GE-huset,9021302000429000,Torget,total,0.0966
9021302000412000,Slottsvägen vsk.,9021302000492000,Tekniska verken,total,0.0964
9021302000259000,Källarvägen,9021302000567000,Ålandsplan,total,0.0963
9021302000392000,Savoy,9021302000185000,Jomala församlingshem,total,0.0962
9021302000564000,Ytternäs skola,9021302000137000,Granö vändplan,total,0.0961
9021302000226000,Korsbro,9021302000209000,Kattby södra,total,0.0961
9021302000523000,Valborg,9021302000490000,Södra Svinövägen vsk.,total,0.0959
9021302000445000,Strandnäs skola södra,9021302000195000,Kalmsta,total,0.0958
9021302000261000,Källbo skola,9021302000312000,Maxinge,total,0.0958
9021302000441000,Strandnäs hotell,9021302000392000,Savoy,total,0.0957
9021302000308000,"Mariehamn, Bussplan",9021302000497000,Tjudö midsommarstång,total,0.0951
9021302000543000,Vikingahallen,9021302000508000,Torrbolstad,total,0.0951
9021302000312000,Maxinge,9021302000543000,Vikingahallen,total,0.0948
9021302000123000,Godbyhallen vsk.,9021302000062000,Daglösa,total,0.0948
9021302000121000,Godby högstadium,9021302000372000,Pålsbölevägen,total,0.0947
9021302000492000,Tekniska verken,9021302000115000,GE-huset,total,0.0946
9021302000627000,Cedersvägen,9021302000662000,"Centrum, Nygatan",total,0.0945
9021302000567000,Ålandsplan,9021302000259000,Källarvägen,total,0.0943
9021302000543000,Vikingahallen,9021302000396000,Sjukhuset,total,0.0941
9021302000123000,Godbyhallen vsk.,9021302000439000,Strandnäs,total,0.0939
9021302000362000,Prästgården,9021302000245000,Kummelören,total,0.0937
9021302000416000,Smartpark,9021302000189000,Jomala skola,total,0.0934
9021302000662000,"Centrum, Nygatan",9021302000671000,Dalkullavägen,total,0.0932
9021302000392000,Savoy,9021302000031000,Björkängsvägen vsk.,total,0.0932
9021302000429000,Torget,9021302000623000,Lindstigen,total,0.0931
9021302000185000,Jomala församlingshem,9021302000492000,Tekniska verken,total,0.0928
9021302000318000,Musterivägen vsk.,9021302000125000,Godbyvägen 1285,total,0.0926
9021302000648000,Baltichallen,9021302000071000,Doppingvägen,total,0.0925
9021302000023000,Björkliden,9021302000308000,"Mariehamn, Bussplan",total,0.0925
9021302000392000,Savoy,9021302000508000,Torrbolstad,total,0.0923
9021302000261000,Källbo skola,9021302000611000,Skräddarsvängen vsk.,total,0.0922
9021302000497000,Tjudö midsommarstång,9021302000123000,Godbyhallen vsk.,total,0.092
9021302000340000,Odalgården,9021302000439000,Strandnäs,total,0.0917
9021302000308000,"Mariehamn, Bussplan",9021302000588000,Öjvägen vsk.,total,0.0915
9021302000396000,Sjukhuset,9021302000590000,Önningeby vsk.,total,0.0914
9021302000630000,Kalmarnäs vändplan,9021302000429000,Torget,total,0.0913
9021302000324000,Nabben,9021302000445000,Strandnäs skola södra,total,0.0912
9021302000255000,Kvarnbo,9021302000157000,Haraldsby,total,0.0912
9021302000189000,Jomala skola,9021302000416000,Smartpark,total,0.0909
9021302000115000,GE-huset,9021302000029000,Björkuddsvägen vsk.,total,0.0903
9021302000433000,Stenbro vsk.,9021302000392000,Savoy,total,0.0903
9021302000662000,"Centrum, Nygatan",9021302000660000,Ålands lyceum,total,0.0901
9021302000113000,Färjsundsbron,9021302000308000,"Mariehamn, Bussplan",total,0.0901
9021302000308000,"Mariehamn, Bussplan",9021302000408000,Skolsvängen vsk.,total,0.09
9021302000396000,Sjukhuset,9021302000429000,Torget,total,0.09
9021302000314000,Mellanvik,9021302000535000,Vessingsboda,total,0.0895
9021302000590000,Önningeby vsk.,9021302000421000,Solberget södra,total,0.0894
9021302000123000,Godbyhallen vsk.,9021302000154000,Hamnsundsvägen vsk.,total,0.0894
9021302000298000,Mangelbo,9021302000121000,Godby högstadium,total,0.0891
9021302000255000,Kvarnbo,9021302000312000,Maxinge,total,0.089
9021302000318000,Musterivägen vsk.,9021302000308000,"Mariehamn, Bussplan",total,0.0889
9021302000439000,Strandnäs,9021302000508000,Torrbolstad,total,0.0888
9021302000137000,Granö vändplan,9021302000564000,Ytternäs skola,total,0.0888
9021302000392000,Savoy,9021302000316000,Mickelsö vsk.,total,0.0887
9021302000657000,Kyrkan,9021302000623000,Lindstigen,total,0.0887
9021302000121000,Godby högstadium,9021302000586000,Ödkarby skola,total,0.0887
9021302000234000,Krokstad vsk.,9021302000189000,Jomala skola,total,0.0887
9021302000121000,Godby högstadium,9021302000566000,Ytterängsvägen vsk.,total,0.0886
9021302000011000,Bartsgårda,9021302000322000,Mörslättsvägen vsk.,total,0.0885
9021302000364000,Prästö,9021302000492000,Tekniska verken,total,0.088
9021302000312000,Maxinge,9021302000071000,Doppingvägen,total,0.0879
9021302000666000,Svinryggen,9021302000668000,Jomala skola södra,total,0.0879
9021302000308000,"Mariehamn, Bussplan",9021302000023000,Björkliden,total,0.0878
9021302000559000,Västra macken,9021302000492000,Tekniska verken,total,0.0878
9021302000559000,Västra macken,9021302000630000,Kalmarnäs vändplan,total,0.0878
9021302000590000,Önningeby vsk.,9021302000115000,GE-huset,total,0.0877
9021302000523000,Valborg,9021302000007000,Baltic,total,0.0877
9021302000115000,GE-huset,9021302000261000,Källbo skola,total,0.0875
9021302000445000,Strandnäs skola södra,9021302000639000,Hindersbölevägen,total,0.0875
9021302000445000,Strandnäs skola södra,9021302000071000,Doppingvägen,total,0.0871
9021302000255000,Kvarnbo,9021302000214000,Killingholm,total,0.087
9021302000429000,Torget,9021302000157000,Haraldsby,total,0.0868
9021302000189000,Jomala skola,9021302000463000,Svinö färjfäste,total,0.0867
9021302000492000,Tekniska verken,9021302000433000,Stenbro vsk.,total,0.0865
9021302000590000,Önningeby vsk.,9021302000029000,Björkuddsvägen vsk.,total,0.0865
9021302000439000,Strandnäs,9021302000261000,Källbo skola,total,0.0863
9021302000121000,Godby högstadium,9021302000392000,Savoy,total,0.0863
9021302000067000,Degersandsvägen vsk.,9021302000107000,Frebbenby,total,0.0862
9021302000648000,Baltichallen,9021302000429000,Torget,total,0.0861
9021302000123000,Godbyhallen vsk.,9021302000318000,Musterivägen vsk.,total,0.0861
9021302000630000,Kalmarnäs vändplan,9021302000392000,Savoy,total,0.086
9021302000118000,Godby centrum,9021302000261000,Källbo skola,total,0.086
9021302000338000,Nääs,9021302000308000,"Mariehamn, Bussplan",total,0.086
9021302000115000,GE-huset,9021302000255000,Kvarnbo,total,0.0857
9021302000312000,Maxinge,9021302000214000,Killingholm,total,0.0856
9021302000668000,Jomala skola södra,9021302000666000,Svinryggen,total,0.0856
9021302000372000,Pålsbölevägen,9021302000261000,Källbo skola,total,0.0854
9021302000123000,Godbyhallen vsk.,9021302000168000,Hemdal,total,0.0852
9021302000261000,Källbo skola,9021302000093000,Finby vsk.,total,0.085
9021302000261000,Källbo skola,9021302000499000,Tjudö vsk.,total,0.0847
9021302000416000,Smartpark,9021302000075000,Eckerö färjterminal,total,0.0847
9021302000324000,Nabben,9021302000679000,Polishuset,total,0.0846
9021302000564000,Ytternäs skola,9021302000332000,Nåtö biologiska,total,0.0846
9021302000123000,Godbyhallen vsk.,9021302000185000,Jomala församlingshem,total,0.0844
9021302000362000,Prästgården,9021302000490000,Södra Svinövägen vsk.,total,0.084
9021302000107000,Frebbenby,9021302000067000,Degersandsvägen vsk.,total,0.0839
9021302000586000,Ödkarby skola,9021302000453000,Stålsby,total,0.0837
9021302000478000,Södernäsvägen vsk.,9021302000308000,"Mariehamn, Bussplan",total,0.0835
9021302000115000,GE-huset,9021302000340000,Odalgården,total,0.0834
9021302000261000,Källbo skola,9021302000566000,Ytterängsvägen vsk.,total,0.0833
9021302000344000,Ollasgatan vsk.,9021302000308000,"Mariehamn, Bussplan",total,0.0833
9021302000648000,Baltichallen,9021302000657000,Kyrkan,total,0.0832
9021302000261000,Källbo skola,9021302000586000,Ödkarby skola,total,0.0832
9021302000662000,"Centrum, Nygatan",9021302000461000,Sviby bro,total,0.0831
9021302000123000,Godbyhallen vsk.,9021302000501000,Tobölevägen vsk.,total,0.0831
9021302000418000,Smedsböle vsk.,9021302000484000,Södra Finbygatan vsk.,total,0.083
9021302000362000,Prästgården,9021302000380000,Rörstorp,total,0.0828
9021302000261000,Källbo skola,9021302000201000,Kastelholm,total,0.0828
9021302000567000,Ålandsplan,9021302000590000,Önningeby vsk.,total,0.0827
9021302000035000,Bo-Bil,9021302000185000,Jomala församlingshem,total,0.0827
9021302000368000,Pålsböle daghem,9021302000121000,Godby högstadium,total,0.0827
9021302000429000,Torget,9021302000115000,GE-huset,total,0.0825
9021302000191000,Jomalaby,9021302000266000,Labbnäs,total,0.0825
9021302000662000,"Centrum, Nygatan",9021302000636000,Backebergs sportfält,total,0.0824
9021302000304000,Marbyöjen vsk.,9021302000107000,Frebbenby,total,0.0824
9021302000075000,Eckerö färjterminal,9021302000416000,Smartpark,total,0.0824
9021302000643000,Örtvägen,9021302000640000,Doktorsvägen 1B/1C,total,0.0822
9021302000071000,Doppingvägen,9021302000647000,Lotsgatan,total,0.0822
9021302000592000,Öra macken,9021302000207000,Kattby,total,0.0822
9021302000195000,Kalmsta,9021302000590000,Önningeby vsk.,total,0.0821
9021302000191000,Jomalaby,9021302000117000,Geta centrum,total,0.0821
9021302000352000,Pettböle,9021302000121000,Godby högstadium,total,0.0821
9021302000308000,"Mariehamn, Bussplan",9021302000421000,Solberget södra,total,0.0818
9021302000123000,Godbyhallen vsk.,9021302000340000,Odalgården,total,0.0818
9021302000123000,Godbyhallen vsk.,9021302000457000,Svartsmara,total,0.0817
9021302000512000,Tärnebolstad,9021302000308000,"Mariehamn, Bussplan",total,0.0816
9021302000071000,Doppingvägen,9021302000626000,Källstigen,total,0.0815
9021302000622000,Solberget,9021302000396000,Sjukhuset,total,0.0815
9021302000298000,Mangelbo,9021302000261000,Källbo skola,total,0.0815
9021302000435000,Storby,9021302000606000,Överbyvägen vsk.,total,0.0815
9021302000606000,Överbyvägen vsk.,9021302000435000,Storby,total,0.0814
9021302000261000,Källbo skola,9021302000191000,Jomalaby,total,0.0812
9021302000039000,Bolstaholms vsk.,9021302000368000,Pålsböle daghem,total,0.0809
9021302000492000,Tekniska verken,9021302000121000,Godby högstadium,total,0.0808
9021302000127000,Gottby,9021302000189000,Jomala skola,total,0.0807
9021302000677000,Norrgårdsvägen,9021302000662000,"Centrum, Nygatan",total,0.0805
9021302000123000,Godbyhallen vsk.,9021302000553000,Västanträsk musteri,total,0.0805
9021302000039000,Bolstaholms vsk.,9021302000370000,Pålsböle Sarlings,total,0.0804
9021302000107000,Frebbenby,9021302000304000,Marbyöjen vsk.,total,0.0803
9021302000421000,Solberget södra,9021302000029000,Björkuddsvägen vsk.,total,0.0802
9021302000207000,Kattby,9021302000592000,Öra macken,total,0.0801
9021302000492000,Tekniska verken,9021302000255000,Kvarnbo,total,0.08
9021302000418000,Smedsböle vsk.,9021302000316000,Mickelsö vsk.,total,0.08
9021302000304000,Marbyöjen vsk.,9021302000308000,"Mariehamn, Bussplan",total,0.08
9021302000058000,Böle vsk.,9021302000207000,Kattby,total,0.08
9021302000400000,Skagvägen vsk.,9021302000189000,Jomala skola,total,0.08
9021302000441000,Strandnäs hotell,9021302000492000,Tekniska verken,total,0.0799
9021302000623000,Lindstigen,9021302000071000,Doppingvägen,total,0.0795
9021302000508000,Torrbolstad,9021302000429000,Torget,total,0.0794
9021302000344000,Ollasgatan vsk.,9021302000107000,Frebbenby,total,0.0794
9021302000039000,Bolstaholms vsk.,9021302000121000,Godby högstadium,total,0.0794
9021302000308000,"Mariehamn, Bussplan",9021302000109000,Fremmanby,total,0.0793
9021302000439000,Strandnäs,9021302000392000,Savoy,total,0.0792
9021302000308000,"Mariehamn, Bussplan",9021302000344000,Ollasgatan vsk.,total,0.0791
9021302000312000,Maxinge,9021302000596000,Östanåkersvägen vsk.,total,0.079
9021302000214000,Killingholm,9021302000586000,Ödkarby skola,total,0.0789
9021302000429000,Torget,9021302000441000,Strandnäs hotell,total,0.0788
9021302000564000,Ytternäs skola,9021302000097000,Skrakvägen,total,0.0787
9021302000447000,Strömma,9021302000308000,"Mariehamn, Bussplan",total,0.0787
9021302000189000,Jomala skola,9021302000127000,Gottby,total,0.0786
9021302000364000,Prästö,9021302000041000,Bomarsunds fästning,total,0.0786
9021302000392000,Savoy,9021302000418000,Smedsböle vsk.,total,0.0785
9021302000118000,Godby centrum,9021302000121000,Godby högstadium,total,0.0785
9021302000523000,Valborg,9021302000245000,Kummelören,total,0.0783
9021302000364000,Prästö,9021302000261000,Källbo skola,total,0.0783
9021302000312000,Maxinge,9021302000324000,Nabben,total,0.0782
9021302000332000,Nåtö biologiska,9021302000564000,Ytternäs skola,total,0.0782
9021302000646000,Ytternäs skola,9021302000626000,Källstigen,total,0.078
9021302000590000,Önningeby vsk.,9021302000463000,Svinö färjfäste,total,0.078
9021302000163000,Hellesby,9021302000543000,Vikingahallen,total,0.078
9021302000189000,Jomala skola,9021302000400000,Skagvägen vsk.,total,0.0779
9021302000047000,Brobacka vsk.,9021302000308000,"Mariehamn, Bussplan",total,0.0779
9021302000207000,Kattby,9021302000058000,Böle vsk.,total,0.0779
9021302000543000,Vikingahallen,9021302000115000,GE-huset,total,0.0778
9021302000209000,Kattby södra,9021302000392000,Savoy,total,0.0776
9021302000071000,Doppingvägen,9021302000097000,Skrakvägen,total,0.0774
9021302000095000,Finströms kyrka,9021302000117000,Geta centrum,total,0.0774
9021302000107000,Frebbenby,9021302000344000,Ollasgatan vsk.,total,0.0774
9021302000564000,Ytternäs skola,9021302000133000,Granholm,total,0.0773
9021302000113000,Färjsundsbron,9021302000125000,Godbyvägen 1285,total,0.0772
9021302000216000,Klemetsby,9021302000362000,Prästgården,total,0.0771
9021302000614000,Kulla sund,9021302000392000,Savoy,total,0.077
9021302000647000,Lotsgatan,9021302000646000,Ytternäs skola,total,0.0769
9021302000216000,Klemetsby,9021302000308000,"Mariehamn, Bussplan",total,0.0769
9021302000255000,Kvarnbo,9021302000543000,Vikingahallen,total,0.0769
9021302000316000,Mickelsö vsk.,9021302000366000,Prästö färjfäste,total,0.0769
9021302000392000,Savoy,9021302000187000,Jomala kyrka,total,0.0767
9021302000095000,Finströms kyrka,9021302000266000,Labbnäs,total,0.0767
9021302000352000,Pettböle,9021302000261000,Källbo skola,total,0.0767
9021302000029000,Björkuddsvägen vsk.,9021302000492000,Tekniska verken,total,0.0766
9021302000292000,Lönnhagsvägen,9021302000392000,Savoy,total,0.0763
9021302000187000,Jomala kyrka,9021302000492000,Tekniska verken,total,0.0763
9021302000093000,Finby vsk.,9021302000392000,Savoy,total,0.0763
9021302000045000,Brinkbacken,9021302000207000,Kattby,total,0.0763
9021302000035000,Bo-Bil,9021302000187000,Jomala kyrka,total,0.0762
9021302000671000,Dalkullavägen,9021302000662000,"Centrum, Nygatan",total,0.0762
9021302000543000,Vikingahallen,9021302000163000,Hellesby,total,0.0762
9021302000308000,"Mariehamn, Bussplan",9021302000304000,Marbyöjen vsk.,total,0.076
9021302000392000,Savoy,9021302000209000,Kattby södra,total,0.076
9021302000123000,Godbyhallen vsk.,9021302000115000,GE-huset,total,0.076
9021302000011000,Bartsgårda,9021302000326000,Nabbenvägen vsk.,total,0.076
9021302000191000,Jomalaby,9021302000095000,Finströms kyrka,total,0.0759
9021302000340000,Odalgården,9021302000396000,Sjukhuset,total,0.0755
9021302000366000,Prästö färjfäste,9021302000545000,Vårdö kyrka,total,0.0755
9021302000308000,"Mariehamn, Bussplan",9021302000342000,Ollas,total,0.0753
9021302000429000,Torget,9021302000273000,Lemböte vsk.,total,0.0753
9021302000121000,Godby högstadium,9021302000492000,Tekniska verken,total,0.0753
9021302000255000,Kvarnbo,9021302000392000,Savoy,total,0.075
9021302000392000,Savoy,9021302000201000,Kastelholm,total,0.0749
9021302000123000,Godbyhallen vsk.,9021302000492000,Tekniska verken,total,0.0749
9021302000541000,Vestmyravägen vsk. 2,9021302000308000,"Mariehamn, Bussplan",total,0.0749
9021302000324000,Nabben,9021302000451000,Strömsnäs,total,0.0748
9021302000187000,Jomala kyrka,9021302000185000,Jomala församlingshem,total,0.0747
9021302000238000,Kullagatan vsk.,9021302000121000,Godby högstadium,total,0.0747
9021302000189000,Jomala skola,9021302000165000,Hellestorp,total,0.0744
9021302000121000,Godby högstadium,9021302000543000,Vikingahallen,total,0.0743
9021302000207000,Kattby,9021302000045000,Brinkbacken,total,0.0743
9021302000251000,Kungsö vsk.,9021302000392000,Savoy,total,0.0742
9021302000181000,Industrivägen vsk.,9021302000121000,Godby högstadium,total,0.0742
9021302000492000,Tekniska verken,9021302000614000,Kulla sund,total,0.0741
9021302000623000,Lindstigen,9021302000646000,Ytternäs skola,total,0.0741
9021302000308000,"Mariehamn, Bussplan",9021302000449000,Strömsby vsk.,total,0.0739
9021302000097000,Skrakvägen,9021302000564000,Ytternäs skola,total,0.0735
9021302000023000,Björkliden,9021302000207000,Kattby,total,0.0735
9021302000109000,Fremmanby,9021302000123000,Godbyhallen vsk.,total,0.0734
9021302000429000,Torget,9021302000187000,Jomala kyrka,total,0.0733
9021302000189000,Jomala skola,9021302000388000,Sandvik,total,0.0733
9021302000007000,Baltic,9021302000362000,Prästgården,total,0.0733
9021302000386000,Sandmovägen vsk.,9021302000207000,Kattby,total,0.0733
9021302000392000,Savoy,9021302000292000,Lönnhagsvägen,total,0.0731
9021302000590000,Önningeby vsk.,9021302000523000,Valborg,total,0.0728
9021302000127000,Gottby,9021302000308000,"Mariehamn, Bussplan",total,0.0728
9021302000392000,Savoy,9021302000251000,Kungsö vsk.,total,0.0727
9021302000543000,Vikingahallen,9021302000214000,Killingholm,total,0.0726
9021302000121000,Godby högstadium,9021302000478000,Södernäsvägen vsk.,total,0.0726
9021302000255000,Kvarnbo,9021302000439000,Strandnäs,total,0.0723
9021302000639000,Hindersbölevägen,9021302000644000,Strandgränd,total,0.0721
9021302000478000,Södernäsvägen vsk.,9021302000261000,Källbo skola,total,0.0721
9021302000312000,Maxinge,9021302000240000,Kullavägen vsk.,total,0.072
9021302000207000,Kattby,9021302000386000,Sandmovägen vsk.,total,0.072
9021302000492000,Tekniska verken,9021302000093000,Finby vsk.,total,0.0717
9021302000207000,Kattby,9021302000023000,Björkliden,total,0.0716
9021302000222000,Knutsbodavägen vsk.,9021302000308000,"Mariehamn, Bussplan",total,0.0715
9021302000238000,Kullagatan vsk.,9021302000261000,Källbo skola,total,0.0715
9021302000133000,Granholm,9021302000564000,Ytternäs skola,total,0.0714
9021302000312000,Maxinge,9021302000157000,Haraldsby,total,0.0712
9021302000322000,Mörslättsvägen vsk.,9021302000125000,Godbyvägen 1285,total,0.0712
9021302000308000,"Mariehamn, Bussplan",9021302000541000,Vestmyravägen vsk. 2,total,0.071
9021302000308000,"Mariehamn, Bussplan",9021302000224000,Kockobacka,total,0.0707
9021302000216000,Klemetsby,9021302000577000,Ängösundsvägen vsk.,total,0.0707
9021302000486000,Södra Flaka,9021302000463000,Svinö färjfäste,total,0.0705
9021302000621000,Övernäsgården,9021302000429000,Torget,total,0.0704
9021302000457000,Svartsmara,9021302000123000,Godbyhallen vsk.,total,0.0704
9021302000195000,Kalmsta,9021302000308000,"Mariehamn, Bussplan",total,0.0703
9021302000011000,Bartsgårda,9021302000308000,"Mariehamn, Bussplan",total,0.0703
9021302000632000,Vikingagränd,9021302000662000,"Centrum, Nygatan",total,0.0702
9021302000001000,4H-gården,9021302000123000,Godbyhallen vsk.,total,0.0702
9021302000308000,"Mariehamn, Bussplan",9021302000127000,Gottby,total,0.0701
9021302000392000,Savoy,9021302000214000,Killingholm,total,0.0699
9021302000535000,Vessingsboda,9021302000314000,Mellanvik,total,0.0698
9021302000370000,Pålsböle Sarlings,9021302000368000,Pålsböle daghem,total,0.0698
9021302000115000,GE-huset,9021302000439000,Strandnäs,total,0.0697
9021302000181000,Industrivägen vsk.,9021302000322000,Mörslättsvägen vsk.,total,0.0697
9021302000392000,Savoy,9021302000273000,Lemböte vsk.,total,0.0696
9021302000429000,Torget,9021302000559000,Västra macken,total,0.0696
9021302000429000,Torget,9021302000097000,Skrakvägen,total,0.0696
9021302000492000,Tekniska verken,9021302000031000,Björkängsvägen vsk.,total,0.0696
9021302000639000,Hindersbölevägen,9021302000616000,Doktorsvägen 1A,total,0.0695
9021302000342000,Ollas,9021302000123000,Godbyhallen vsk.,total,0.0694
9021302000523000,Valborg,9021302000380000,Rörstorp,total,0.0692
9021302000007000,Baltic,9021302000308000,"Mariehamn, Bussplan",total,0.069
9021302000095000,Finströms kyrka,9021302000308000,"Mariehamn, Bussplan",total,0.069
9021302000326000,Nabbenvägen vsk.,9021302000117000,Geta centrum,total,0.0689
9021302000308000,"Mariehamn, Bussplan",9021302000322000,Mörslättsvägen vsk.,total,0.0687
9021302000622000,Solberget,9021302000559000,Västra macken,total,0.0687
9021302000418000,Smedsböle vsk.,9021302000545000,Vårdö kyrka,total,0.0687
9021302000396000,Sjukhuset,9021302000392000,Savoy,total,0.0685
9021302000324000,Nabben,9021302000615000,Österkullagatan,total,0.0685
9021302000358000,Posten,9021302000392000,Savoy,total,0.0685
9021302000073000,Drygsböle,9021302000189000,Jomala skola,total,0.0684
9021302000508000,Torrbolstad,9021302000312000,Maxinge,total,0.0684
9021302000392000,Savoy,9021302000510000,Tosarby vsk.,total,0.0682
9021302000216000,Klemetsby,9021302000523000,Valborg,total,0.0682
9021302000596000,Östanåkersvägen vsk.,9021302000312000,Maxinge,total,0.0681
9021302000312000,Maxinge,9021302000089000,Emkarby daghem,total,0.0678
9021302000121000,Godby högstadium,9021302000176000,Hummelskär,total,0.0678
9021302000557000,Västeränga,9021302000463000,Svinö färjfäste,total,0.0678
9021302000308000,"Mariehamn, Bussplan",9021302000183000,Ingby,total,0.0677
9021302000606000,Överbyvägen vsk.,9021302000543000,Vikingahallen,total,0.0677
9021302000392000,Savoy,9021302000484000,Södra Finbygatan vsk.,total,0.0676
9021302000107000,Frebbenby,9021302000306000,Mariavägen vsk.,total,0.0676
9021302000525000,Vandö,9021302000308000,"Mariehamn, Bussplan",total,0.0676
9021302000308000,"Mariehamn, Bussplan",9021302000139000,Grelsby vsk.,total,0.0675
9021302000646000,Ytternäs skola,9021302000628000,Sälgstigen,total,0.0675
9021302000396000,Sjukhuset,9021302000421000,Solberget södra,total,0.0674
9021302000439000,Strandnäs,9021302000214000,Killingholm,total,0.0674
9021302000592000,Öra macken,9021302000075000,Eckerö färjterminal,total,0.0674
9021302000209000,Kattby södra,9021302000492000,Tekniska verken,total,0.0673
9021302000314000,Mellanvik,9021302000362000,Prästgården,total,0.0671
9021302000646000,Ytternäs skola,9021302000097000,Skrakvägen,total,0.0669
9021302000117000,Geta centrum,9021302000011000,Bartsgårda,total,0.0669
9021302000261000,Källbo skola,9021302000510000,Tosarby vsk.,total,0.0668
9021302000261000,Källbo skola,9021302000418000,Smedsböle vsk.,total,0.0668
9021302000362000,Prästgården,9021302000577000,Ängösundsvägen vsk.,total,0.0667
9021302000189000,Jomala skola,9021302000073000,Drygsböle,total,0.0666
9021302000007000,Baltic,9021302000523000,Valborg,total,0.0666
9021302000492000,Tekniska verken,9021302000209000,Kattby södra,total,0.0665
9021302000621000,Övernäsgården,9021302000657000,Kyrkan,total,0.0665
9021302000306000,Mariavägen vsk.,9021302000107000,Frebbenby,total,0.0665
9021302000316000,Mickelsö vsk.,9021302000392000,Savoy,total,0.0665
9021302000123000,Godbyhallen vsk.,9021302000191000,Jomalaby,total,0.0664
9021302000435000,Storby,9021302000083000,Eckerö posthus vsk.,total,0.0664
9021302000543000,Vikingahallen,9021302000606000,Överbyvägen vsk.,total,0.0662
9021302000245000,Kummelören,9021302000362000,Prästgården,total,0.0662
9021302000486000,Södra Flaka,9021302000535000,Vessingsboda,total,0.066
9021302000035000,Bo-Bil,9021302000261000,Källbo skola,total,0.0658
9021302000075000,Eckerö färjterminal,9021302000592000,Öra macken,total,0.0657
9021302000662000,"Centrum, Nygatan",9021302000641000,Hjortronstigen,total,0.0656
9021302000648000,Baltichallen,9021302000647000,Lotsgatan,total,0.0656
9021302000292000,Lönnhagsvägen,9021302000492000,Tekniska verken,total,0.0656
9021302000185000,Jomala församlingshem,9021302000035000,Bo-Bil,total,0.0655
9021302000123000,Godbyhallen vsk.,9021302000269000,Lafsbölevägen vsk.,total,0.0654
9021302000255000,Kvarnbo,9021302000585000,Ödkarby,total,0.0654
9021302000261000,Källbo skola,9021302000340000,Odalgården,total,0.0653
9021302000358000,Posten,9021302000492000,Tekniska verken,total,0.0652
9021302000031000,Björkängsvägen vsk.,9021302000392000,Savoy,total,0.0652
9021302000185000,Jomala församlingshem,9021302000392000,Savoy,total,0.0651
9021302000662000,"Centrum, Nygatan",9021302000259000,Källarvägen,total,0.065
9021302000641000,Hjortronstigen,9021302000662000,"Centrum, Nygatan",total,0.0648
9021302000189000,Jomala skola,9021302000543000,Vikingahallen,total,0.0648
9021302000308000,"Mariehamn, Bussplan",9021302000326000,Nabbenvägen vsk.,total,0.0647
9021302000433000,Stenbro vsk.,9021302000492000,Tekniska verken,total,0.0647
9021302000083000,Eckerö posthus vsk.,9021302000435000,Storby,total,0.0647
9021302000421000,Solberget södra,9021302000324000,Nabben,total,0.0646
9021302000273000,Lemböte vsk.,9021302000324000,Nabben,total,0.0646
9021302000230000,Kroklund,9021302000611000,Skräddarsvängen vsk.,total,0.0643
9021302000125000,Godbyvägen 1285,9021302000039000,Bolstaholms vsk.,total,0.0642
9021302000314000,Mellanvik,9021302000557000,Västeränga,total,0.0641
9021302000261000,Källbo skola,9021302000176000,Hummelskär,total,0.0641
9021302000266000,Labbnäs,9021302000011000,Bartsgårda,total,0.0639
9021302000113000,Färjsundsbron,9021302000123000,Godbyhallen vsk.,total,0.0638
9021302000123000,Godbyhallen vsk.,9021302000111000,Furuholmen vsk.,total,0.0635
9021302000492000,Tekniska verken,9021302000292000,Lönnhagsvägen,total,0.0634
9021302000492000,Tekniska verken,9021302000630000,Kalmarnäs vändplan,total,0.0634
9021302000535000,Vessingsboda,9021302000324000,Nabben,total,0.0634
9021302000115000,GE-huset,9021302000508000,Torrbolstad,total,0.0633
9021302000523000,Valborg,9021302000492000,Tekniska verken,total,0.0633
9021302000392000,Savoy,9021302000545000,Vårdö kyrka,total,0.0632
9021302000523000,Valborg,9021302000678000,Långnäs hamn,total,0.0632
9021302000312000,Maxinge,9021302000622000,Solberget,total,0.0631
9021302000185000,Jomala församlingshem,9021302000187000,Jomala kyrka,total,0.0631
9021302000261000,Källbo skola,9021302000049000,Brokärrsvägen vsk.,total,0.063
9021302000093000,Finby vsk.,9021302000261000,Källbo skola,total,0.063
9021302000622000,Solberget,9021302000630000,Kalmarnäs vändplan,total,0.0629
9021302000386000,Sandmovägen vsk.,9021302000344000,Ollasgatan vsk.,total,0.0627
9021302000067000,Degersandsvägen vsk.,9021302000207000,Kattby,total,0.0625
9021302000484000,Södra Finbygatan vsk.,9021302000418000,Smedsböle vsk.,total,0.0624
9021302000209000,Kattby södra,9021302000559000,Västra macken,total,0.0622
9021302000640000,Doktorsvägen 1B/1C,9021302000324000,Nabben,total,0.0621
9021302000543000,Vikingahallen,9021302000189000,Jomala skola,total,0.0621
9021302000543000,Vikingahallen,9021302000157000,Haraldsby,total,0.062
9021302000240000,Kullavägen vsk.,9021302000312000,Maxinge,total,0.062
9021302000326000,Nabbenvägen vsk.,9021302000266000,Labbnäs,total,0.062
9021302000435000,Storby,9021302000543000,Vikingahallen,total,0.062
9021302000251000,Kungsö vsk.,9021302000492000,Tekniska verken,total,0.0619
9021302000344000,Ollasgatan vsk.,9021302000386000,Sandmovägen vsk.,total,0.0619
9021302000630000,Kalmarnäs vändplan,9021302000396000,Sjukhuset,total,0.0618
9021302000029000,Björkuddsvägen vsk.,9021302000463000,Svinö färjfäste,total,0.0618
9021302000261000,Källbo skola,9021302000185000,Jomala församlingshem,total,0.0618
9021302000435000,Storby,9021302000400000,Skagvägen vsk.,total,0.0618
9021302000308000,"Mariehamn, Bussplan",9021302000118000,Godby centrum,total,0.0617
9021302000157000,Haraldsby,9021302000508000,Torrbolstad,total,0.0617
9021302000201000,Kastelholm,9021302000261000,Källbo skola,total,0.0616
9021302000633000,Bolstavägen,9021302000639000,Hindersbölevägen,total,0.0614
9021302000123000,Godbyhallen vsk.,9021302000392000,Savoy,total,0.0614
9021302000123000,Godbyhallen vsk.,9021302000378000,Rönngården,total,0.0614
9021302000492000,Tekniska verken,9021302000251000,Kungsö vsk.,total,0.0612
9021302000492000,Tekniska verken,9021302000316000,Mickelsö vsk.,total,0.0612
9021302000326000,Nabbenvägen vsk.,9021302000125000,Godbyvägen 1285,total,0.0612
9021302000400000,Skagvägen vsk.,9021302000435000,Storby,total,0.0612
9021302000308000,"Mariehamn, Bussplan",9021302000463000,Svinö färjfäste,total,0.0611
9021302000435000,Storby,9021302000101000,Fjärilsgatan vsk.,total,0.061
9021302000118000,Godby centrum,9021302000508000,Torrbolstad,total,0.0609
9021302000157000,Haraldsby,9021302000214000,Killingholm,total,0.0609
9021302000207000,Kattby,9021302000067000,Degersandsvägen vsk.,total,0.0609
9021302000559000,Västra macken,9021302000209000,Kattby södra,total,0.0606
9021302000416000,Smartpark,9021302000308000,"Mariehamn, Bussplan",total,0.0606
9021302000611000,Skräddarsvängen vsk.,9021302000123000,Godbyhallen vsk.,total,0.0606
9021302000492000,Tekniska verken,9021302000508000,Torrbolstad,total,0.0605
9021302000543000,Vikingahallen,9021302000435000,Storby,total,0.0605
9021302000340000,Odalgården,9021302000115000,GE-huset,total,0.0604
9021302000292000,Lönnhagsvägen,9021302000559000,Västra macken,total,0.0602
9021302000316000,Mickelsö vsk.,9021302000418000,Smedsböle vsk.,total,0.0602
9021302000214000,Killingholm,9021302000429000,Torget,total,0.0602
9021302000392000,Savoy,9021302000157000,Haraldsby,total,0.06
9021302000492000,Tekniska verken,9021302000378000,Rönngården,total,0.06
9021302000380000,Rörstorp,9021302000362000,Prästgården,total,0.0599
9021302000181000,Industrivägen vsk.,9021302000326000,Nabbenvägen vsk.,total,0.0599
9021302000156000,Hamnterminalen,9021302000071000,Doppingvägen,total,0.0598
9021302000543000,Vikingahallen,9021302000259000,Källarvägen,total,0.0598
9021302000539000,Vestmyravägen vsk. 1,9021302000308000,"Mariehamn, Bussplan",total,0.0598
9021302000125000,Godbyvägen 1285,9021302000449000,Strömsby vsk.,total,0.0596
9021302000439000,Strandnäs,9021302000187000,Jomala kyrka,total,0.0595
9021302000123000,Godbyhallen vsk.,9021302000013000,Bartsgårda vsk.,total,0.0595
9021302000585000,Ödkarby,9021302000586000,Ödkarby skola,total,0.0594
9021302000101000,Fjärilsgatan vsk.,9021302000435000,Storby,total,0.0594
9021302000312000,Maxinge,9021302000679000,Polishuset,total,0.0593
9021302000261000,Källbo skola,9021302000553000,Västanträsk musteri,total,0.0593
9021302000358000,Posten,9021302000559000,Västra macken,total,0.0591
9021302000543000,Vikingahallen,9021302000312000,Maxinge,total,0.0591
9021302000370000,Pålsböle Sarlings,9021302000121000,Godby högstadium,total,0.0591
9021302000472000,Södergatan vsk.,9021302000075000,Eckerö färjterminal,total,0.0591
9021302000497000,Tjudö midsommarstång,9021302000308000,"Mariehamn, Bussplan",total,0.0591
9021302000660000,Ålands lyceum,9021302000662000,"Centrum, Nygatan",total,0.0589
9021302000163000,Hellesby,9021302000075000,Eckerö färjterminal,total,0.0589
9021302000418000,Smedsböle vsk.,9021302000392000,Savoy,total,0.0589
9021302000392000,Savoy,9021302000455000,Sundsvägen 871 vsk.,total,0.0586
9021302000429000,Torget,9021302000185000,Jomala församlingshem,total,0.0586
9021302000324000,Nabben,9021302000308000,"Mariehamn, Bussplan",total,0.0586
9021302000245000,Kummelören,9021302000523000,Valborg,total,0.0586
9021302000255000,Kvarnbo,9021302000118000,Godby centrum,total,0.0586
9021302000429000,Torget,9021302000585000,Ödkarby,total,0.0585
9021302000191000,Jomalaby,9021302000575000,Ämnäsgatan,total,0.0585
9021302000089000,Emkarby daghem,9021302000312000,Maxinge,total,0.0584
9021302000492000,Tekniska verken,9021302000358000,Posten,total,0.0582
9021302000011000,Bartsgårda,9021302000161000,Havsvidden vsk.,total,0.0582
9021302000304000,Marbyöjen vsk.,9021302000207000,Kattby,total,0.058
9021302000472000,Södergatan vsk.,9021302000668000,Jomala skola södra,total,0.058
9021302000439000,Strandnäs,9021302000157000,Haraldsby,total,0.0579
9021302000312000,Maxinge,9021302000647000,Lotsgatan,total,0.0579
9021302000308000,"Mariehamn, Bussplan",9021302000216000,Klemetsby,total,0.0578
9021302000255000,Kvarnbo,9021302000453000,Stålsby,total,0.0578
9021302000322000,Mörslättsvägen vsk.,9021302000117000,Geta centrum,total,0.0577
9021302000125000,Godbyvägen 1285,9021302000181000,Industrivägen vsk.,total,0.0576
9021302000308000,"Mariehamn, Bussplan",9021302000416000,Smartpark,total,0.0575
9021302000292000,Lönnhagsvägen,9021302000668000,Jomala skola södra,total,0.0575
9021302000643000,Örtvägen,9021302000679000,Polishuset,total,0.0575
9021302000187000,Jomala kyrka,9021302000035000,Bo-Bil,total,0.0575
9021302000257000,Kvarnlyckevägen vsk.,9021302000523000,Valborg,total,0.0575
9021302000011000,Bartsgårda,9021302000230000,Kroklund,total,0.0575
9021302000075000,Eckerö färjterminal,9021302000472000,Södergatan vsk.,total,0.0575
9021302000666000,Svinryggen,9021302000189000,Jomala skola,total,0.0574
9021302000230000,Kroklund,9021302000499000,Tjudö vsk.,total,0.0574
9021302000075000,Eckerö färjterminal,9021302000163000,Hellesby,total,0.0574
9021302000449000,Strömsby vsk.,9021302000308000,"Mariehamn, Bussplan",total,0.0574
9021302000308000,"Mariehamn, Bussplan",9021302000062000,Daglösa,total,0.0573
9021302000445000,Strandnäs skola södra,9021302000647000,Lotsgatan,total,0.0573
9021302000638000,Uppgårdsvägen 10,9021302000640000,Doktorsvägen 1B/1C,total,0.0573
9021302000543000,Vikingahallen,9021302000123000,Godbyhallen vsk.,total,0.0572
9021302000508000,Torrbolstad,9021302000543000,Vikingahallen,total,0.0572
9021302000062000,Daglösa,9021302000123000,Godbyhallen vsk.,total,0.0572
9021302000259000,Källarvägen,9021302000543000,Vikingahallen,total,0.0571
9021302000259000,Källarvägen,9021302000075000,Eckerö färjterminal,total,0.0571
9021302000029000,Björkuddsvägen vsk.,9021302000115000,GE-huset,total,0.057
9021302000374000,Ringvägen vsk.,9021302000071000,Doppingvägen,total,0.0569
9021302000312000,Maxinge,9021302000638000,Uppgårdsvägen 10,total,0.0569
9021302000308000,"Mariehamn, Bussplan",9021302000539000,Vestmyravägen vsk. 1,total,0.0568
9021302000668000,Jomala skola södra,9021302000292000,Lönnhagsvägen,total,0.0568
9021302000545000,Vårdö kyrka,9021302000366000,Prästö färjfäste,total,0.0568
9021302000543000,Vikingahallen,9021302000340000,Odalgården,total,0.0567
9021302000207000,Kattby,9021302000304000,Marbyöjen vsk.,total,0.0566
9021302000463000,Svinö färjfäste,9021302000490000,Södra Svinövägen vsk.,total,0.0566
9021302000559000,Västra macken,9021302000292000,Lönnhagsvägen,total,0.0565
9021302000668000,Jomala skola södra,9021302000472000,Södergatan vsk.,total,0.0565
9021302000392000,Savoy,9021302000358000,Posten,total,0.0564
9021302000201000,Kastelholm,9021302000392000,Savoy,total,0.0562
9021302000490000,Södra Svinövägen vsk.,9021302000362000,Prästgården,total,0.0562
9021302000207000,Kattby,9021302000226000,Korsbro,total,0.0561
9021302000075000,Eckerö färjterminal,9021302000259000,Källarvägen,total,0.0561
9021302000679000,Polishuset,9021302000640000,Doktorsvägen 1B/1C,total,0.056
9021302000492000,Tekniska verken,9021302000123000,Godbyhallen vsk.,total,0.056
9021302000324000,Nabben,9021302000639000,Hindersbölevägen,total,0.056
9021302000123000,Godbyhallen vsk.,9021302000232000,Kroklunds vsk.,total,0.056
9021302000662000,"Centrum, Nygatan",9021302000677000,Norrgårdsvägen,total,0.0559
9021302000590000,Önningeby vsk.,9021302000396000,Sjukhuset,total,0.0559
9021302000189000,Jomala skola,9021302000666000,Svinryggen,total,0.0559
9021302000129000,Gottby by,9021302000392000,Savoy,total,0.0559
9021302000416000,Smartpark,9021302000107000,Frebbenby,total,0.0559
9021302000271000,Langnäs vändplan,9021302000193000,Järsö,total,0.0558
9021302000559000,Västra macken,9021302000421000,Solberget södra,total,0.0557
9021302000523000,Valborg,9021302000577000,Ängösundsvägen vsk.,total,0.0557
9021302000508000,Torrbolstad,9021302000392000,Savoy,total,0.0557
9021302000344000,Ollasgatan vsk.,9021302000207000,Kattby,total,0.0557
9021302000071000,Doppingvägen,9021302000628000,Sälgstigen,total,0.0556
9021302000429000,Torget,9021302000626000,Källstigen,total,0.0555
9021302000492000,Tekniska verken,9021302000418000,Smedsböle vsk.,total,0.0555
9021302000362000,Prästgården,9021302000003000,Amalia,total,0.0554
9021302000614000,Kulla sund,9021302000492000,Tekniska verken,total,0.0554
9021302000638000,Uppgårdsvägen 10,9021302000639000,Hindersbölevägen,total,0.0553
9021302000362000,Prästgården,9021302000463000,Svinö färjfäste,total,0.0552
9021302000245000,Kummelören,9021302000308000,"Mariehamn, Bussplan",total,0.0551
9021302000251000,Kungsö vsk.,9021302000559000,Västra macken,total,0.055
9021302000165000,Hellestorp,9021302000189000,Jomala skola,total,0.055
9021302000273000,Lemböte vsk.,9021302000523000,Valborg,total,0.0549
9021302000308000,"Mariehamn, Bussplan",9021302000154000,Hamnsundsvägen vsk.,total,0.0548
9021302000392000,Savoy,9021302000129000,Gottby by,total,0.0548
9021302000261000,Källbo skola,9021302000455000,Sundsvägen 871 vsk.,total,0.0548
9021302000499000,Tjudö vsk.,9021302000123000,Godbyhallen vsk.,total,0.0548
9021302000392000,Savoy,9021302000575000,Ämnäsgatan,total,0.0547
9021302000226000,Korsbro,9021302000207000,Kattby,total,0.0547
9021302000308000,"Mariehamn, Bussplan",9021302000168000,Hemdal,total,0.0545
9021302000261000,Källbo skola,9021302000484000,Södra Finbygatan vsk.,total,0.0545
9021302000392000,Savoy,9021302000123000,Godbyhallen vsk.,total,0.0544
9021302000187000,Jomala kyrka,9021302000429000,Torget,total,0.0544
9021302000123000,Godbyhallen vsk.,9021302000298000,Mangelbo,total,0.0544
9021302000107000,Frebbenby,9021302000416000,Smartpark,total,0.0544
9021302000261000,Källbo skola,9021302000378000,Rönngården,total,0.0543
9021302000207000,Kattby,9021302000344000,Ollasgatan vsk.,total,0.0543
9021302000392000,Savoy,9021302000035000,Bo-Bil,total,0.0542
9021302000429000,Torget,9021302000451000,Strömsnäs,total,0.0542
9021302000187000,Jomala kyrka,9021302000123000,Godbyhallen vsk.,total,0.0542
9021302000429000,Torget,9021302000031000,Björkängsvägen vsk.,total,0.0541
9021302000154000,Hamnsundsvägen vsk.,9021302000123000,Godbyhallen vsk.,total,0.054
9021302000388000,Sandvik,9021302000189000,Jomala skola,total,0.0539
9021302000125000,Godbyvägen 1285,9021302000118000,Godby centrum,total,0.0539
9021302000492000,Tekniska verken,9021302000201000,Kastelholm,total,0.0537
9021302000259000,Källarvägen,9021302000662000,"Centrum, Nygatan",total,0.0537
9021302000586000,Ödkarby skola,9021302000121000,Godby högstadium,total,0.0537
9021302000559000,Västra macken,9021302000251000,Kungsö vsk.,total,0.0536
9021302000575000,Ämnäsgatan,9021302000191000,Jomalaby,total,0.0536
9021302000093000,Finby vsk.,9021302000492000,Tekniska verken,total,0.0536
9021302000508000,Torrbolstad,9021302000439000,Strandnäs,total,0.0536
9021302000566000,Ytterängsvägen vsk.,9021302000121000,Godby högstadium,total,0.0536
9021302000396000,Sjukhuset,9021302000029000,Björkuddsvägen vsk.,total,0.0535
9021302000261000,Källbo skola,9021302000316000,Mickelsö vsk.,total,0.0534
9021302000080000,Eckerö kyrka,9021302000668000,Jomala skola södra,total,0.0534
9021302000121000,Godby högstadium,9021302000187000,Jomala kyrka,total,0.0532
9021302000117000,Geta centrum,9021302000181000,Industrivägen vsk.,total,0.0532
9021302000071000,Doppingvägen,9021302000423000,Lervik,total,0.0531
9021302000441000,Strandnäs hotell,9021302000429000,Torget,total,0.053
9021302000380000,Rörstorp,9021302000523000,Valborg,total,0.053
9021302000121000,Godby högstadium,9021302000147000,Haga ringväg,total,0.053
9021302000041000,Bomarsunds fästning,9021302000316000,Mickelsö vsk.,total,0.0529
9021302000308000,"Mariehamn, Bussplan",9021302000402000,Skarpans vsk.,total,0.0528
9021302000304000,Marbyöjen vsk.,9021302000075000,Eckerö färjterminal,total,0.0528
9021302000039000,Bolstaholms vsk.,9021302000117000,Geta centrum,total,0.0527
9021302000657000,Kyrkan,9021302000626000,Källstigen,total,0.0526
9021302000664000,Möckelö Strand,9021302000567000,Ålandsplan,total,0.0526
9021302000214000,Killingholm,9021302000255000,Kvarnbo,total,0.0526
9021302000396000,Sjukhuset,9021302000445000,Strandnäs skola södra,total,0.0525
9021302000421000,Solberget södra,9021302000308000,"Mariehamn, Bussplan",total,0.0525
9021302000308000,"Mariehamn, Bussplan",9021302000222000,Knutsbodavägen vsk.,total,0.0524
9021302000157000,Haraldsby,9021302000429000,Torget,total,0.0524
9021302000586000,Ödkarby skola,9021302000338000,Nääs,total,0.0524
9021302000340000,Odalgården,9021302000543000,Vikingahallen,total,0.0523
9021302000117000,Geta centrum,9021302000039000,Bolstaholms vsk.,total,0.0523
9021302000261000,Källbo skola,9021302000001000,4H-gården,total,0.0522
9021302000429000,Torget,9021302000378000,Rönngården,total,0.052
9021302000071000,Doppingvägen,9021302000648000,Baltichallen,total,0.052
9021302000668000,Jomala skola södra,9021302000080000,Eckerö kyrka,total,0.052
9021302000318000,Musterivägen vsk.,9021302000123000,Godbyhallen vsk.,total,0.052
9021302000266000,Labbnäs,9021302000181000,Industrivägen vsk.,total,0.052
9021302000400000,Skagvägen vsk.,9021302000308000,"Mariehamn, Bussplan",total,0.0518
9021302000214000,Killingholm,9021302000312000,Maxinge,total,0.0518
9021302000275000,Lemlands kyrka,9021302000535000,Vessingsboda,total,0.0517
9021302000236000,Krokstadsvägen vsk.,9021302000490000,Södra Svinövägen vsk.,total,0.0517
9021302000255000,Kvarnbo,9021302000115000,GE-huset,total,0.0517
9021302000545000,Vårdö kyrka,9021302000418000,Smedsböle vsk.,total,0.0517
9021302000590000,Önningeby vsk.,9021302000567000,Ålandsplan,total,0.0516
9021302000121000,Godby högstadium,9021302000611000,Skräddarsvängen vsk.,total,0.0516
9021302000118000,Godby centrum,9021302000214000,Killingholm,total,0.0516
9021302000429000,Torget,9021302000193000,Järsö,total,0.0515
9021302000590000,Önningeby vsk.,9021302000195000,Kalmsta,total,0.0515
9021302000463000,Svinö färjfäste,9021302000523000,Valborg,total,0.0515
9021302000029000,Björkuddsvägen vsk.,9021302000421000,Solberget södra,total,0.0514
9021302000253000,Kungsövägen vsk.,9021302000392000,Savoy,total,0.0514
9021302000123000,Godbyhallen vsk.,9021302000575000,Ämnäsgatan,total,0.0514
9021302000168000,Hemdal,9021302000123000,Godbyhallen vsk.,total,0.0514
9021302000075000,Eckerö färjterminal,9021302000304000,Marbyöjen vsk.,total,0.0514
9021302000362000,Prästgården,9021302000398000,Skag vsk.,total,0.0513
9021302000362000,Prästgården,9021302000314000,Mellanvik,total,0.0512
9021302000121000,Godby högstadium,9021302000429000,Torget,total,0.0512
9021302000510000,Tosarby vsk.,9021302000392000,Savoy,total,0.0512
9021302000429000,Torget,9021302000453000,Stålsby,total,0.0509
9021302000439000,Strandnäs,9021302000115000,GE-huset,total,0.0509
9021302000520000,Utängarna,9021302000543000,Vikingahallen,total,0.0509
9021302000400000,Skagvägen vsk.,9021302000107000,Frebbenby,total,0.0509
9021302000567000,Ålandsplan,9021302000029000,Björkuddsvägen vsk.,total,0.0508
9021302000484000,Södra Finbygatan vsk.,9021302000392000,Savoy,total,0.0507
9021302000453000,Stålsby,9021302000586000,Ödkarby skola,total,0.0507
9021302000123000,Godbyhallen vsk.,9021302000352000,Pettböle,total,0.0506
9021302000623000,Lindstigen,9021302000429000,Torget,total,0.0505
9021302000095000,Finströms kyrka,9021302000181000,Industrivägen vsk.,total,0.0505
9021302000392000,Savoy,9021302000253000,Kungsövägen vsk.,total,0.0504
9021302000429000,Torget,9021302000334000,Nåtö by vsk.,total,0.0504
9021302000275000,Lemlands kyrka,9021302000362000,Prästgården,total,0.0504
9021302000123000,Godbyhallen vsk.,9021302000043000,Breidablick,total,0.0504
9021302000322000,Mörslättsvägen vsk.,9021302000266000,Labbnäs,total,0.0504
9021302000566000,Ytterängsvägen vsk.,9021302000261000,Källbo skola,total,0.0504
9021302000586000,Ödkarby skola,9021302000261000,Källbo skola,total,0.0504
9021302000392000,Savoy,9021302000451000,Strömsnäs,total,0.0503
9021302000123000,Godbyhallen vsk.,9021302000118000,Godby centrum,total,0.0503
9021302000191000,Jomalaby,9021302000322000,Mörslättsvägen vsk.,total,0.0502
9021302000358000,Posten,9021302000668000,Jomala skola södra,total,0.0501
9021302000557000,Västeränga,9021302000314000,Mellanvik,total,0.0501
9021302000261000,Källbo skola,9021302000147000,Haga ringväg,total,0.0501
9021302000368000,Pålsböle daghem,9021302000611000,Skräddarsvängen vsk.,total,0.0501
9021302000501000,Tobölevägen vsk.,9021302000123000,Godbyhallen vsk.,total,0.0501
