Gid,Name,ShortName,Designation,LocalNumber,IsJourneyPatternPointGid,IsIncludedInStopAreaGid,TypeCode,ForAlightingYesNo,ForBoardingYesNo,OrientationDegrees,LengthMeters,LastModifiedUtcDateTime,ExistsFromDate,ExistsUptoDate,CoordinateSystemName,CentroidNorthingCoordinate,CentroidEastingCoordinate,lon,lat
9022302000105001,Folkhögskolan vsk.,,A,1,9025302000010501,9021302000105000,BUSSTOP,1,1,,50.0,2021-03-19 10:09:10.883,2021-03-29 00:00:00.000,,WGS84,60.258822,19.916177,19.916177,60.258822
9022302000111002,Furuholmen vsk.,,B,2,9025302000011102,9021302000111000,BUSSTOP,1,1,,50.0,2021-03-19 10:09:10.883,2021-03-29 00:00:00.000,,WGS84,60.371634,19.899292,19.899292,60.371634
9022302000154002,Hamnsundsvägen vsk.,,B,2,9025302000015402,9021302000154000,BUSSTOP,1,1,,50.0,2021-03-19 10:09:10.883,2021-03-29 00:00:00.000,,WGS84,60.311465,20.053843,20.053843,60.311465
9022302000161002,Havsvidden vsk.,,B,2,9025302000016102,9021302000161000,BUSSTOP,1,1,,50.0,2021-03-19 10:09:10.883,2021-03-29 00:00:00.000,,WGS84,60.367676,19.91424,19.91424,60.367676
9022302000181002,Industrivägen vsk.,,B,2,9025302000018102,9021302000181000,BUSSTOP,1,1,,50.0,2021-03-19 10:09:10.883,2021-03-29 00:00:00.000,,WGS84,60.234497,19.981244,19.981244,60.234497
9022302000228001,Kottestigen vsk.,,A,1,9025302000022801,9021302000228000,BUSSTOP,1,1,,50.0,2021-03-19 10:09:10.883,2021-03-29 00:00:00.000,,WGS84,60.275113,20.389893,20.389893,60.275113
9022302000238002,Kullagatan vsk.,,B,2,9025302000023802,9021302000238000,BUSSTOP,1,1,,50.0,2021-03-19 10:09:10.883,2021-03-29 00:00:00.000,,WGS84,60.264448,20.059039,20.059039,60.264448
9022302000249001,Kungstensvägen vsk.,,A,1,9025302000024901,9021302000249000,BUSSTOP,1,1,,50.0,2021-03-19 10:09:10.883,2021-03-29 00:00:00.000,,WGS84,60.254522,19.951905,19.951905,60.254522
9022302000253001,Kungsövägen vsk.,,A,1,9025302000025301,9021302000253000,BUSSTOP,1,1,,50.0,2021-03-19 10:09:10.883,2021-03-29 00:00:00.000,,WGS84,60.11854,19.868641,19.868641,60.11854
9022302000269001,Lafsbölevägen vsk.,,A,1,9025302000026901,9021302000269000,BUSSTOP,1,1,,50.0,2021-03-19 10:09:10.883,2021-03-29 00:00:00.000,,WGS84,60.289849,20.064462,20.064462,60.289849
9022302000320001,Mönbackavägen vsk.,,A,1,9025302000032001,9021302000320000,BUSSTOP,1,1,,50.0,2021-03-19 10:09:10.883,2021-03-29 00:00:00.000,,WGS84,60.073602,20.156487,20.156487,60.073602
9022302000334001,Nåtö by vsk.,,A,1,9025302000033401,9021302000334000,BUSSTOP,1,1,,50.0,2021-03-19 10:09:10.883,2021-03-29 00:00:00.000,,WGS84,60.041118,19.96947,19.96947,60.041118
9022302000344002,Ollasgatan vsk.,,B,2,9025302000034402,9021302000344000,BUSSTOP,1,1,,50.0,2021-03-19 10:09:10.883,2021-03-29 00:00:00.000,,WGS84,60.223799,19.567359,19.567359,60.223799
9022302000348002,Vårdö Pellas,,B,2,9025302000034802,9021302000348000,BUSSTOP,1,1,,50.0,2021-03-19 10:09:10.883,2021-03-29 00:00:00.000,,WGS84,60.26488,20.374144,20.374144,60.26488
9022302000577001,Ängösundsvägen vsk.,,A,1,9025302000057701,9021302000577000,BUSSTOP,1,1,,50.0,2021-03-19 10:09:10.883,2021-03-29 00:00:00.000,,WGS84,60.115696,20.26134,20.26134,60.115696
9022302000596001,Östanåkersvägen vsk.,,A,1,9025302000059601,9021302000596000,BUSSTOP,1,1,,50.0,2021-03-19 10:09:10.883,2021-03-29 00:00:00.000,,WGS84,60.210604,19.905251,19.905251,60.210604
9022302000606001,Överbyvägen vsk.,,A,1,9025302000060601,9021302000606000,BUSSTOP,1,1,,50.0,2021-03-19 10:09:10.883,2021-03-29 00:00:00.000,,WGS84,60.213468,19.626557,19.626557,60.213468
9022302000005002,Apalnäsvägen vsk.,,B,2,9025302000000502,9021302000005000,BUSSTOP,1,1,,50.0,2021-03-19 10:09:10.883,2021-03-29 00:00:00.000,,WGS84,60.108835,20.01202,20.01202,60.108835
9022302000019002,Bistorpsvägen vsk.,,B,2,9025302000001902,9021302000019000,BUSSTOP,1,1,,50.0,2021-03-19 10:09:10.883,2021-03-29 00:00:00.000,,WGS84,60.070952,20.122119,20.122119,60.070952
9022302000054002,Byttbölevägen vsk.,,B,2,9025302000005402,9021302000054000,BUSSTOP,1,1,,50.0,2021-03-19 10:09:10.883,2021-03-29 00:00:00.000,,WGS84,60.195496,19.820375,19.820375,60.195496
9022302000131002,Granboda,,B,2,9025302000013102,9021302000131000,BUSSTOP,1,1,,50.0,2021-03-19 10:09:10.883,2021-03-29 00:00:00.000,,WGS84,60.075007,20.173317,20.173317,60.075007
9022302000152002,Hamngatan vsk.,,B,2,9025302000015202,9021302000152000,BUSSTOP,1,1,,50.0,2021-03-19 10:09:10.883,2021-03-29 00:00:00.000,,WGS84,60.078599,20.262073,20.262073,60.078599
9022302000216002,Klemetsby,,B,2,9025302000021602,9021302000216000,BUSSTOP,1,1,,50.0,2021-03-19 10:09:10.883,2021-03-29 00:00:00.000,,WGS84,60.116694,20.258691,20.258691,60.116694
9022302000234002,Krokstad vsk.,,B,2,9025302000023402,9021302000234000,BUSSTOP,1,1,,50.0,2021-03-19 10:09:10.883,2021-03-29 00:00:00.000,,WGS84,60.095405,20.261364,20.261364,60.095405
9022302000257002,Kvarnlyckevägen vsk.,,B,2,9025302000025702,9021302000257000,BUSSTOP,1,1,,50.0,2021-03-19 10:09:10.883,2021-03-29 00:00:00.000,,WGS84,60.071502,20.093194,20.093194,60.071502
9022302000273002,Lemböte vsk.,,B,2,9025302000027302,9021302000273000,BUSSTOP,1,1,,50.0,2021-03-19 10:09:10.883,2021-03-29 00:00:00.000,,WGS84,60.082042,20.029122,20.029122,60.082042
9022302000362002,Prästgården,,B,2,9025302000036202,9021302000362000,BUSSTOP,1,1,,50.0,2021-03-19 10:09:10.883,2021-03-29 00:00:00.000,,WGS84,60.069063,20.100654,20.100654,60.069063
9022302000380002,Rörstorp,,B,2,9025302000038002,9021302000380000,BUSSTOP,1,1,,50.0,2021-03-19 10:09:10.883,2021-03-29 00:00:00.000,,WGS84,60.073166,20.13151,20.13151,60.073166
9022302000464002,Svinö stugby,,B,2,9025302000046402,9021302000464000,BUSSTOP,1,1,,50.0,2021-03-19 10:09:10.883,2021-03-29 00:00:00.000,,WGS84,60.082395,20.261199,20.261199,60.082395
9022302000470002,Söderby Livs,,B,2,9025302000047002,9021302000470000,BUSSTOP,1,1,,50.0,2021-03-19 10:09:10.883,2021-03-29 00:00:00.000,,WGS84,60.068834,20.085731,20.085731,60.068834
9022302000474002,Söderhägnan,,B,2,9025302000047402,9021302000474000,BUSSTOP,1,1,,50.0,2021-03-19 10:09:10.883,2021-03-29 00:00:00.000,,WGS84,60.106034,20.01337,20.01337,60.106034
9022302000486002,Södra Flaka,,B,2,9025302000048602,9021302000486000,BUSSTOP,1,1,,50.0,2021-03-19 10:09:10.883,2021-03-29 00:00:00.000,,WGS84,60.019801,20.162444,20.162444,60.019801
9022302000495002,Tingsbacka,,B,2,9025302000049502,9021302000495000,BUSSTOP,1,1,,50.0,2021-03-19 10:09:10.883,2021-03-29 00:00:00.000,,WGS84,60.203882,19.918269,19.918269,60.203882
9022302000523002,Valborg,,B,2,9025302000052302,9021302000523000,BUSSTOP,1,1,,50.0,2021-03-19 10:09:10.883,2021-03-29 00:00:00.000,,WGS84,60.068466,20.097777,20.097777,60.068466
9022302000557002,Västeränga,,B,2,9025302000055702,9021302000557000,BUSSTOP,1,1,,50.0,2021-03-19 10:09:10.883,2021-03-29 00:00:00.000,,WGS84,60.016158,20.13258,20.13258,60.016158
9022302000596002,Östanåkersvägen vsk.,,B,2,9025302000059602,9021302000596000,BUSSTOP,1,1,,50.0,2021-03-19 10:09:10.883,2021-03-29 00:00:00.000,,WGS84,60.210604,19.905251,19.905251,60.210604
9022302001017001,Seglinge (Seglinge),,A,1,9025302000101701,9021302001017000,BUSSTOP,1,1,,50.0,2021-03-19 10:09:10.883,2021-03-29 00:00:00.000,,WGS84,60.215173,20.710154,20.710154,60.215173
9022302000398001,Skag vsk.,,A,1,9025302000039801,9021302000398000,BUSSTOP,1,1,,50.0,2021-03-19 10:09:10.883,2021-03-29 00:00:00.000,,WGS84,60.084675,20.237988,20.237988,60.084675
9022302000402002,Skarpans vsk.,,B,2,9025302000040202,9021302000402000,BUSSTOP,1,1,,50.0,2021-03-19 10:09:10.883,2021-03-29 00:00:00.000,,WGS84,60.211898,20.224231,20.224231,60.211898
9022302000404001,Skeppsviksvägen vsk.,,A,1,9025302000040401,9021302000404000,BUSSTOP,1,1,,50.0,2021-03-19 10:09:10.883,2021-03-29 00:00:00.000,,WGS84,60.190246,19.577132,19.577132,60.190246
9022302000412001,Slottsvägen vsk.,,A,1,9025302000041201,9021302000412000,BUSSTOP,1,1,,50.0,2021-03-19 10:09:10.883,2021-03-29 00:00:00.000,,WGS84,60.24029,20.071466,20.071466,60.24029
9022302000418001,Smedsböle vsk.,,A,1,9025302000041801,9021302000418000,BUSSTOP,1,1,,50.0,2021-03-19 10:09:10.883,2021-03-29 00:00:00.000,,WGS84,60.223605,20.161875,20.161875,60.223605
9022302000455001,Sundsvägen 871 vsk.,,A,1,9025302000045501,9021302000455000,BUSSTOP,1,1,,50.0,2021-03-19 10:09:10.883,2021-03-29 00:00:00.000,,WGS84,60.221805,20.113601,20.113601,60.221805
9022302000499002,Tjudö vsk.,,B,2,9025302000049902,9021302000499000,BUSSTOP,1,1,,50.0,2021-03-19 10:09:10.883,2021-03-29 00:00:00.000,,WGS84,60.314466,19.941328,19.941328,60.314466
9022302000510001,Tosarby vsk.,,A,1,9025302000051001,9021302000510000,BUSSTOP,1,1,,50.0,2021-03-19 10:09:10.883,2021-03-29 00:00:00.000,,WGS84,60.223614,20.104958,20.104958,60.223614
9022302000529001,Vargata centrum,,A,1,9025302000052901,9021302000529000,BUSSTOP,1,1,,50.0,2021-03-19 10:09:10.883,2021-03-29 00:00:00.000,,WGS84,60.245909,20.351116,20.351116,60.245909
9022302000539002,Vestmyravägen vsk. 1,,B,2,9025302000053902,9021302000539000,BUSSTOP,1,1,,50.0,2021-03-19 10:09:10.883,2021-03-29 00:00:00.000,,WGS84,60.196978,19.778758,19.778758,60.196978
9022302000541002,Vestmyravägen vsk. 2,,B,2,9025302000054102,9021302000541000,BUSSTOP,1,1,,50.0,2021-03-19 10:09:10.883,2021-03-29 00:00:00.000,,WGS84,60.193644,19.739425,19.739425,60.193644
9022302000561001,Västra Möckelö vsk.,,A,1,9025302000056101,9021302000561000,BUSSTOP,1,1,,50.0,2021-03-19 10:09:10.883,2021-03-29 00:00:00.000,,WGS84,60.107112,19.898805,19.898805,60.107112
9022302000566001,Ytterängsvägen vsk.,,A,1,9025302000056601,9021302000566000,BUSSTOP,1,1,,50.0,2021-03-19 10:09:10.883,2021-03-29 00:00:00.000,,WGS84,60.302566,19.996131,19.996131,60.302566
9022302000569001,Åttbölevägen vsk.,,A,1,9025302000056901,9021302000569000,BUSSTOP,1,1,,50.0,2021-03-19 10:09:10.883,2021-03-29 00:00:00.000,,WGS84,60.251229,19.907191,19.907191,60.251229
9022302000463001,Svinö färjfäste,,A,1,9025302000046301,9021302000463000,BUSSTOP,1,1,,50.0,2021-03-19 10:09:10.883,2021-03-29 00:00:00.000,,WGS84,60.066535,20.267584,20.267584,60.066535
9022302000463002,Svinö färjfäste,,B,2,9025302000046302,9021302000463000,BUSSTOP,1,1,,50.0,2021-03-19 10:09:10.883,2021-03-29 00:00:00.000,,WGS84,60.066535,20.267584,20.267584,60.066535
9022302000508002,Torrbolstad,,B,2,9025302000050802,9021302000508000,BUSSTOP,1,1,,50.0,2021-03-19 10:09:10.883,2021-03-29 00:00:00.000,,WGS84,60.277505,19.906185,19.906185,60.277505
9022302000543001,Vikingahallen,,A,1,9025302000054301,9021302000543000,BUSSTOP,1,1,,50.0,2021-03-19 10:09:10.883,2021-03-29 00:00:00.000,,WGS84,60.147933,19.949531,19.949531,60.147933
9022302000543002,Vikingahallen,,B,2,9025302000054302,9021302000543000,BUSSTOP,1,1,,50.0,2021-03-19 10:09:10.883,2021-03-29 00:00:00.000,,WGS84,60.147933,19.949531,19.949531,60.147933
9022302000545001,Vårdö kyrka,,A,1,9025302000054501,9021302000545000,BUSSTOP,1,1,,50.0,2021-03-19 10:09:10.883,2021-03-29 00:00:00.000,,WGS84,60.24292,20.37048,20.37048,60.24292
9022302000549001,Västanträsk 1,,A,1,9025302000054901,9021302000549000,BUSSTOP,1,1,,50.0,2021-03-19 10:09:10.883,2021-03-29 00:00:00.000,,WGS84,60.333835,19.92543,19.92543,60.333835
9022302000549002,Västanträsk 1,,B,2,9025302000054902,9021302000549000,BUSSTOP,1,1,,50.0,2021-03-19 10:09:10.883,2021-03-29 00:00:00.000,,WGS84,60.333835,19.92543,19.92543,60.333835
9022302000555001,Västergeta,,A,1,9025302000055501,9021302000555000,BUSSTOP,1,1,,50.0,2021-03-19 10:09:10.883,2021-03-29 00:00:00.000,,WGS84,60.376826,19.855486,19.855486,60.376826
9022302000564001,Ytternäs skola,,A,1,9025302000056401,9021302000564000,BUSSTOP,1,1,,50.0,2021-03-19 10:09:10.883,2021-03-29 00:00:00.000,,WGS84,60.0842,19.942017,19.942017,60.0842
9022302000564002,Ytternäs skola,,B,2,9025302000056402,9021302000564000,BUSSTOP,1,1,,50.0,2021-03-19 10:09:10.883,2021-03-29 00:00:00.000,,WGS84,60.0842,19.942017,19.942017,60.0842
9022302000520002,Utängarna,,B,2,9025302000052002,9021302000520000,BUSSTOP,1,1,,50.0,2021-03-19 10:09:10.883,2021-03-29 00:00:00.000,,WGS84,60.121738,19.858248,19.858248,60.121738
9022302000013001,Bartsgårda vsk.,,A,1,9025302000001301,9021302000013000,BUSSTOP,1,1,,50.0,2021-03-19 10:09:10.883,2021-03-29 00:00:00.000,,WGS84,60.279405,19.952022,19.952022,60.279405
9022302000013002,Bartsgårda vsk.,,B,2,9025302000001302,9021302000013000,BUSSTOP,1,1,,50.0,2021-03-19 10:09:10.883,2021-03-29 00:00:00.000,,WGS84,60.279405,19.952022,19.952022,60.279405
9022302000017001,Bergö/Idskärsvägen vsk.,,A,1,9025302000001701,9021302000017000,BUSSTOP,1,1,,50.0,2021-03-19 10:09:10.883,2021-03-29 00:00:00.000,,WGS84,60.03026,19.978267,19.978267,60.03026
9022302000021002,Bjärström,,B,2,9025302000002102,9021302000021000,BUSSTOP,1,1,,50.0,2021-03-19 10:09:10.883,2021-03-29 00:00:00.000,,WGS84,60.212613,19.858683,19.858683,60.212613
9022302000029001,Björkuddsvägen vsk.,,A,1,9025302000002901,9021302000029000,BUSSTOP,1,1,,50.0,2021-03-19 10:09:10.883,2021-03-29 00:00:00.000,,WGS84,60.094459,20.018877,20.018877,60.094459
9022302000031001,Björkängsvägen vsk.,,A,1,9025302000003101,9021302000031000,BUSSTOP,1,1,,50.0,2021-03-19 10:09:10.883,2021-03-29 00:00:00.000,,WGS84,60.214448,19.978258,19.978258,60.214448
9022302000039002,Bolstaholms vsk.,,B,2,9025302000003902,9021302000039000,BUSSTOP,1,1,,50.0,2021-03-19 10:09:10.883,2021-03-29 00:00:00.000,,WGS84,60.37331,19.892995,19.892995,60.37331
9022302000054001,Byttbölevägen vsk.,,A,1,9025302000005401,9021302000054000,BUSSTOP,1,1,,50.0,2021-03-19 10:09:10.883,2021-03-29 00:00:00.000,,WGS84,60.195496,19.820375,19.820375,60.195496
9022302000058001,Böle vsk.,,A,1,9025302000005801,9021302000058000,BUSSTOP,1,1,,50.0,2021-03-19 10:09:10.883,2021-03-29 00:00:00.000,,WGS84,60.225366,19.590528,19.590528,60.225366
9022302000067002,Degersandsvägen vsk.,,B,2,9025302000006702,9021302000067000,BUSSTOP,1,1,,50.0,2021-03-19 10:09:10.883,2021-03-29 00:00:00.000,,WGS84,60.181996,19.595068,19.595068,60.181996
9022302000083002,Eckerö posthus vsk.,,B,2,9025302000008302,9021302000083000,BUSSTOP,1,1,,50.0,2021-03-19 10:09:10.883,2021-03-29 00:00:00.000,,WGS84,60.221607,19.544022,19.544022,60.221607
9022302000567002,Ålandsplan,,B,2,9025302000056702,9021302000567000,BUSSTOP,1,1,,50.0,2021-03-19 10:09:10.883,2021-03-29 00:00:00.000,,WGS84,60.104026,19.937223,19.937223,60.104026
9022302000573002,Ämnäs viken,,B,2,9025302000057302,9021302000573000,BUSSTOP,1,1,,50.0,2021-03-19 10:09:10.883,2021-03-29 00:00:00.000,,WGS84,60.204623,19.959523,19.959523,60.204623
9022302000594001,Östanträsk,,A,1,9025302000059401,9021302000594000,BUSSTOP,1,1,,50.0,2021-03-19 10:09:10.883,2021-03-29 00:00:00.000,,WGS84,60.152439,19.795598,19.795598,60.152439
9022302000602002,Östra skolgatan,,B,2,9025302000060202,9021302000602000,BUSSTOP,1,1,,50.0,2021-03-19 10:09:10.883,2021-03-29 00:00:00.000,,WGS84,60.09967,19.935555,19.935555,60.09967
9022302001002001,Husö,,A,1,9025302000100201,9021302001002000,PIER,1,1,,50.0,2021-03-19 10:09:10.883,2021-03-29 00:00:00.000,,WGS84,60.064691,20.807327,20.807327,60.064691
9022302001011001,Galtby,,A,1,9025302000101101,9021302001011000,PIER,1,1,,50.0,2021-03-19 10:09:10.883,2021-03-29 00:00:00.000,,WGS84,60.18502,21.58509,21.58509,60.18502
9022302001021001,Åva,,A,1,9025302000102101,9021302001021000,PIER,1,1,,50.0,2021-03-19 10:09:10.883,2021-03-29 00:00:00.000,,WGS84,60.503347,21.0579,21.0579,60.503347
9022302000023002,Björkliden,,B,2,9025302000002302,9021302000023000,BUSSTOP,1,1,,50.0,2021-03-19 10:09:10.883,2021-03-29 00:00:00.000,,WGS84,60.22449,19.696851,19.696851,60.22449
9022302000073002,Drygsböle,,B,2,9025302000007302,9021302000073000,BUSSTOP,1,1,,50.0,2021-03-19 10:09:10.883,2021-03-29 00:00:00.000,,WGS84,60.182175,19.783613,19.783613,60.182175
9022302000076002,Eckerö golf,,B,2,9025302000007602,9021302000076000,BUSSTOP,1,1,,50.0,2021-03-19 10:09:10.883,2021-03-29 00:00:00.000,,WGS84,60.217335,19.602075,19.602075,60.217335
9022302000226002,Korsbro,,B,2,9025302000022602,9021302000226000,BUSSTOP,1,1,,50.0,2021-03-19 10:09:10.883,2021-03-29 00:00:00.000,,WGS84,60.205716,19.766728,19.766728,60.205716
9022302000300002,Marby byn,,B,2,9025302000030002,9021302000300000,BUSSTOP,1,1,,50.0,2021-03-19 10:09:10.883,2021-03-29 00:00:00.000,,WGS84,60.204232,19.666081,19.666081,60.204232
9022302000364002,Prästö,,B,2,9025302000036402,9021302000364000,BUSSTOP,1,1,,50.0,2021-03-19 10:09:10.883,2021-03-29 00:00:00.000,,WGS84,60.207006,20.257977,20.257977,60.207006
9022302000370001,Pålsböle Sarlings,,A,1,9025302000037001,9021302000370000,BUSSTOP,1,1,,50.0,2021-03-19 10:09:10.883,2021-03-29 00:00:00.000,,WGS84,60.265439,19.931862,19.931862,60.265439
9022302000390002,Sandösund,,B,2,9025302000039002,9021302000390000,BUSSTOP,1,1,,50.0,2021-03-19 10:09:10.883,2021-03-29 00:00:00.000,,WGS84,60.270889,20.387064,20.387064,60.270889
9022302000394002,Simskäla färjfäste,,B,2,9025302000039402,9021302000394000,BUSSTOP,1,1,,50.0,2021-03-19 10:09:10.883,2021-03-29 00:00:00.000,,WGS84,60.32192,20.372777,20.372777,60.32192
9022302000435002,Storby,,B,2,9025302000043502,9021302000435000,BUSSTOP,1,1,,50.0,2021-03-19 10:09:10.883,2021-03-29 00:00:00.000,,WGS84,60.223221,19.55863,19.55863,60.223221
9022302000441001,Strandnäs hotell,,A,1,9025302000044101,9021302000441000,BUSSTOP,1,1,,50.0,2021-03-19 10:09:10.883,2021-03-29 00:00:00.000,,WGS84,60.11971,19.942498,19.942498,60.11971
9022302000445001,Strandnäs skola södra,,A,1,9025302000044501,9021302000445000,BUSSTOP,1,1,,50.0,2021-03-19 10:09:10.883,2021-03-29 00:00:00.000,,WGS84,60.115481,19.945234,19.945234,60.115481
9022302000266002,Labbnäs,,B,2,9025302000026602,9021302000266000,BUSSTOP,1,1,,50.0,2021-03-19 10:09:10.883,2021-03-29 00:00:00.000,,WGS84,60.329829,19.859448,19.859448,60.329829
9022302000271001,Langnäs vändplan,,A,1,9025302000027101,9021302000271000,BUSSTOP,1,1,,50.0,2021-03-19 10:09:10.883,2021-03-29 00:00:00.000,,WGS84,60.012345,19.986401,19.986401,60.012345
9022302000275001,Lemlands kyrka,,A,1,9025302000027501,9021302000275000,BUSSTOP,1,1,,50.0,2021-03-19 10:09:10.883,2021-03-29 00:00:00.000,,WGS84,60.071692,20.084244,20.084244,60.071692
9022302000287001,Lumpo,,A,1,9025302000028701,9021302000287000,BUSSTOP,1,1,,50.0,2021-03-19 10:09:10.883,2021-03-29 00:00:00.000,,WGS84,60.144091,20.231421,20.231421,60.144091
9022302000289001,Långnäs färjfäste,,A,1,9025302000028901,9021302000289000,BUSSTOP,1,1,,50.0,2021-03-19 10:09:10.883,2021-03-29 00:00:00.000,,WGS84,60.11745,20.296355,20.296355,60.11745
9022302000294002,Lötö,,B,2,9025302000029402,9021302000294000,BUSSTOP,1,1,,50.0,2021-03-19 10:09:10.883,2021-03-29 00:00:00.000,,WGS84,60.31392,20.007403,20.007403,60.31392
9022302000324001,Nabben,,A,1,9025302000032401,9021302000324000,BUSSTOP,1,1,,50.0,2021-03-19 10:09:10.883,2021-03-29 00:00:00.000,,WGS84,60.114974,19.948484,19.948484,60.114974
9022302000328001,Norra Esplanadgatan,,A,1,9025302000032801,9021302000328000,BUSSTOP,1,1,,50.0,2021-03-19 10:09:10.883,2021-03-29 00:00:00.000,,WGS84,60.097322,19.936195,19.936195,60.097322
9022302000330001,Norrängen,,A,1,9025302000033001,9021302000330000,BUSSTOP,1,1,,50.0,2021-03-19 10:09:10.883,2021-03-29 00:00:00.000,,WGS84,60.200598,19.928354,19.928354,60.200598
9022302000340001,Odalgården,,A,1,9025302000034001,9021302000340000,BUSSTOP,1,1,,50.0,2021-03-19 10:09:10.883,2021-03-29 00:00:00.000,,WGS84,60.121656,19.942855,19.942855,60.121656
9022302000346002,Osängs,,B,2,9025302000034602,9021302000346000,BUSSTOP,1,1,,50.0,2021-03-19 10:09:10.883,2021-03-29 00:00:00.000,,WGS84,60.33102,19.923632,19.923632,60.33102
9022302000352001,Pettböle,,A,1,9025302000035201,9021302000352000,BUSSTOP,1,1,,50.0,2021-03-19 10:09:10.883,2021-03-29 00:00:00.000,,WGS84,60.355933,19.981826,19.981826,60.355933
9022302000115002,GE-huset,,B,2,9025302000011502,9021302000115000,BUSSTOP,1,1,,50.0,2021-03-19 10:09:10.883,2021-03-29 00:00:00.000,,WGS84,60.097763,19.938731,19.938731,60.097763
9022302000118002,Godby centrum,,B,2,9025302000011802,9021302000118000,BUSSTOP,1,1,,50.0,2021-03-19 10:09:10.883,2021-03-29 00:00:00.000,,WGS84,60.23039,19.988838,19.988838,60.23039
9022302000127001,Gottby,,A,1,9025302000012701,9021302000127000,BUSSTOP,1,1,,50.0,2021-03-19 10:09:10.883,2021-03-29 00:00:00.000,,WGS84,60.131867,19.842726,19.842726,60.131867
9022302000131001,Granboda,,A,1,9025302000013101,9021302000131000,BUSSTOP,1,1,,50.0,2021-03-19 10:09:10.883,2021-03-29 00:00:00.000,,WGS84,60.075007,20.173317,20.173317,60.075007
9022302000183001,Ingby,,A,1,9025302000018301,9021302000183000,BUSSTOP,1,1,,50.0,2021-03-19 10:09:10.883,2021-03-29 00:00:00.000,,WGS84,60.16367,19.946974,19.946974,60.16367
9022302000187001,Jomala kyrka,,A,1,9025302000018701,9021302000187000,BUSSTOP,1,1,,50.0,2021-03-19 10:09:10.883,2021-03-29 00:00:00.000,,WGS84,60.156033,19.947602,19.947602,60.156033
9022302000191002,Jomalaby,,B,2,9025302000019102,9021302000191000,BUSSTOP,1,1,,50.0,2021-03-19 10:09:10.883,2021-03-29 00:00:00.000,,WGS84,60.175303,19.980012,19.980012,60.175303
9022302000205001,Kasvik,,A,1,9025302000020501,9021302000205000,BUSSTOP,1,1,,50.0,2021-03-19 10:09:10.883,2021-03-29 00:00:00.000,,WGS84,60.358175,19.926113,19.926113,60.358175
9022302000211001,Kavelbro,,A,1,9025302000021101,9021302000211000,BUSSTOP,1,1,,50.0,2021-03-19 10:09:10.883,2021-03-29 00:00:00.000,,WGS84,60.285893,20.064418,20.064418,60.285893
9022302000211002,Kavelbro,,B,2,9025302000021102,9021302000211000,BUSSTOP,1,1,,50.0,2021-03-19 10:09:10.883,2021-03-29 00:00:00.000,,WGS84,60.285893,20.064418,20.064418,60.285893
9022302000216001,Klemetsby,,A,1,9025302000021601,9021302000216000,BUSSTOP,1,1,,50.0,2021-03-19 10:09:10.883,2021-03-29 00:00:00.000,,WGS84,60.116694,20.258691,20.258691,60.116694
9022302000224001,Kockobacka,,A,1,9025302000022401,9021302000224000,BUSSTOP,1,1,,50.0,2021-03-19 10:09:10.883,2021-03-29 00:00:00.000,,WGS84,60.0637,20.050791,20.050791,60.0637
9022302000226001,Korsbro,,A,1,9025302000022601,9021302000226000,BUSSTOP,1,1,,50.0,2021-03-19 10:09:10.883,2021-03-29 00:00:00.000,,WGS84,60.205716,19.766728,19.766728,60.205716
9022302000244002,Kumlinge norra färjfäste,,B,2,9025302000024402,9021302000244000,PIER,1,1,,50.0,2021-03-19 10:09:10.883,2021-03-29 00:00:00.000,,WGS84,60.290635,20.790215,20.790215,60.290635
9022302000023001,Björkliden,,A,1,9025302000002301,9021302000023000,BUSSTOP,1,1,,50.0,2021-03-19 10:09:10.883,2021-03-29 00:00:00.000,,WGS84,60.22449,19.696851,19.696851,60.22449
9022302000027001,Björkslingan,,A,1,9025302000002701,9021302000027000,BUSSTOP,1,1,,50.0,2021-03-19 10:09:10.883,2021-03-29 00:00:00.000,,WGS84,60.186155,19.950782,19.950782,60.186155
9022302000027002,Björkslingan,,B,2,9025302000002702,9021302000027000,BUSSTOP,1,1,,50.0,2021-03-19 10:09:10.883,2021-03-29 00:00:00.000,,WGS84,60.186155,19.950782,19.950782,60.186155
9022302000045001,Brinkbacken,,A,1,9025302000004501,9021302000045000,BUSSTOP,1,1,,50.0,2021-03-19 10:09:10.883,2021-03-29 00:00:00.000,,WGS84,60.214429,19.635075,19.635075,60.214429
9022302000087001,Emkarby,,A,1,9025302000008701,9021302000087000,BUSSTOP,1,1,,50.0,2021-03-19 10:09:10.883,2021-03-29 00:00:00.000,,WGS84,60.210549,19.876452,19.876452,60.210549
9022302000109001,Fremmanby,,A,1,9025302000010901,9021302000109000,BUSSTOP,1,1,,50.0,2021-03-19 10:09:10.883,2021-03-29 00:00:00.000,,WGS84,60.269792,20.061465,20.061465,60.269792
9022302000115001,GE-huset,,A,1,9025302000011501,9021302000115000,BUSSTOP,1,1,,50.0,2021-03-19 10:09:10.883,2021-03-29 00:00:00.000,,WGS84,60.097763,19.938731,19.938731,60.097763
9022302000003001,Amalia,,A,1,9025302000000301,9021302000003000,BUSSTOP,1,1,,50.0,2021-03-19 10:09:10.883,2021-03-29 00:00:00.000,,WGS84,60.076598,20.197582,20.197582,60.076598
9022302000007001,Baltic,,A,1,9025302000000701,9021302000007000,BUSSTOP,1,1,,50.0,2021-03-19 10:09:10.883,2021-03-29 00:00:00.000,,WGS84,60.036702,20.101858,20.101858,60.036702
9022302000009001,Bamböle,,A,1,9025302000000901,9021302000009000,BUSSTOP,1,1,,50.0,2021-03-19 10:09:10.883,2021-03-29 00:00:00.000,,WGS84,60.228255,19.857974,19.857974,60.228255
9022302000011002,Bartsgårda,,B,2,9025302000001102,9021302000011000,BUSSTOP,1,1,,50.0,2021-03-19 10:09:10.883,2021-03-29 00:00:00.000,,WGS84,60.280489,19.956685,19.956685,60.280489
9022302000251001,Kungsö vsk.,,A,1,9025302000025101,9021302000251000,BUSSTOP,1,1,,50.0,2021-03-19 10:09:10.883,2021-03-29 00:00:00.000,,WGS84,60.109095,19.84387,19.84387,60.109095
9022302000253002,Kungsövägen vsk.,,B,2,9025302000025302,9021302000253000,BUSSTOP,1,1,,50.0,2021-03-19 10:09:10.883,2021-03-29 00:00:00.000,,WGS84,60.11854,19.868641,19.868641,60.11854
9022302000273001,Lemböte vsk.,,A,1,9025302000027301,9021302000273000,BUSSTOP,1,1,,50.0,2021-03-19 10:09:10.883,2021-03-29 00:00:00.000,,WGS84,60.082042,20.029122,20.029122,60.082042
9022302000304001,Marbyöjen vsk.,,A,1,9025302000030401,9021302000304000,BUSSTOP,1,1,,50.0,2021-03-19 10:09:10.883,2021-03-29 00:00:00.000,,WGS84,60.216347,19.671937,19.671937,60.216347
9022302000316001,Mickelsö vsk.,,A,1,9025302000031601,9021302000316000,BUSSTOP,1,1,,50.0,2021-03-19 10:09:10.883,2021-03-29 00:00:00.000,,WGS84,60.205961,20.285292,20.285292,60.205961
9022302000318002,Musterivägen vsk.,,B,2,9025302000031802,9021302000318000,BUSSTOP,1,1,,50.0,2021-03-19 10:09:10.883,2021-03-29 00:00:00.000,,WGS84,60.233695,20.000666,20.000666,60.233695
9022302000322002,Mörslättsvägen vsk.,,B,2,9025302000032202,9021302000322000,BUSSTOP,1,1,,50.0,2021-03-19 10:09:10.883,2021-03-29 00:00:00.000,,WGS84,60.301833,19.967454,19.967454,60.301833
9022302000326002,Nabbenvägen vsk.,,B,2,9025302000032602,9021302000326000,BUSSTOP,1,1,,50.0,2021-03-19 10:09:10.883,2021-03-29 00:00:00.000,,WGS84,60.294076,19.966703,19.966703,60.294076
9022302000336001,Näfsby vsk.,,A,1,9025302000033601,9021302000336000,BUSSTOP,1,1,,50.0,2021-03-19 10:09:10.883,2021-03-29 00:00:00.000,,WGS84,60.193067,19.781435,19.781435,60.193067
9022302000374001,Ringvägen vsk.,,A,1,9025302000037401,9021302000374000,BUSSTOP,1,1,,50.0,2021-03-19 10:09:10.883,2021-03-29 00:00:00.000,,WGS84,60.087864,19.942962,19.942962,60.087864
9022302000404002,Skeppsviksvägen vsk.,,B,2,9025302000040402,9021302000404000,BUSSTOP,1,1,,50.0,2021-03-19 10:09:10.883,2021-03-29 00:00:00.000,,WGS84,60.190246,19.577132,19.577132,60.190246
9022302000449002,Strömsby vsk.,,B,2,9025302000044902,9021302000449000,BUSSTOP,1,1,,50.0,2021-03-19 10:09:10.883,2021-03-29 00:00:00.000,,WGS84,60.247204,20.372604,20.372604,60.247204
9022302000455002,Sundsvägen 871 vsk.,,B,2,9025302000045502,9021302000455000,BUSSTOP,1,1,,50.0,2021-03-19 10:09:10.883,2021-03-29 00:00:00.000,,WGS84,60.221805,20.113601,20.113601,60.221805
9022302000457002,Svartsmara,,B,2,9025302000045702,9021302000457000,BUSSTOP,1,1,,50.0,2021-03-19 10:09:10.883,2021-03-29 00:00:00.000,,WGS84,60.249252,19.879543,19.879543,60.249252
9022302000472002,Södergatan vsk.,,B,2,9025302000047202,9021302000472000,BUSSTOP,1,1,,50.0,2021-03-19 10:09:10.883,2021-03-29 00:00:00.000,,WGS84,60.214843,19.564498,19.564498,60.214843
9022302000478001,Södernäsvägen vsk.,,A,1,9025302000047801,9021302000478000,BUSSTOP,1,1,,50.0,2021-03-19 10:09:10.883,2021-03-29 00:00:00.000,,WGS84,60.241515,20.024423,20.024423,60.241515
9022302000484001,Södra Finbygatan vsk.,,A,1,9025302000048401,9021302000484000,BUSSTOP,1,1,,50.0,2021-03-19 10:09:10.883,2021-03-29 00:00:00.000,,WGS84,60.221763,20.179209,20.179209,60.221763
9022302000490001,Södra Svinövägen vsk.,,A,1,9025302000049001,9021302000490000,BUSSTOP,1,1,,50.0,2021-03-19 10:09:10.883,2021-03-29 00:00:00.000,,WGS84,60.075801,20.260245,20.260245,60.075801
9022302000501001,Tobölevägen vsk.,,A,1,9025302000050101,9021302000501000,BUSSTOP,1,1,,50.0,2021-03-19 10:09:10.883,2021-03-29 00:00:00.000,,WGS84,60.321846,20.019528,20.019528,60.321846
9022302000503002,Eckerö Torp,,B,2,9025302000050302,9021302000503000,BUSSTOP,1,1,,50.0,2021-03-19 10:09:10.883,2021-03-29 00:00:00.000,,WGS84,60.187824,19.587329,19.587329,60.187824
9022302000614001,Kulla sund,,A,1,9025302000061401,9021302000614000,BUSSTOP,1,1,,50.0,2021-03-19 10:09:10.883,2021-03-29 00:00:00.000,,WGS84,60.240601,20.064826,20.064826,60.240601
9022302000614002,Kulla sund,,B,2,9025302000061402,9021302000614000,BUSSTOP,1,1,,50.0,2021-03-19 10:09:10.883,2021-03-29 00:00:00.000,,WGS84,60.240601,20.064826,20.064826,60.240601
9022302000003002,Amalia,,B,2,9025302000000302,9021302000003000,BUSSTOP,1,1,,50.0,2021-03-19 10:09:10.883,2021-03-29 00:00:00.000,,WGS84,60.076598,20.197582,20.197582,60.076598
9022302000056002,Bäckäng,,B,2,9025302000005602,9021302000056000,BUSSTOP,1,1,,50.0,2021-03-19 10:09:10.883,2021-03-29 00:00:00.000,,WGS84,60.073939,20.165001,20.165001,60.073939
9022302000148002,Hallonstigen,,B,2,9025302000014802,9021302000148000,BUSSTOP,1,1,,50.0,2021-03-19 10:09:10.883,2021-03-29 00:00:00.000,,WGS84,60.016606,20.136516,20.136516,60.016606
9022302000165002,Hellestorp,,B,2,9025302000016502,9021302000165000,BUSSTOP,1,1,,50.0,2021-03-19 10:09:10.883,2021-03-29 00:00:00.000,,WGS84,60.05307,20.092835,20.092835,60.05307
9022302000214001,Killingholm,,A,1,9025302000021401,9021302000214000,BUSSTOP,1,1,,50.0,2021-03-19 10:09:10.883,2021-03-29 00:00:00.000,,WGS84,60.327638,19.915573,19.915573,60.327638
9022302000218002,Klemetsby vsk.,,B,2,9025302000021802,9021302000218000,BUSSTOP,1,1,,50.0,2021-03-19 10:09:10.883,2021-03-29 00:00:00.000,,WGS84,60.108831,20.272154,20.272154,60.108831
9022302000222002,Knutsbodavägen vsk.,,B,2,9025302000022202,9021302000222000,BUSSTOP,1,1,,50.0,2021-03-19 10:09:10.883,2021-03-29 00:00:00.000,,WGS84,60.067762,20.034083,20.034083,60.067762
9022302000236002,Krokstadsvägen vsk.,,B,2,9025302000023602,9021302000236000,BUSSTOP,1,1,,50.0,2021-03-19 10:09:10.883,2021-03-29 00:00:00.000,,WGS84,60.111828,20.264886,20.264886,60.111828
9022302000240002,Kullavägen vsk.,,B,2,9025302000024002,9021302000240000,BUSSTOP,1,1,,50.0,2021-03-19 10:09:10.883,2021-03-29 00:00:00.000,,WGS84,60.211714,19.866203,19.866203,60.211714
9022302000251002,Kungsö vsk.,,B,2,9025302000025102,9021302000251000,BUSSTOP,1,1,,50.0,2021-03-19 10:09:10.883,2021-03-29 00:00:00.000,,WGS84,60.109095,19.84387,19.84387,60.109095
9022302000283002,Lumparby,,B,2,9025302000028302,9021302000283000,BUSSTOP,1,1,,50.0,2021-03-19 10:09:10.883,2021-03-29 00:00:00.000,,WGS84,60.120672,20.24823,20.24823,60.120672
9022302000398002,Skag vsk.,,B,2,9025302000039802,9021302000398000,BUSSTOP,1,1,,50.0,2021-03-19 10:09:10.883,2021-03-29 00:00:00.000,,WGS84,60.084675,20.237988,20.237988,60.084675
9022302000408002,Skolsvängen vsk.,,B,2,9025302000040802,9021302000408000,BUSSTOP,1,1,,50.0,2021-03-19 10:09:10.883,2021-03-29 00:00:00.000,,WGS84,60.073754,20.136745,20.136745,60.073754
9022302000613002,Lemland Pellas,,B,2,9025302000061302,9021302000613000,BUSSTOP,1,1,,50.0,2021-03-19 10:09:10.883,2021-03-29 00:00:00.000,,WGS84,60.075784,20.186498,20.186498,60.075784
9022302000047001,Brobacka vsk.,,A,1,9025302000004701,9021302000047000,BUSSTOP,1,1,,50.0,2021-03-19 10:09:10.883,2021-03-29 00:00:00.000,,WGS84,60.200724,19.956341,19.956341,60.200724
9022302000047002,Brobacka vsk.,,B,2,9025302000004702,9021302000047000,BUSSTOP,1,1,,50.0,2021-03-19 10:09:10.883,2021-03-29 00:00:00.000,,WGS84,60.200724,19.956341,19.956341,60.200724
9022302000049001,Brokärrsvägen vsk.,,A,1,9025302000004901,9021302000049000,BUSSTOP,1,1,,50.0,2021-03-19 10:09:10.883,2021-03-29 00:00:00.000,,WGS84,60.242081,20.059941,20.059941,60.242081
9022302000052001,Brändövägen vsk.,,A,1,9025302000005201,9021302000052000,BUSSTOP,1,1,,50.0,2021-03-19 10:09:10.883,2021-03-29 00:00:00.000,,WGS84,60.115898,19.877951,19.877951,60.115898
9022302000052002,Brändövägen vsk.,,B,2,9025302000005202,9021302000052000,BUSSTOP,1,1,,50.0,2021-03-19 10:09:10.883,2021-03-29 00:00:00.000,,WGS84,60.115898,19.877951,19.877951,60.115898
9022302000058002,Böle vsk.,,B,2,9025302000005802,9021302000058000,BUSSTOP,1,1,,50.0,2021-03-19 10:09:10.883,2021-03-29 00:00:00.000,,WGS84,60.225366,19.590528,19.590528,60.225366
9022302000091001,Espholm (Sleipner) vsk.,,A,1,9025302000009101,9021302000091000,BUSSTOP,1,1,,50.0,2021-03-19 10:09:10.883,2021-03-29 00:00:00.000,,WGS84,60.066703,19.958966,19.958966,60.066703
9022302000093001,Finby vsk.,,A,1,9025302000009301,9021302000093000,BUSSTOP,1,1,,50.0,2021-03-19 10:09:10.883,2021-03-29 00:00:00.000,,WGS84,60.223553,20.170004,20.170004,60.223553
9022302000172001,Holmen vsk.,,A,1,9025302000017201,9021302000172000,BUSSTOP,1,1,,50.0,2021-03-19 10:09:10.883,2021-03-29 00:00:00.000,,WGS84,60.026831,19.988421,19.988421,60.026831
9022302000220001,Knutsboda vsk.,,A,1,9025302000022001,9021302000220000,BUSSTOP,1,1,,50.0,2021-03-19 10:09:10.883,2021-03-29 00:00:00.000,,WGS84,60.072808,20.031175,20.031175,60.072808
9022302000232001,Kroklunds vsk.,,A,1,9025302000023201,9021302000232000,BUSSTOP,1,1,,50.0,2021-03-19 10:09:10.883,2021-03-29 00:00:00.000,,WGS84,60.305308,19.951644,19.951644,60.305308
9022302000234001,Krokstad vsk.,,A,1,9025302000023401,9021302000234000,BUSSTOP,1,1,,50.0,2021-03-19 10:09:10.883,2021-03-29 00:00:00.000,,WGS84,60.095405,20.261364,20.261364,60.095405
9022302000247002,Kungsholmen vsk.,,B,2,9025302000024702,9021302000247000,BUSSTOP,1,1,,50.0,2021-03-19 10:09:10.883,2021-03-29 00:00:00.000,,WGS84,60.32838,19.923461,19.923461,60.32838
9022302000573001,Ämnäs viken,,A,1,9025302000057301,9021302000573000,BUSSTOP,1,1,,50.0,2021-03-19 10:09:10.883,2021-03-29 00:00:00.000,,WGS84,60.204623,19.959523,19.959523,60.204623
9022302000585001,Ödkarby,,A,1,9025302000058501,9021302000585000,BUSSTOP,1,1,,50.0,2021-03-19 10:09:10.883,2021-03-29 00:00:00.000,,WGS84,60.310115,19.979848,19.979848,60.310115
9022302000585002,Ödkarby,,B,2,9025302000058502,9021302000585000,BUSSTOP,1,1,,50.0,2021-03-19 10:09:10.883,2021-03-29 00:00:00.000,,WGS84,60.310115,19.979848,19.979848,60.310115
9022302000598001,Östergeta 1,,A,1,9025302000059801,9021302000598000,BUSSTOP,1,1,,50.0,2021-03-19 10:09:10.883,2021-03-29 00:00:00.000,,WGS84,60.377376,19.875435,19.875435,60.377376
9022302000598002,Östergeta 1,,B,2,9025302000059802,9021302000598000,BUSSTOP,1,1,,50.0,2021-03-19 10:09:10.883,2021-03-29 00:00:00.000,,WGS84,60.377376,19.875435,19.875435,60.377376
9022302000609001,Överö,,A,1,9025302000060901,9021302000609000,PIER,1,1,,50.0,2021-03-19 10:09:10.883,2021-03-29 00:00:00.000,,WGS84,60.111552,20.510715,20.510715,60.111552
9022302001005001,Enklinge,,A,1,9025302000100501,9021302001005000,PIER,1,1,,50.0,2021-03-19 10:09:10.883,2021-03-29 00:00:00.000,,WGS84,60.318215,20.751463,20.751463,60.318215
9022302001022001,Jurmo,,A,1,9025302000102201,9021302001022000,PIER,1,1,,50.0,2021-03-19 10:09:10.883,2021-03-29 00:00:00.000,,WGS84,60.515968,21.075031,21.075031,60.515968
9022302001023001,Torsholma,,A,1,9025302000102301,9021302001023000,PIER,1,1,,50.0,2021-03-19 10:09:10.883,2021-03-29 00:00:00.000,,WGS84,60.35657,21.038087,21.038087,60.35657
9022302000045002,Brinkbacken,,B,2,9025302000004502,9021302000045000,BUSSTOP,1,1,,50.0,2021-03-19 10:09:10.883,2021-03-29 00:00:00.000,,WGS84,60.214429,19.635075,19.635075,60.214429
9022302000080002,Eckerö kyrka,,B,2,9025302000008002,9021302000080000,BUSSTOP,1,1,,50.0,2021-03-19 10:09:10.883,2021-03-29 00:00:00.000,,WGS84,60.212995,19.612101,19.612101,60.212995
9022302000199002,Karholm,,B,2,9025302000019902,9021302000199000,BUSSTOP,1,1,,50.0,2021-03-19 10:09:10.883,2021-03-29 00:00:00.000,,WGS84,60.229093,19.686936,19.686936,60.229093
9022302000209002,Kattby södra,,B,2,9025302000020902,9021302000209000,BUSSTOP,1,1,,50.0,2021-03-19 10:09:10.883,2021-03-29 00:00:00.000,,WGS84,60.215933,19.740455,19.740455,60.215933
9022302000264002,Käringsunds Camping,,B,2,9025302000026402,9021302000264000,BUSSTOP,1,1,,50.0,2021-03-19 10:09:10.883,2021-03-29 00:00:00.000,,WGS84,60.233431,19.544541,19.544541,60.233431
9022302000594002,Östanträsk,,B,2,9025302000059402,9021302000594000,BUSSTOP,1,1,,50.0,2021-03-19 10:09:10.883,2021-03-29 00:00:00.000,,WGS84,60.152439,19.795598,19.795598,60.152439
9022302000005001,Apalnäsvägen vsk.,,A,1,9025302000000501,9021302000005000,BUSSTOP,1,1,,50.0,2021-03-19 10:09:10.883,2021-03-29 00:00:00.000,,WGS84,60.108835,20.01202,20.01202,60.108835
9022302000031002,Björkängsvägen vsk.,,B,2,9025302000003102,9021302000031000,BUSSTOP,1,1,,50.0,2021-03-19 10:09:10.883,2021-03-29 00:00:00.000,,WGS84,60.214448,19.978258,19.978258,60.214448
9022302000492002,Tekniska verken,,B,2,9025302000049202,9021302000492000,BUSSTOP,1,1,,50.0,2021-03-19 10:09:10.883,2021-03-29 00:00:00.000,,WGS84,60.106496,19.932977,19.932977,60.106496
9022302000506001,Torpfjärden,,A,1,9025302000050601,9021302000506000,BUSSTOP,1,1,,50.0,2021-03-19 10:09:10.883,2021-03-29 00:00:00.000,,WGS84,60.113487,19.883867,19.883867,60.113487
9022302000512002,Tärnebolstad,,B,2,9025302000051202,9021302000512000,BUSSTOP,1,1,,50.0,2021-03-19 10:09:10.883,2021-03-29 00:00:00.000,,WGS84,60.266329,19.958307,19.958307,60.266329
9022302000514002,Töftö,,B,2,9025302000051402,9021302000514000,BUSSTOP,1,1,,50.0,2021-03-19 10:09:10.883,2021-03-29 00:00:00.000,,WGS84,60.211715,20.297833,20.297833,60.211715
9022302000516002,Töftö färjfäste,,B,2,9025302000051602,9021302000516000,BUSSTOP,1,1,,50.0,2021-03-19 10:09:10.883,2021-03-29 00:00:00.000,,WGS84,60.205603,20.277861,20.277861,60.205603
9022302000523001,Valborg,,A,1,9025302000052301,9021302000523000,BUSSTOP,1,1,,50.0,2021-03-19 10:09:10.883,2021-03-29 00:00:00.000,,WGS84,60.068466,20.097777,20.097777,60.068466
9022302000525002,Vandö,,B,2,9025302000052502,9021302000525000,BUSSTOP,1,1,,50.0,2021-03-19 10:09:10.883,2021-03-29 00:00:00.000,,WGS84,60.30466,19.907863,19.907863,60.30466
9022302000529002,Vargata centrum,,B,2,9025302000052902,9021302000529000,BUSSTOP,1,1,,50.0,2021-03-19 10:09:10.883,2021-03-29 00:00:00.000,,WGS84,60.245909,20.351116,20.351116,60.245909
9022302000548001,Vårdö skola,,A,1,9025302000054801,9021302000548000,BUSSTOP,1,1,,50.0,2021-03-19 10:09:10.883,2021-03-29 00:00:00.000,,WGS84,60.244506,20.375506,20.375506,60.244506
9022302000551001,Västanträsk 2,,A,1,9025302000055101,9021302000551000,BUSSTOP,1,1,,50.0,2021-03-19 10:09:10.883,2021-03-29 00:00:00.000,,WGS84,60.340631,19.92659,19.92659,60.340631
9022302000551002,Västanträsk 2,,B,2,9025302000055102,9021302000551000,BUSSTOP,1,1,,50.0,2021-03-19 10:09:10.883,2021-03-29 00:00:00.000,,WGS84,60.340631,19.92659,19.92659,60.340631
9022302000553002,Västanträsk musteri,,B,2,9025302000055302,9021302000553000,BUSSTOP,1,1,,50.0,2021-03-19 10:09:10.883,2021-03-29 00:00:00.000,,WGS84,60.343357,19.928696,19.928696,60.343357
9022302000555002,Västergeta,,B,2,9025302000055502,9021302000555000,BUSSTOP,1,1,,50.0,2021-03-19 10:09:10.883,2021-03-29 00:00:00.000,,WGS84,60.376826,19.855486,19.855486,60.376826
9022302000396001,Sjukhuset,,A,1,9025302000039601,9021302000396000,BUSSTOP,1,1,,50.0,2021-03-19 10:09:10.883,2021-03-29 00:00:00.000,,WGS84,60.113796,19.93231,19.93231,60.113796
9022302000447001,Strömma,,A,1,9025302000044701,9021302000447000,BUSSTOP,1,1,,50.0,2021-03-19 10:09:10.883,2021-03-29 00:00:00.000,,WGS84,60.3206,20.044246,20.044246,60.3206
9022302000451001,Strömsnäs,,A,1,9025302000045101,9021302000451000,BUSSTOP,1,1,,50.0,2021-03-19 10:09:10.883,2021-03-29 00:00:00.000,,WGS84,60.090382,20.02433,20.02433,60.090382
9022302000464001,Svinö stugby,,A,1,9025302000046401,9021302000464000,BUSSTOP,1,1,,50.0,2021-03-19 10:09:10.883,2021-03-29 00:00:00.000,,WGS84,60.082395,20.261199,20.261199,60.082395
9022302000486001,Södra Flaka,,A,1,9025302000048601,9021302000486000,BUSSTOP,1,1,,50.0,2021-03-19 10:09:10.883,2021-03-29 00:00:00.000,,WGS84,60.019801,20.162444,20.162444,60.019801
9022302000492001,Tekniska verken,,A,1,9025302000049201,9021302000492000,BUSSTOP,1,1,,50.0,2021-03-19 10:09:10.883,2021-03-29 00:00:00.000,,WGS84,60.106496,19.932977,19.932977,60.106496
9022302000296002,Lövö,,B,2,9025302000029602,9021302000296000,BUSSTOP,1,1,,50.0,2021-03-19 10:09:10.883,2021-03-29 00:00:00.000,,WGS84,60.260278,20.371076,20.371076,60.260278
9022302000308001,"Mariehamn, Bussplan",,A,1,9025302000030801,9021302000308000,BUSSTOP,1,1,,50.0,2021-03-19 10:09:10.883,2021-03-29 00:00:00.000,,WGS84,60.102057,19.942343,19.942343,60.102057
9022302000310001,Markusbölevägen,,A,1,9025302000031001,9021302000310000,BUSSTOP,1,1,,50.0,2021-03-19 10:09:10.883,2021-03-29 00:00:00.000,,WGS84,60.254512,19.913907,19.913907,60.254512
9022302000332001,Nåtö biologiska,,A,1,9025302000033201,9021302000332000,BUSSTOP,1,1,,50.0,2021-03-19 10:09:10.883,2021-03-29 00:00:00.000,,WGS84,60.04576,19.974325,19.974325,60.04576
9022302000332002,Nåtö biologiska,,B,2,9025302000033202,9021302000332000,BUSSTOP,1,1,,50.0,2021-03-19 10:09:10.883,2021-03-29 00:00:00.000,,WGS84,60.04576,19.974325,19.974325,60.04576
9022302000366002,Prästö färjfäste,,B,2,9025302000036602,9021302000366000,BUSSTOP,1,1,,50.0,2021-03-19 10:09:10.883,2021-03-29 00:00:00.000,,WGS84,60.208225,20.271558,20.271558,60.208225
9022302000370002,Pålsböle Sarlings,,B,2,9025302000037002,9021302000370000,BUSSTOP,1,1,,50.0,2021-03-19 10:09:10.883,2021-03-29 00:00:00.000,,WGS84,60.265439,19.931862,19.931862,60.265439
9022302000380001,Rörstorp,,A,1,9025302000038001,9021302000380000,BUSSTOP,1,1,,50.0,2021-03-19 10:09:10.883,2021-03-29 00:00:00.000,,WGS84,60.073166,20.13151,20.13151,60.073166
9022302000384001,Samuelstorp,,A,1,9025302000038401,9021302000384000,BUSSTOP,1,1,,50.0,2021-03-19 10:09:10.883,2021-03-29 00:00:00.000,,WGS84,60.16991,19.745096,19.745096,60.16991
9022302000390001,Sandösund,,A,1,9025302000039001,9021302000390000,BUSSTOP,1,1,,50.0,2021-03-19 10:09:10.883,2021-03-29 00:00:00.000,,WGS84,60.270889,20.387064,20.387064,60.270889
9022302000394001,Simskäla färjfäste,,A,1,9025302000039401,9021302000394000,BUSSTOP,1,1,,50.0,2021-03-19 10:09:10.883,2021-03-29 00:00:00.000,,WGS84,60.32192,20.372777,20.372777,60.32192
9022302000183002,Ingby,,B,2,9025302000018302,9021302000183000,BUSSTOP,1,1,,50.0,2021-03-19 10:09:10.883,2021-03-29 00:00:00.000,,WGS84,60.16367,19.946974,19.946974,60.16367
9022302000187002,Jomala kyrka,,B,2,9025302000018702,9021302000187000,BUSSTOP,1,1,,50.0,2021-03-19 10:09:10.883,2021-03-29 00:00:00.000,,WGS84,60.156033,19.947602,19.947602,60.156033
9022302000191001,Jomalaby,,A,1,9025302000019101,9021302000191000,BUSSTOP,1,1,,50.0,2021-03-19 10:09:10.883,2021-03-29 00:00:00.000,,WGS84,60.175303,19.980012,19.980012,60.175303
9022302000199001,Karholm,,A,1,9025302000019901,9021302000199000,BUSSTOP,1,1,,50.0,2021-03-19 10:09:10.883,2021-03-29 00:00:00.000,,WGS84,60.229093,19.686936,19.686936,60.229093
9022302000214002,Killingholm,,B,2,9025302000021402,9021302000214000,BUSSTOP,1,1,,50.0,2021-03-19 10:09:10.883,2021-03-29 00:00:00.000,,WGS84,60.327638,19.915573,19.915573,60.327638
9022302000230001,Kroklund,,A,1,9025302000023001,9021302000230000,BUSSTOP,1,1,,50.0,2021-03-19 10:09:10.883,2021-03-29 00:00:00.000,,WGS84,60.308407,19.967055,19.967055,60.308407
9022302000245001,Kummelören,,A,1,9025302000024501,9021302000245000,BUSSTOP,1,1,,50.0,2021-03-19 10:09:10.883,2021-03-29 00:00:00.000,,WGS84,60.079087,20.215668,20.215668,60.079087
9022302000255001,Kvarnbo,,A,1,9025302000025501,9021302000255000,BUSSTOP,1,1,,50.0,2021-03-19 10:09:10.883,2021-03-29 00:00:00.000,,WGS84,60.274672,20.06158,20.06158,60.274672
9022302000259001,Källarvägen,,A,1,9025302000025901,9021302000259000,BUSSTOP,1,1,,50.0,2021-03-19 10:09:10.883,2021-03-29 00:00:00.000,,WGS84,60.130405,19.915439,19.915439,60.130405
9022302000261002,Källbo skola,,B,2,9025302000026102,9021302000261000,BUSSTOP,1,1,,50.0,2021-03-19 10:09:10.883,2021-03-29 00:00:00.000,,WGS84,60.228428,19.985064,19.985064,60.228428
9022302000268001,Laby,,A,1,9025302000026801,9021302000268000,BUSSTOP,1,1,,50.0,2021-03-19 10:09:10.883,2021-03-29 00:00:00.000,,WGS84,60.318375,19.996358,19.996358,60.318375
9022302000276001,Lemströms kanal,,A,1,9025302000027601,9021302000276000,BUSSTOP,1,1,,50.0,2021-03-19 10:09:10.883,2021-03-29 00:00:00.000,,WGS84,60.098805,20.014728,20.014728,60.098805
9022302000292001,Lönnhagsvägen,,A,1,9025302000029201,9021302000292000,BUSSTOP,1,1,,50.0,2021-03-19 10:09:10.883,2021-03-29 00:00:00.000,,WGS84,60.111558,19.913988,19.913988,60.111558
9022302000118001,Godby centrum,,A,1,9025302000011801,9021302000118000,BUSSTOP,1,1,,50.0,2021-03-19 10:09:10.883,2021-03-29 00:00:00.000,,WGS84,60.23039,19.988838,19.988838,60.23039
9022302000129001,Gottby by,,A,1,9025302000012901,9021302000129000,BUSSTOP,1,1,,50.0,2021-03-19 10:09:10.883,2021-03-29 00:00:00.000,,WGS84,60.129856,19.8208,19.8208,60.129856
9022302000133002,Granholm,,B,2,9025302000013302,9021302000133000,BUSSTOP,1,1,,50.0,2021-03-19 10:09:10.883,2021-03-29 00:00:00.000,,WGS84,60.055141,19.967865,19.967865,60.055141
9022302000143001,Gölby norra,,A,1,9025302000014301,9021302000143000,BUSSTOP,1,1,,50.0,2021-03-19 10:09:10.883,2021-03-29 00:00:00.000,,WGS84,60.197317,19.950121,19.950121,60.197317
9022302000150001,"Hammarland, Torp",,A,1,9025302000015001,9021302000150000,BUSSTOP,1,1,,50.0,2021-03-19 10:09:10.883,2021-03-29 00:00:00.000,,WGS84,60.155701,19.75718,19.75718,60.155701
9022302000156001,Hamnterminalen,,A,1,9025302000015601,9021302000156000,BUSSTOP,1,1,,50.0,2021-03-19 10:09:10.883,2021-03-29 00:00:00.000,,WGS84,60.092584,19.929278,19.929278,60.092584
9022302000168001,Hemdal,,A,1,9025302000016801,9021302000168000,BUSSTOP,1,1,,50.0,2021-03-19 10:09:10.883,2021-03-29 00:00:00.000,,WGS84,60.279709,20.062727,20.062727,60.279709
9022302000178001,Hummelvik,,A,1,9025302000017801,9021302000178000,BUSSTOP,1,1,,50.0,2021-03-19 10:09:10.883,2021-03-29 00:00:00.000,,WGS84,60.224336,20.413502,20.413502,60.224336
9022302000001002,4H-gården,,B,2,9025302000000102,9021302000001000,BUSSTOP,1,1,,50.0,2021-03-19 10:09:10.883,2021-03-29 00:00:00.000,,WGS84,60.180685,19.98212,19.98212,60.180685
9022302000025001,Björknäs,,A,1,9025302000002501,9021302000025000,BUSSTOP,1,1,,50.0,2021-03-19 10:09:10.883,2021-03-29 00:00:00.000,,WGS84,60.323839,19.925352,19.925352,60.323839
9022302000033002,Björsby,,B,2,9025302000003302,9021302000033000,BUSSTOP,1,1,,50.0,2021-03-19 10:09:10.883,2021-03-29 00:00:00.000,,WGS84,60.18527,19.963935,19.963935,60.18527
9022302000066002,Degerby,,B,2,9025302000006602,9021302000066000,PIER,1,1,,50.0,2021-03-19 10:09:10.883,2021-03-29 00:00:00.000,,WGS84,60.032131,20.385726,20.385726,60.032131
9022302000073001,Drygsböle,,A,1,9025302000007301,9021302000073000,BUSSTOP,1,1,,50.0,2021-03-19 10:09:10.883,2021-03-29 00:00:00.000,,WGS84,60.182175,19.783613,19.783613,60.182175
9022302000075001,Eckerö färjterminal,,A,1,9025302000007501,9021302000075000,BUSSTOP,1,1,,50.0,2021-03-19 10:09:10.883,2021-03-29 00:00:00.000,,WGS84,60.224613,19.538434,19.538434,60.224613
9022302000007002,Baltic,,B,2,9025302000000702,9021302000007000,BUSSTOP,1,1,,50.0,2021-03-19 10:09:10.883,2021-03-29 00:00:00.000,,WGS84,60.036702,20.101858,20.101858,60.036702
9022302000015002,Bengtsböle,,B,2,9025302000001502,9021302000015000,BUSSTOP,1,1,,50.0,2021-03-19 10:09:10.883,2021-03-29 00:00:00.000,,WGS84,60.069028,20.111775,20.111775,60.069028
9022302000089002,Emkarby daghem,,B,2,9025302000008902,9021302000089000,BUSSTOP,1,1,,50.0,2021-03-19 10:09:10.883,2021-03-29 00:00:00.000,,WGS84,60.21103,19.88207,19.88207,60.21103
9022302000105002,Folkhögskolan vsk.,,B,2,9025302000010502,9021302000105000,BUSSTOP,1,1,,50.0,2021-03-19 10:09:10.883,2021-03-29 00:00:00.000,,WGS84,60.258822,19.916177,19.916177,60.258822
9022302000129002,Gottby by,,B,2,9025302000012902,9021302000129000,BUSSTOP,1,1,,50.0,2021-03-19 10:09:10.883,2021-03-29 00:00:00.000,,WGS84,60.129856,19.8208,19.8208,60.129856
9022302000179002,Högbergsvägen vsk.,,B,2,9025302000017902,9021302000179000,BUSSTOP,1,1,,50.0,2021-03-19 10:09:10.883,2021-03-29 00:00:00.000,,WGS84,60.076051,20.030299,20.030299,60.076051
9022302000220002,Knutsboda vsk.,,B,2,9025302000022002,9021302000220000,BUSSTOP,1,1,,50.0,2021-03-19 10:09:10.883,2021-03-29 00:00:00.000,,WGS84,60.072808,20.031175,20.031175,60.072808
9022302000240001,Kullavägen vsk.,,A,1,9025302000024001,9021302000240000,BUSSTOP,1,1,,50.0,2021-03-19 10:09:10.883,2021-03-29 00:00:00.000,,WGS84,60.211714,19.866203,19.866203,60.211714
9022302000245002,Kummelören,,B,2,9025302000024502,9021302000245000,BUSSTOP,1,1,,50.0,2021-03-19 10:09:10.883,2021-03-29 00:00:00.000,,WGS84,60.079087,20.215668,20.215668,60.079087
9022302000275002,Lemlands kyrka,,B,2,9025302000027502,9021302000275000,BUSSTOP,1,1,,50.0,2021-03-19 10:09:10.883,2021-03-29 00:00:00.000,,WGS84,60.071692,20.084244,20.084244,60.071692
9022302000289002,Långnäs färjfäste,,B,2,9025302000028902,9021302000289000,BUSSTOP,1,1,,50.0,2021-03-19 10:09:10.883,2021-03-29 00:00:00.000,,WGS84,60.11745,20.296355,20.296355,60.11745
9022302000292002,Lönnhagsvägen,,B,2,9025302000029202,9021302000292000,BUSSTOP,1,1,,50.0,2021-03-19 10:09:10.883,2021-03-29 00:00:00.000,,WGS84,60.111558,19.913988,19.913988,60.111558
9022302000314002,Mellanvik,,B,2,9025302000031402,9021302000314000,BUSSTOP,1,1,,50.0,2021-03-19 10:09:10.883,2021-03-29 00:00:00.000,,WGS84,60.065975,20.068844,20.068844,60.065975
9022302000324002,Nabben,,B,2,9025302000032402,9021302000324000,BUSSTOP,1,1,,50.0,2021-03-19 10:09:10.883,2021-03-29 00:00:00.000,,WGS84,60.114974,19.948484,19.948484,60.114974
9022302000330002,Norrängen,,B,2,9025302000033002,9021302000330000,BUSSTOP,1,1,,50.0,2021-03-19 10:09:10.883,2021-03-29 00:00:00.000,,WGS84,60.200598,19.928354,19.928354,60.200598
9022302000360002,Postgärdsvägen vsk.,,B,2,9025302000036002,9021302000360000,BUSSTOP,1,1,,50.0,2021-03-19 10:09:10.883,2021-03-29 00:00:00.000,,WGS84,60.196114,19.936088,19.936088,60.196114
9022302000451002,Strömsnäs,,B,2,9025302000045102,9021302000451000,BUSSTOP,1,1,,50.0,2021-03-19 10:09:10.883,2021-03-29 00:00:00.000,,WGS84,60.090382,20.02433,20.02433,60.090382
9022302000466002,Svinövägen vsk.,,B,2,9025302000046602,9021302000466000,BUSSTOP,1,1,,50.0,2021-03-19 10:09:10.883,2021-03-29 00:00:00.000,,WGS84,60.085444,20.256118,20.256118,60.085444
9022302000480002,Söderskogsvägen vsk.,,B,2,9025302000048002,9021302000480000,BUSSTOP,1,1,,50.0,2021-03-19 10:09:10.883,2021-03-29 00:00:00.000,,WGS84,60.20621,19.8437,19.8437,60.20621
9022302000490002,Södra Svinövägen vsk.,,B,2,9025302000049002,9021302000490000,BUSSTOP,1,1,,50.0,2021-03-19 10:09:10.883,2021-03-29 00:00:00.000,,WGS84,60.075801,20.260245,20.260245,60.075801
9022302000503001,Eckerö Torp,,A,1,9025302000050301,9021302000503000,BUSSTOP,1,1,,50.0,2021-03-19 10:09:10.883,2021-03-29 00:00:00.000,,WGS84,60.187824,19.587329,19.587329,60.187824
9022302000577002,Ängösundsvägen vsk.,,B,2,9025302000057702,9021302000577000,BUSSTOP,1,1,,50.0,2021-03-19 10:09:10.883,2021-03-29 00:00:00.000,,WGS84,60.115696,20.26134,20.26134,60.115696
9022302000604002,Överby,,B,2,9025302000060402,9021302000604000,BUSSTOP,1,1,,50.0,2021-03-19 10:09:10.883,2021-03-29 00:00:00.000,,WGS84,60.148149,19.986022,19.986022,60.148149
9022302000386001,Sandmovägen vsk.,,A,1,9025302000038601,9021302000386000,BUSSTOP,1,1,,50.0,2021-03-19 10:09:10.883,2021-03-29 00:00:00.000,,WGS84,60.223252,19.552998,19.552998,60.223252
9022302000418002,Smedsböle vsk.,,B,2,9025302000041802,9021302000418000,BUSSTOP,1,1,,50.0,2021-03-19 10:09:10.883,2021-03-29 00:00:00.000,,WGS84,60.223605,20.161875,20.161875,60.223605
9022302000433001,Stenbro vsk.,,A,1,9025302000043301,9021302000433000,BUSSTOP,1,1,,50.0,2021-03-19 10:09:10.883,2021-03-29 00:00:00.000,,WGS84,60.2379,20.083498,20.083498,60.2379
9022302000437001,Storängsgatan vsk.,,A,1,9025302000043701,9021302000437000,BUSSTOP,1,1,,50.0,2021-03-19 10:09:10.883,2021-03-29 00:00:00.000,,WGS84,60.219519,20.188403,20.188403,60.219519
9022302000449001,Strömsby vsk.,,A,1,9025302000044901,9021302000449000,BUSSTOP,1,1,,50.0,2021-03-19 10:09:10.883,2021-03-29 00:00:00.000,,WGS84,60.247204,20.372604,20.372604,60.247204
9022302000480001,Söderskogsvägen vsk.,,A,1,9025302000048001,9021302000480000,BUSSTOP,1,1,,50.0,2021-03-19 10:09:10.883,2021-03-29 00:00:00.000,,WGS84,60.20621,19.8437,19.8437,60.20621
9022302000499001,Tjudö vsk.,,A,1,9025302000049901,9021302000499000,BUSSTOP,1,1,,50.0,2021-03-19 10:09:10.883,2021-03-29 00:00:00.000,,WGS84,60.314466,19.941328,19.941328,60.314466
9022302000501002,Tobölevägen vsk.,,B,2,9025302000050102,9021302000501000,BUSSTOP,1,1,,50.0,2021-03-19 10:09:10.883,2021-03-29 00:00:00.000,,WGS84,60.321846,20.019528,20.019528,60.321846
9022302000510002,Tosarby vsk.,,B,2,9025302000051002,9021302000510000,BUSSTOP,1,1,,50.0,2021-03-19 10:09:10.883,2021-03-29 00:00:00.000,,WGS84,60.223614,20.104958,20.104958,60.223614
9022302000541001,Vestmyravägen vsk. 2,,A,1,9025302000054101,9021302000541000,BUSSTOP,1,1,,50.0,2021-03-19 10:09:10.883,2021-03-29 00:00:00.000,,WGS84,60.193644,19.739425,19.739425,60.193644
9022302000561002,Västra Möckelö vsk.,,B,2,9025302000056102,9021302000561000,BUSSTOP,1,1,,50.0,2021-03-19 10:09:10.883,2021-03-29 00:00:00.000,,WGS84,60.107112,19.898805,19.898805,60.107112
9022302000590001,Önningeby vsk.,,A,1,9025302000059001,9021302000590000,BUSSTOP,1,1,,50.0,2021-03-19 10:09:10.883,2021-03-29 00:00:00.000,,WGS84,60.11089,20.00569,20.00569,60.11089
9022302000606002,Överbyvägen vsk.,,B,2,9025302000060602,9021302000606000,BUSSTOP,1,1,,50.0,2021-03-19 10:09:10.883,2021-03-29 00:00:00.000,,WGS84,60.213468,19.626557,19.626557,60.213468
9022302000611001,Skräddarsvängen vsk.,,A,1,9025302000061101,9021302000611000,BUSSTOP,1,1,,50.0,2021-03-19 10:09:10.883,2021-03-29 00:00:00.000,,WGS84,60.377039,19.884124,19.884124,60.377039
9022302000611002,Skräddarsvängen vsk.,,B,2,9025302000061102,9021302000611000,BUSSTOP,1,1,,50.0,2021-03-19 10:09:10.883,2021-03-29 00:00:00.000,,WGS84,60.377039,19.884124,19.884124,60.377039
9022302000139001,Grelsby vsk.,,A,1,9025302000013901,9021302000139000,BUSSTOP,1,1,,50.0,2021-03-19 10:09:10.883,2021-03-29 00:00:00.000,,WGS84,60.237587,19.976598,19.976598,60.237587
9022302000154001,Hamnsundsvägen vsk.,,A,1,9025302000015401,9021302000154000,BUSSTOP,1,1,,50.0,2021-03-19 10:09:10.883,2021-03-29 00:00:00.000,,WGS84,60.311465,20.053843,20.053843,60.311465
9022302000218001,Klemetsby vsk.,,A,1,9025302000021801,9021302000218000,BUSSTOP,1,1,,50.0,2021-03-19 10:09:10.883,2021-03-29 00:00:00.000,,WGS84,60.108831,20.272154,20.272154,60.108831
9022302000228002,Kottestigen vsk.,,B,2,9025302000022802,9021302000228000,BUSSTOP,1,1,,50.0,2021-03-19 10:09:10.883,2021-03-29 00:00:00.000,,WGS84,60.275113,20.389893,20.389893,60.275113
9022302000232002,Kroklunds vsk.,,B,2,9025302000023202,9021302000232000,BUSSTOP,1,1,,50.0,2021-03-19 10:09:10.883,2021-03-29 00:00:00.000,,WGS84,60.305308,19.951644,19.951644,60.305308
9022302000238001,Kullagatan vsk.,,A,1,9025302000023801,9021302000238000,BUSSTOP,1,1,,50.0,2021-03-19 10:09:10.883,2021-03-29 00:00:00.000,,WGS84,60.264448,20.059039,20.059039,60.264448
9022302000249002,Kungstensvägen vsk.,,B,2,9025302000024902,9021302000249000,BUSSTOP,1,1,,50.0,2021-03-19 10:09:10.883,2021-03-29 00:00:00.000,,WGS84,60.254522,19.951905,19.951905,60.254522
9022302000269002,Lafsbölevägen vsk.,,B,2,9025302000026902,9021302000269000,BUSSTOP,1,1,,50.0,2021-03-19 10:09:10.883,2021-03-29 00:00:00.000,,WGS84,60.289849,20.064462,20.064462,60.289849
9022302000302002,Marbyvägen vsk.,,B,2,9025302000030202,9021302000302000,BUSSTOP,1,1,,50.0,2021-03-19 10:09:10.883,2021-03-29 00:00:00.000,,WGS84,60.212896,19.647981,19.647981,60.212896
9022302000304002,Marbyöjen vsk.,,B,2,9025302000030402,9021302000304000,BUSSTOP,1,1,,50.0,2021-03-19 10:09:10.883,2021-03-29 00:00:00.000,,WGS84,60.216347,19.671937,19.671937,60.216347
9022302000306001,Mariavägen vsk.,,A,1,9025302000030601,9021302000306000,BUSSTOP,1,1,,50.0,2021-03-19 10:09:10.883,2021-03-29 00:00:00.000,,WGS84,60.216755,19.730961,19.730961,60.216755
9022302000310002,Markusbölevägen,,B,2,9025302000031002,9021302000310000,BUSSTOP,1,1,,50.0,2021-03-19 10:09:10.883,2021-03-29 00:00:00.000,,WGS84,60.254512,19.913907,19.913907,60.254512
9022302000318001,Musterivägen vsk.,,A,1,9025302000031801,9021302000318000,BUSSTOP,1,1,,50.0,2021-03-19 10:09:10.883,2021-03-29 00:00:00.000,,WGS84,60.233695,20.000666,20.000666,60.233695
9022302000334002,Nåtö by vsk.,,B,2,9025302000033402,9021302000334000,BUSSTOP,1,1,,50.0,2021-03-19 10:09:10.883,2021-03-29 00:00:00.000,,WGS84,60.041118,19.96947,19.96947,60.041118
9022302000360001,Postgärdsvägen vsk.,,A,1,9025302000036001,9021302000360000,BUSSTOP,1,1,,50.0,2021-03-19 10:09:10.883,2021-03-29 00:00:00.000,,WGS84,60.196114,19.936088,19.936088,60.196114
9022302000150002,"Hammarland, Torp",,B,2,9025302000015002,9021302000150000,BUSSTOP,1,1,,50.0,2021-03-19 10:09:10.883,2021-03-29 00:00:00.000,,WGS84,60.155701,19.75718,19.75718,60.155701
9022302000203002,Kastelholms slott/Smakbyn,,B,2,9025302000020302,9021302000203000,BUSSTOP,1,1,,50.0,2021-03-19 10:09:10.883,2021-03-29 00:00:00.000,,WGS84,60.232821,20.081683,20.081683,60.232821
9022302000017002,Bergö/Idskärsvägen vsk.,,B,2,9025302000001702,9021302000017000,BUSSTOP,1,1,,50.0,2021-03-19 10:09:10.883,2021-03-29 00:00:00.000,,WGS84,60.03026,19.978267,19.978267,60.03026
9022302000039001,Bolstaholms vsk.,,A,1,9025302000003901,9021302000039000,BUSSTOP,1,1,,50.0,2021-03-19 10:09:10.883,2021-03-29 00:00:00.000,,WGS84,60.37331,19.892995,19.892995,60.37331
9022302000064001,Dalkarbyvägen vsk.,,A,1,9025302000006401,9021302000064000,BUSSTOP,1,1,,50.0,2021-03-19 10:09:10.883,2021-03-29 00:00:00.000,,WGS84,60.135944,19.939102,19.939102,60.135944
9022302000067001,Degersandsvägen vsk.,,A,1,9025302000006701,9021302000067000,BUSSTOP,1,1,,50.0,2021-03-19 10:09:10.883,2021-03-29 00:00:00.000,,WGS84,60.181996,19.595068,19.595068,60.181996
9022302000087002,Emkarby,,B,2,9025302000008702,9021302000087000,BUSSTOP,1,1,,50.0,2021-03-19 10:09:10.883,2021-03-29 00:00:00.000,,WGS84,60.210549,19.876452,19.876452,60.210549
9022302000091002,Espholm (Sleipner) vsk.,,B,2,9025302000009102,9021302000091000,BUSSTOP,1,1,,50.0,2021-03-19 10:09:10.883,2021-03-29 00:00:00.000,,WGS84,60.066703,19.958966,19.958966,60.066703
9022302000093002,Finby vsk.,,B,2,9025302000009302,9021302000093000,BUSSTOP,1,1,,50.0,2021-03-19 10:09:10.883,2021-03-29 00:00:00.000,,WGS84,60.223553,20.170004,20.170004,60.223553
9022302000101001,Fjärilsgatan vsk.,,A,1,9025302000010101,9021302000101000,BUSSTOP,1,1,,50.0,2021-03-19 10:09:10.883,2021-03-29 00:00:00.000,,WGS84,60.21992,19.5647,19.5647,60.21992
9022302000123001,Godbyhallen vsk.,,A,1,9025302000012301,9021302000123000,BUSSTOP,1,1,,50.0,2021-03-19 10:09:10.883,2021-03-29 00:00:00.000,,WGS84,60.22348,19.981416,19.981416,60.22348
9022302000512001,Tärnebolstad,,A,1,9025302000051201,9021302000512000,BUSSTOP,1,1,,50.0,2021-03-19 10:09:10.883,2021-03-29 00:00:00.000,,WGS84,60.266329,19.958307,19.958307,60.266329
9022302000525001,Vandö,,A,1,9025302000052501,9021302000525000,BUSSTOP,1,1,,50.0,2021-03-19 10:09:10.883,2021-03-29 00:00:00.000,,WGS84,60.30466,19.907863,19.907863,60.30466
9022302000535001,Vessingsboda,,A,1,9025302000053501,9021302000535000,BUSSTOP,1,1,,50.0,2021-03-19 10:09:10.883,2021-03-29 00:00:00.000,,WGS84,60.043908,20.174763,20.174763,60.043908
9022302000553001,Västanträsk musteri,,A,1,9025302000055301,9021302000553000,BUSSTOP,1,1,,50.0,2021-03-19 10:09:10.883,2021-03-29 00:00:00.000,,WGS84,60.343357,19.928696,19.928696,60.343357
9022302000557001,Västeränga,,A,1,9025302000055701,9021302000557000,BUSSTOP,1,1,,50.0,2021-03-19 10:09:10.883,2021-03-29 00:00:00.000,,WGS84,60.016158,20.13258,20.13258,60.016158
9022302000559001,Västra macken,,A,1,9025302000055901,9021302000559000,BUSSTOP,1,1,,50.0,2021-03-19 10:09:10.883,2021-03-29 00:00:00.000,,WGS84,60.111219,19.929983,19.929983,60.111219
9022302000567001,Ålandsplan,,A,1,9025302000056701,9021302000567000,BUSSTOP,1,1,,50.0,2021-03-19 10:09:10.883,2021-03-29 00:00:00.000,,WGS84,60.104026,19.937223,19.937223,60.104026
9022302000571001,Ämnäs,,A,1,9025302000057101,9021302000571000,BUSSTOP,1,1,,50.0,2021-03-19 10:09:10.883,2021-03-29 00:00:00.000,,WGS84,60.209193,19.963234,19.963234,60.209193
9022302000586001,Ödkarby skola,,A,1,9025302000058601,9021302000586000,BUSSTOP,1,1,,50.0,2021-03-19 10:09:10.883,2021-03-29 00:00:00.000,,WGS84,60.30377,19.991636,19.991636,60.30377
9022302000600001,Östergeta 2,,A,1,9025302000060001,9021302000600000,BUSSTOP,1,1,,50.0,2021-03-19 10:09:10.883,2021-03-29 00:00:00.000,,WGS84,60.378084,19.867101,19.867101,60.378084
9022302000600002,Östergeta 2,,B,2,9025302000060002,9021302000600000,BUSSTOP,1,1,,50.0,2021-03-19 10:09:10.883,2021-03-29 00:00:00.000,,WGS84,60.378084,19.867101,19.867101,60.378084
9022302000602001,Östra skolgatan,,A,1,9025302000060201,9021302000602000,BUSSTOP,1,1,,50.0,2021-03-19 10:09:10.883,2021-03-29 00:00:00.000,,WGS84,60.09967,19.935555,19.935555,60.09967
9022302000604001,Överby,,A,1,9025302000060401,9021302000604000,BUSSTOP,1,1,,50.0,2021-03-19 10:09:10.883,2021-03-29 00:00:00.000,,WGS84,60.148149,19.986022,19.986022,60.148149
9022302000608001,Övernäs skola,,A,1,9025302000060801,9021302000608000,BUSSTOP,1,1,,50.0,2021-03-19 10:09:10.883,2021-03-29 00:00:00.000,,WGS84,60.099596,19.932325,19.932325,60.099596
9022302001006001,Lappo,,A,1,9025302000100601,9021302001006000,PIER,1,1,,50.0,2021-03-19 10:09:10.883,2021-03-29 00:00:00.000,,WGS84,60.317462,20.995991,20.995991,60.317462
9022302001010001,Osnäs,,A,1,9025302000101001,9021302001010000,PIER,1,1,,50.0,2021-03-19 10:09:10.883,2021-03-29 00:00:00.000,,WGS84,60.507046,21.247329,21.247329,60.507046
9022302000414001,S-market/Medimar,,A,1,9025302000041401,9021302000414000,BUSSTOP,1,1,,50.0,2021-03-19 10:09:10.883,2021-03-29 00:00:00.000,,WGS84,60.113908,19.913002,19.913002,60.113908
9022302000414002,S-market/Medimar,,B,2,9025302000041402,9021302000414000,BUSSTOP,1,1,,50.0,2021-03-19 10:09:10.883,2021-03-29 00:00:00.000,,WGS84,60.113908,19.913002,19.913002,60.113908
9022302000420002,Snäckö färjfäste,,B,2,9025302000042002,9021302000420000,PIER,1,1,,50.0,2021-03-19 10:09:10.883,2021-03-29 00:00:00.000,,WGS84,60.219147,20.726763,20.726763,60.219147
9022302000427001,Sportkila,,A,1,9025302000042701,9021302000427000,BUSSTOP,1,1,,50.0,2021-03-19 10:09:10.883,2021-03-29 00:00:00.000,,WGS84,60.220549,20.136441,20.136441,60.220549
9022302000427002,Sportkila,,B,2,9025302000042702,9021302000427000,BUSSTOP,1,1,,50.0,2021-03-19 10:09:10.883,2021-03-29 00:00:00.000,,WGS84,60.220549,20.136441,20.136441,60.220549
9022302000441002,Strandnäs hotell,,B,2,9025302000044102,9021302000441000,BUSSTOP,1,1,,50.0,2021-03-19 10:09:10.883,2021-03-29 00:00:00.000,,WGS84,60.11971,19.942498,19.942498,60.11971
9022302000447002,Strömma,,B,2,9025302000044702,9021302000447000,BUSSTOP,1,1,,50.0,2021-03-19 10:09:10.883,2021-03-29 00:00:00.000,,WGS84,60.3206,20.044246,20.044246,60.3206
9022302000453001,Stålsby,,A,1,9025302000045301,9021302000453000,BUSSTOP,1,1,,50.0,2021-03-19 10:09:10.883,2021-03-29 00:00:00.000,,WGS84,60.345536,19.95828,19.95828,60.345536
9022302000461002,Sviby bro,,B,2,9025302000046102,9021302000461000,BUSSTOP,1,1,,50.0,2021-03-19 10:09:10.883,2021-03-29 00:00:00.000,,WGS84,60.113477,19.917725,19.917725,60.113477
9022302000495001,Tingsbacka,,A,1,9025302000049501,9021302000495000,BUSSTOP,1,1,,50.0,2021-03-19 10:09:10.883,2021-03-29 00:00:00.000,,WGS84,60.203882,19.918269,19.918269,60.203882
9022302000497001,Tjudö midsommarstång,,A,1,9025302000049701,9021302000497000,BUSSTOP,1,1,,50.0,2021-03-19 10:09:10.883,2021-03-29 00:00:00.000,,WGS84,60.333728,19.947914,19.947914,60.333728
9022302000497002,Tjudö midsommarstång,,B,2,9025302000049702,9021302000497000,BUSSTOP,1,1,,50.0,2021-03-19 10:09:10.883,2021-03-29 00:00:00.000,,WGS84,60.333728,19.947914,19.947914,60.333728
9022302000340002,Odalgården,,B,2,9025302000034002,9021302000340000,BUSSTOP,1,1,,50.0,2021-03-19 10:09:10.883,2021-03-29 00:00:00.000,,WGS84,60.121656,19.942855,19.942855,60.121656
9022302000342002,Ollas,,B,2,9025302000034202,9021302000342000,BUSSTOP,1,1,,50.0,2021-03-19 10:09:10.883,2021-03-29 00:00:00.000,,WGS84,60.274807,19.944722,19.944722,60.274807
9022302000362001,Prästgården,,A,1,9025302000036201,9021302000362000,BUSSTOP,1,1,,50.0,2021-03-19 10:09:10.883,2021-03-29 00:00:00.000,,WGS84,60.069063,20.100654,20.100654,60.069063
9022302000366001,Prästö färjfäste,,A,1,9025302000036601,9021302000366000,BUSSTOP,1,1,,50.0,2021-03-19 10:09:10.883,2021-03-29 00:00:00.000,,WGS84,60.208225,20.271558,20.271558,60.208225
9022302000368001,Pålsböle daghem,,A,1,9025302000036801,9021302000368000,BUSSTOP,1,1,,50.0,2021-03-19 10:09:10.883,2021-03-29 00:00:00.000,,WGS84,60.270951,19.934,19.934,60.270951
9022302000372002,Pålsbölevägen,,B,2,9025302000037202,9021302000372000,BUSSTOP,1,1,,50.0,2021-03-19 10:09:10.883,2021-03-29 00:00:00.000,,WGS84,60.248617,19.965393,19.965393,60.248617
9022302000376001,Rågetsböle,,A,1,9025302000037601,9021302000376000,BUSSTOP,1,1,,50.0,2021-03-19 10:09:10.883,2021-03-29 00:00:00.000,,WGS84,60.268085,19.889975,19.889975,60.268085
9022302000382001,Saltkråkan vändplan,,A,1,9025302000038201,9021302000382000,BUSSTOP,1,1,,50.0,2021-03-19 10:09:10.883,2021-03-29 00:00:00.000,,WGS84,60.025379,20.002904,20.002904,60.025379
9022302000382002,Saltkråkan vändplan,,B,2,9025302000038202,9021302000382000,BUSSTOP,1,1,,50.0,2021-03-19 10:09:10.883,2021-03-29 00:00:00.000,,WGS84,60.025379,20.002904,20.002904,60.025379
9022302000396002,Sjukhuset,,B,2,9025302000039602,9021302000396000,BUSSTOP,1,1,,50.0,2021-03-19 10:09:10.883,2021-03-29 00:00:00.000,,WGS84,60.113796,19.93231,19.93231,60.113796
9022302000255002,Kvarnbo,,B,2,9025302000025502,9021302000255000,BUSSTOP,1,1,,50.0,2021-03-19 10:09:10.883,2021-03-29 00:00:00.000,,WGS84,60.274672,20.06158,20.06158,60.274672
9022302000259002,Källarvägen,,B,2,9025302000025902,9021302000259000,BUSSTOP,1,1,,50.0,2021-03-19 10:09:10.883,2021-03-29 00:00:00.000,,WGS84,60.130405,19.915439,19.915439,60.130405
9022302000261001,Källbo skola,,A,1,9025302000026101,9021302000261000,BUSSTOP,1,1,,50.0,2021-03-19 10:09:10.883,2021-03-29 00:00:00.000,,WGS84,60.228428,19.985064,19.985064,60.228428
9022302000268002,Laby,,B,2,9025302000026802,9021302000268000,BUSSTOP,1,1,,50.0,2021-03-19 10:09:10.883,2021-03-29 00:00:00.000,,WGS84,60.318375,19.996358,19.996358,60.318375
9022302000281001,Listersby,,A,1,9025302000028101,9021302000281000,BUSSTOP,1,1,,50.0,2021-03-19 10:09:10.883,2021-03-29 00:00:00.000,,WGS84,60.230619,20.37944,20.37944,60.230619
9022302000281002,Listersby,,B,2,9025302000028102,9021302000281000,BUSSTOP,1,1,,50.0,2021-03-19 10:09:10.883,2021-03-29 00:00:00.000,,WGS84,60.230619,20.37944,20.37944,60.230619
9022302000285001,Lumparsund,,A,1,9025302000028501,9021302000285000,BUSSTOP,1,1,,50.0,2021-03-19 10:09:10.883,2021-03-29 00:00:00.000,,WGS84,60.079928,20.22663,20.22663,60.079928
9022302000294001,Lötö,,A,1,9025302000029401,9021302000294000,BUSSTOP,1,1,,50.0,2021-03-19 10:09:10.883,2021-03-29 00:00:00.000,,WGS84,60.31392,20.007403,20.007403,60.31392
9022302000296001,Lövö,,A,1,9025302000029601,9021302000296000,BUSSTOP,1,1,,50.0,2021-03-19 10:09:10.883,2021-03-29 00:00:00.000,,WGS84,60.260278,20.371076,20.371076,60.260278
9022302000298001,Mangelbo,,A,1,9025302000029801,9021302000298000,BUSSTOP,1,1,,50.0,2021-03-19 10:09:10.883,2021-03-29 00:00:00.000,,WGS84,60.253615,19.962988,19.962988,60.253615
9022302000298002,Mangelbo,,B,2,9025302000029802,9021302000298000,BUSSTOP,1,1,,50.0,2021-03-19 10:09:10.883,2021-03-29 00:00:00.000,,WGS84,60.253615,19.962988,19.962988,60.253615
9022302000308002,"Mariehamn, Bussplan",,B,2,9025302000030802,9021302000308000,BUSSTOP,1,1,,50.0,2021-03-19 10:09:10.883,2021-03-29 00:00:00.000,,WGS84,60.102057,19.942343,19.942343,60.102057
9022302000312001,Maxinge,,A,1,9025302000031201,9021302000312000,BUSSTOP,1,1,,50.0,2021-03-19 10:09:10.883,2021-03-29 00:00:00.000,,WGS84,60.12989,19.934688,19.934688,60.12989
9022302000157002,Haraldsby,,B,2,9025302000015702,9021302000157000,BUSSTOP,1,1,,50.0,2021-03-19 10:09:10.883,2021-03-29 00:00:00.000,,WGS84,60.246991,20.031081,20.031081,60.246991
9022302000163001,Hellesby,,A,1,9025302000016301,9021302000163000,BUSSTOP,1,1,,50.0,2021-03-19 10:09:10.883,2021-03-29 00:00:00.000,,WGS84,60.20031,19.735332,19.735332,60.20031
9022302000168002,Hemdal,,B,2,9025302000016802,9021302000168000,BUSSTOP,1,1,,50.0,2021-03-19 10:09:10.883,2021-03-29 00:00:00.000,,WGS84,60.279709,20.062727,20.062727,60.279709
9022302000176001,Hummelskär,,A,1,9025302000017601,9021302000176000,BUSSTOP,1,1,,50.0,2021-03-19 10:09:10.883,2021-03-29 00:00:00.000,,WGS84,60.321163,20.02991,20.02991,60.321163
9022302000176002,Hummelskär,,B,2,9025302000017602,9021302000176000,BUSSTOP,1,1,,50.0,2021-03-19 10:09:10.883,2021-03-29 00:00:00.000,,WGS84,60.321163,20.02991,20.02991,60.321163
9022302000185002,Jomala församlingshem,,B,2,9025302000018502,9021302000185000,BUSSTOP,1,1,,50.0,2021-03-19 10:09:10.883,2021-03-29 00:00:00.000,,WGS84,60.152001,19.948736,19.948736,60.152001
9022302000201001,Kastelholm,,A,1,9025302000020101,9021302000201000,BUSSTOP,1,1,,50.0,2021-03-19 10:09:10.883,2021-03-29 00:00:00.000,,WGS84,60.230688,20.091984,20.091984,60.230688
9022302000201002,Kastelholm,,B,2,9025302000020102,9021302000201000,BUSSTOP,1,1,,50.0,2021-03-19 10:09:10.883,2021-03-29 00:00:00.000,,WGS84,60.230688,20.091984,20.091984,60.230688
9022302000207001,Kattby,,A,1,9025302000020701,9021302000207000,BUSSTOP,1,1,,50.0,2021-03-19 10:09:10.883,2021-03-29 00:00:00.000,,WGS84,60.216438,19.739113,19.739113,60.216438
9022302000207002,Kattby,,B,2,9025302000020702,9021302000207000,BUSSTOP,1,1,,50.0,2021-03-19 10:09:10.883,2021-03-29 00:00:00.000,,WGS84,60.216438,19.739113,19.739113,60.216438
9022302000230002,Kroklund,,B,2,9025302000023002,9021302000230000,BUSSTOP,1,1,,50.0,2021-03-19 10:09:10.883,2021-03-29 00:00:00.000,,WGS84,60.308407,19.967055,19.967055,60.308407
9022302000095001,Finströms kyrka,,A,1,9025302000009501,9021302000095000,BUSSTOP,1,1,,50.0,2021-03-19 10:09:10.883,2021-03-29 00:00:00.000,,WGS84,60.262235,19.936239,19.936239,60.262235
9022302000103002,Folkhögskolan,,B,2,9025302000010302,9021302000103000,BUSSTOP,1,1,,50.0,2021-03-19 10:09:10.883,2021-03-29 00:00:00.000,,WGS84,60.258637,19.923388,19.923388,60.258637
9022302000117001,Geta centrum,,A,1,9025302000011701,9021302000117000,BUSSTOP,1,1,,50.0,2021-03-19 10:09:10.883,2021-03-29 00:00:00.000,,WGS84,60.374649,19.846925,19.846925,60.374649
9022302000120001,Godby Hotell,,A,1,9025302000012001,9021302000120000,BUSSTOP,1,1,,50.0,2021-03-19 10:09:10.883,2021-03-29 00:00:00.000,,WGS84,60.23227,19.995555,19.995555,60.23227
9022302000121001,Godby högstadium,,A,1,9025302000012101,9021302000121000,BUSSTOP,1,1,,50.0,2021-03-19 10:09:10.883,2021-03-29 00:00:00.000,,WGS84,60.223842,19.976049,19.976049,60.223842
9022302000121002,Godby högstadium,,B,2,9025302000012102,9021302000121000,BUSSTOP,1,1,,50.0,2021-03-19 10:09:10.883,2021-03-29 00:00:00.000,,WGS84,60.223842,19.976049,19.976049,60.223842
9022302000125001,Godbyvägen 1285,,A,1,9025302000012501,9021302000125000,BUSSTOP,1,1,,50.0,2021-03-19 10:09:10.883,2021-03-29 00:00:00.000,,WGS84,60.218164,19.979677,19.979677,60.218164
9022302000125002,Godbyvägen 1285,,B,2,9025302000012502,9021302000125000,BUSSTOP,1,1,,50.0,2021-03-19 10:09:10.883,2021-03-29 00:00:00.000,,WGS84,60.218164,19.979677,19.979677,60.218164
9022302000133001,Granholm,,A,1,9025302000013301,9021302000133000,BUSSTOP,1,1,,50.0,2021-03-19 10:09:10.883,2021-03-29 00:00:00.000,,WGS84,60.055141,19.967865,19.967865,60.055141
9022302000143002,Gölby norra,,B,2,9025302000014302,9021302000143000,BUSSTOP,1,1,,50.0,2021-03-19 10:09:10.883,2021-03-29 00:00:00.000,,WGS84,60.197317,19.950121,19.950121,60.197317
9022302000145002,Haga Kungsgård,,B,2,9025302000014502,9021302000145000,BUSSTOP,1,1,,50.0,2021-03-19 10:09:10.883,2021-03-29 00:00:00.000,,WGS84,60.30601,20.0031,20.0031,60.30601
9022302000035001,Bo-Bil,,A,1,9025302000003501,9021302000035000,BUSSTOP,1,1,,50.0,2021-03-19 10:09:10.883,2021-03-29 00:00:00.000,,WGS84,60.127968,19.942118,19.942118,60.127968
9022302000035002,Bo-Bil,,B,2,9025302000003502,9021302000035000,BUSSTOP,1,1,,50.0,2021-03-19 10:09:10.883,2021-03-29 00:00:00.000,,WGS84,60.127968,19.942118,19.942118,60.127968
9022302000041001,Bomarsunds fästning,,A,1,9025302000004101,9021302000041000,BUSSTOP,1,1,,50.0,2021-03-19 10:09:10.883,2021-03-29 00:00:00.000,,WGS84,60.21222,20.240645,20.240645,60.21222
9022302000041002,Bomarsunds fästning,,B,2,9025302000004102,9021302000041000,BUSSTOP,1,1,,50.0,2021-03-19 10:09:10.883,2021-03-29 00:00:00.000,,WGS84,60.21222,20.240645,20.240645,60.21222
9022302000056001,Bäckäng,,A,1,9025302000005601,9021302000056000,BUSSTOP,1,1,,50.0,2021-03-19 10:09:10.883,2021-03-29 00:00:00.000,,WGS84,60.073939,20.165001,20.165001,60.073939
9022302000060001,Chipsfabriken,,A,1,9025302000006001,9021302000060000,BUSSTOP,1,1,,50.0,2021-03-19 10:09:10.883,2021-03-29 00:00:00.000,,WGS84,60.244244,20.053211,20.053211,60.244244
9022302000060002,Chipsfabriken,,B,2,9025302000006002,9021302000060000,BUSSTOP,1,1,,50.0,2021-03-19 10:09:10.883,2021-03-29 00:00:00.000,,WGS84,60.244244,20.053211,20.053211,60.244244
9022302000080001,Eckerö kyrka,,A,1,9025302000008001,9021302000080000,BUSSTOP,1,1,,50.0,2021-03-19 10:09:10.883,2021-03-29 00:00:00.000,,WGS84,60.212995,19.612101,19.612101,60.212995
9022302000089001,Emkarby daghem,,A,1,9025302000008901,9021302000089000,BUSSTOP,1,1,,50.0,2021-03-19 10:09:10.883,2021-03-29 00:00:00.000,,WGS84,60.21103,19.88207,19.88207,60.21103
9022302000011001,Bartsgårda,,A,1,9025302000001101,9021302000011000,BUSSTOP,1,1,,50.0,2021-03-19 10:09:10.883,2021-03-29 00:00:00.000,,WGS84,60.280489,19.956685,19.956685,60.280489
9022302000015001,Bengtsböle,,A,1,9025302000001501,9021302000015000,BUSSTOP,1,1,,50.0,2021-03-19 10:09:10.883,2021-03-29 00:00:00.000,,WGS84,60.069028,20.111775,20.111775,60.069028
9022302000025002,Björknäs,,B,2,9025302000002502,9021302000025000,BUSSTOP,1,1,,50.0,2021-03-19 10:09:10.883,2021-03-29 00:00:00.000,,WGS84,60.323839,19.925352,19.925352,60.323839
9022302000009002,Bamböle,,B,2,9025302000000902,9021302000009000,BUSSTOP,1,1,,50.0,2021-03-19 10:09:10.883,2021-03-29 00:00:00.000,,WGS84,60.228255,19.857974,19.857974,60.228255
9022302000029002,Björkuddsvägen vsk.,,B,2,9025302000002902,9021302000029000,BUSSTOP,1,1,,50.0,2021-03-19 10:09:10.883,2021-03-29 00:00:00.000,,WGS84,60.094459,20.018877,20.018877,60.094459
9022302000037002,Boda vsk.,,B,2,9025302000003702,9021302000037000,BUSSTOP,1,1,,50.0,2021-03-19 10:09:10.883,2021-03-29 00:00:00.000,,WGS84,60.19452,19.812407,19.812407,60.19452
9022302000069002,Djäkenböle,,B,2,9025302000006902,9021302000069000,BUSSTOP,1,1,,50.0,2021-03-19 10:09:10.883,2021-03-29 00:00:00.000,,WGS84,60.194682,19.791311,19.791311,60.194682
9022302000170002,Hindersvägen vsk.,,B,2,9025302000017002,9021302000170000,BUSSTOP,1,1,,50.0,2021-03-19 10:09:10.883,2021-03-29 00:00:00.000,,WGS84,60.196182,19.942375,19.942375,60.196182
9022302000224002,Kockobacka,,B,2,9025302000022402,9021302000224000,BUSSTOP,1,1,,50.0,2021-03-19 10:09:10.883,2021-03-29 00:00:00.000,,WGS84,60.0637,20.050791,20.050791,60.0637
9022302000276002,Lemströms kanal,,B,2,9025302000027602,9021302000276000,BUSSTOP,1,1,,50.0,2021-03-19 10:09:10.883,2021-03-29 00:00:00.000,,WGS84,60.098805,20.014728,20.014728,60.098805
9022302000285002,Lumparsund,,B,2,9025302000028502,9021302000285000,BUSSTOP,1,1,,50.0,2021-03-19 10:09:10.883,2021-03-29 00:00:00.000,,WGS84,60.079928,20.22663,20.22663,60.079928
9022302000287002,Lumpo,,B,2,9025302000028702,9021302000287000,BUSSTOP,1,1,,50.0,2021-03-19 10:09:10.883,2021-03-29 00:00:00.000,,WGS84,60.144091,20.231421,20.231421,60.144091
9022302000320002,Mönbackavägen vsk.,,B,2,9025302000032002,9021302000320000,BUSSTOP,1,1,,50.0,2021-03-19 10:09:10.883,2021-03-29 00:00:00.000,,WGS84,60.073602,20.156487,20.156487,60.073602
9022302000388002,Sandvik,,B,2,9025302000038802,9021302000388000,BUSSTOP,1,1,,50.0,2021-03-19 10:09:10.883,2021-03-29 00:00:00.000,,WGS84,60.033561,20.106415,20.106415,60.033561
9022302000535002,Vessingsboda,,B,2,9025302000053502,9021302000535000,BUSSTOP,1,1,,50.0,2021-03-19 10:09:10.883,2021-03-29 00:00:00.000,,WGS84,60.043908,20.174763,20.174763,60.043908
9022302000569002,Åttbölevägen vsk.,,B,2,9025302000056902,9021302000569000,BUSSTOP,1,1,,50.0,2021-03-19 10:09:10.883,2021-03-29 00:00:00.000,,WGS84,60.251229,19.907191,19.907191,60.251229
9022302000588002,Öjvägen vsk.,,B,2,9025302000058802,9021302000588000,BUSSTOP,1,1,,50.0,2021-03-19 10:09:10.883,2021-03-29 00:00:00.000,,WGS84,60.070292,20.073003,20.073003,60.070292
9022302000590002,Önningeby vsk.,,B,2,9025302000059002,9021302000590000,BUSSTOP,1,1,,50.0,2021-03-19 10:09:10.883,2021-03-29 00:00:00.000,,WGS84,60.11089,20.00569,20.00569,60.11089
9022302000655001,Ukrainaplatsen,,A,1,9025302000065501,9021302000655000,BUSSTOP,1,1,,50.0,2024-12-28 19:11:28.670,2025-01-01 00:00:00.000,,WGS84,60.096662,19.93084,19.93084,60.096662
9022302000662001,"Centrum, Nygatan",,A,1,9025302000066201,9021302000662000,BUSSTOP,1,1,90.0,100.0,2024-12-28 19:11:28.670,2025-01-01 00:00:00.000,,WGS84,60.100122,19.941426,19.941426,60.100122
9022302000662002,"Centrum, Nygatan",,B,2,9025302000066202,9021302000662000,BUSSTOP,1,1,,,2024-12-28 19:11:28.670,2025-01-01 00:00:00.000,,WGS84,60.100122,19.941426,19.941426,60.100122
9022302000679001,Polishuset,,A,1,9025302000067901,9021302000679000,BUSSTOP,1,1,,50.0,2024-12-28 19:11:28.670,2025-01-01 00:00:00.000,,WGS84,60.102482,19.94257,19.94257,60.102482
9022302000680001,Timskär,,A,1,9025302000068001,9021302000680000,PIER,1,1,,50.0,2025-10-22 14:16:18.687,2025-10-23 00:00:00.000,,WGS84,60.331422,20.365235,20.365235,60.331422
9022302000681001,Vattungs revet,,A,1,9025302000068101,9021302000681000,PIER,1,1,,50.0,2025-10-22 14:16:18.687,2025-10-23 00:00:00.000,,WGS84,60.322174,20.372568,20.372568,60.322174
9022302001015001,Embarsund (Finholma),,A,1,9025302000101501,9021302001015000,BUSSTOP,1,1,,50.0,2025-10-22 14:16:18.687,2025-10-23 00:00:00.000,,WGS84,60.074426,20.526723,20.526723,60.074426
9022302001016001,Embarsund (Jyddö),,A,1,9025302000101601,9021302001016000,BUSSTOP,1,1,,50.0,2025-10-22 14:16:18.687,2025-10-23 00:00:00.000,,WGS84,60.07647,20.527154,20.527154,60.07647
9022302001013001,Ängösund (Lumparland),,A,1,9025302000101301,9021302001013000,BUSSTOP,1,1,,50.0,2026-03-23 08:35:40.370,2026-03-24 00:00:00.000,,WGS84,60.153004,20.289572,20.289572,60.153004
9022302001014001,Ängösund (Ängö),,A,1,9025302000101401,9021302001014000,BUSSTOP,1,1,,50.0,2026-03-23 08:35:40.370,2026-03-24 00:00:00.000,,WGS84,60.154101,20.294455,20.294455,60.154101
9022302001019001,Björkö (Björkö),,A,1,9025302000101901,9021302001019000,BUSSTOP,1,1,,50.0,2026-03-23 08:35:40.370,2026-03-24 00:00:00.000,,WGS84,60.31094,20.941831,20.941831,60.31094
9022302001020001,Björkö (Lappo),,A,1,9025302000102001,9021302001020000,BUSSTOP,1,1,,50.0,2026-03-23 08:35:40.370,2026-03-24 00:00:00.000,,WGS84,60.311251,20.952221,20.952221,60.311251
9022302000135002,Granö,,B,2,9025302000013502,9021302000135000,BUSSTOP,1,1,,50.0,2026-03-27 16:14:12.897,2026-03-28 00:00:00.000,,WGS84,60.025525,19.989926,19.989926,60.025525
9022302000193002,Järsö,,B,2,9025302000019302,9021302000193000,BUSSTOP,1,1,,50.0,2026-03-27 16:14:12.897,2026-03-28 00:00:00.000,,WGS84,60.020966,19.998032,19.998032,60.020966
9022302001018001,Seglinge (Snäckö),,A,1,9025302000101801,9021302001018000,PIER,1,1,,50.0,2021-03-19 10:09:10.883,2021-03-29 00:00:00.000,,WGS84,60.219478,20.726356,20.726356,60.219478
9022302000408001,Skolsvängen vsk.,,A,1,9025302000040801,9021302000408000,BUSSTOP,1,1,,50.0,2021-03-19 10:09:10.883,2021-03-29 00:00:00.000,,WGS84,60.073754,20.136745,20.136745,60.073754
9022302000412002,Slottsvägen vsk.,,B,2,9025302000041202,9021302000412000,BUSSTOP,1,1,,50.0,2021-03-19 10:09:10.883,2021-03-29 00:00:00.000,,WGS84,60.24029,20.071466,20.071466,60.24029
9022302000433002,Stenbro vsk.,,B,2,9025302000043302,9021302000433000,BUSSTOP,1,1,,50.0,2021-03-19 10:09:10.883,2021-03-29 00:00:00.000,,WGS84,60.2379,20.083498,20.083498,60.2379
9022302000437002,Storängsgatan vsk.,,B,2,9025302000043702,9021302000437000,BUSSTOP,1,1,,50.0,2021-03-19 10:09:10.883,2021-03-29 00:00:00.000,,WGS84,60.219519,20.188403,20.188403,60.219519
9022302000466001,Svinövägen vsk.,,A,1,9025302000046601,9021302000466000,BUSSTOP,1,1,,50.0,2021-03-19 10:09:10.883,2021-03-29 00:00:00.000,,WGS84,60.085444,20.256118,20.256118,60.085444
9022302000472001,Södergatan vsk.,,A,1,9025302000047201,9021302000472000,BUSSTOP,1,1,,50.0,2021-03-19 10:09:10.883,2021-03-29 00:00:00.000,,WGS84,60.214843,19.564498,19.564498,60.214843
9022302000478002,Södernäsvägen vsk.,,B,2,9025302000047802,9021302000478000,BUSSTOP,1,1,,50.0,2021-03-19 10:09:10.883,2021-03-29 00:00:00.000,,WGS84,60.241515,20.024423,20.024423,60.241515
9022302000484002,Södra Finbygatan vsk.,,B,2,9025302000048402,9021302000484000,BUSSTOP,1,1,,50.0,2021-03-19 10:09:10.883,2021-03-29 00:00:00.000,,WGS84,60.221763,20.179209,20.179209,60.221763
9022302000494001,Tellviksvägen vsk.,,A,1,9025302000049401,9021302000494000,BUSSTOP,1,1,,50.0,2021-03-19 10:09:10.883,2021-03-29 00:00:00.000,,WGS84,60.290121,19.98978,19.98978,60.290121
9022302000527001,Vargata brygga vsk.,,A,1,9025302000052701,9021302000527000,BUSSTOP,1,1,,50.0,2021-03-19 10:09:10.883,2021-03-29 00:00:00.000,,WGS84,60.243613,20.341469,20.341469,60.243613
9022302000527002,Vargata brygga vsk.,,B,2,9025302000052702,9021302000527000,BUSSTOP,1,1,,50.0,2021-03-19 10:09:10.883,2021-03-29 00:00:00.000,,WGS84,60.243613,20.341469,20.341469,60.243613
9022302000539001,Vestmyravägen vsk. 1,,A,1,9025302000053901,9021302000539000,BUSSTOP,1,1,,50.0,2021-03-19 10:09:10.883,2021-03-29 00:00:00.000,,WGS84,60.196978,19.778758,19.778758,60.196978
9022302000588001,Öjvägen vsk.,,A,1,9025302000058801,9021302000588000,BUSSTOP,1,1,,50.0,2021-03-19 10:09:10.883,2021-03-29 00:00:00.000,,WGS84,60.070292,20.073003,20.073003,60.070292
9022302000610001,Tengsödavik,,A,1,9025302000061001,9021302000610000,BUSSTOP,1,1,,50.0,2021-03-19 10:09:10.883,2021-03-29 00:00:00.000,,WGS84,60.310287,20.193289,20.193289,60.310287
9022302000613001,Lemland Pellas,,A,1,9025302000061301,9021302000613000,BUSSTOP,1,1,,50.0,2021-03-19 10:09:10.883,2021-03-29 00:00:00.000,,WGS84,60.075784,20.186498,20.186498,60.075784
9022302000257001,Kvarnlyckevägen vsk.,,A,1,9025302000025701,9021302000257000,BUSSTOP,1,1,,50.0,2021-03-19 10:09:10.883,2021-03-29 00:00:00.000,,WGS84,60.071502,20.093194,20.093194,60.071502
9022302000302001,Marbyvägen vsk.,,A,1,9025302000030201,9021302000302000,BUSSTOP,1,1,,50.0,2021-03-19 10:09:10.883,2021-03-29 00:00:00.000,,WGS84,60.212896,19.647981,19.647981,60.212896
9022302000306002,Mariavägen vsk.,,B,2,9025302000030602,9021302000306000,BUSSTOP,1,1,,50.0,2021-03-19 10:09:10.883,2021-03-29 00:00:00.000,,WGS84,60.216755,19.730961,19.730961,60.216755
9022302000316002,Mickelsö vsk.,,B,2,9025302000031602,9021302000316000,BUSSTOP,1,1,,50.0,2021-03-19 10:09:10.883,2021-03-29 00:00:00.000,,WGS84,60.205961,20.285292,20.285292,60.205961
9022302000322001,Mörslättsvägen vsk.,,A,1,9025302000032201,9021302000322000,BUSSTOP,1,1,,50.0,2021-03-19 10:09:10.883,2021-03-29 00:00:00.000,,WGS84,60.301833,19.967454,19.967454,60.301833
9022302000326001,Nabbenvägen vsk.,,A,1,9025302000032601,9021302000326000,BUSSTOP,1,1,,50.0,2021-03-19 10:09:10.883,2021-03-29 00:00:00.000,,WGS84,60.294076,19.966703,19.966703,60.294076
9022302000336002,Näfsby vsk.,,B,2,9025302000033602,9021302000336000,BUSSTOP,1,1,,50.0,2021-03-19 10:09:10.883,2021-03-29 00:00:00.000,,WGS84,60.193067,19.781435,19.781435,60.193067
9022302000344001,Ollasgatan vsk.,,A,1,9025302000034401,9021302000344000,BUSSTOP,1,1,,50.0,2021-03-19 10:09:10.883,2021-03-29 00:00:00.000,,WGS84,60.223799,19.567359,19.567359,60.223799
9022302000348001,Vårdö Pellas,,A,1,9025302000034801,9021302000348000,BUSSTOP,1,1,,50.0,2021-03-19 10:09:10.883,2021-03-29 00:00:00.000,,WGS84,60.26488,20.374144,20.374144,60.26488
9022302000374002,Ringvägen vsk.,,B,2,9025302000037402,9021302000374000,BUSSTOP,1,1,,50.0,2021-03-19 10:09:10.883,2021-03-29 00:00:00.000,,WGS84,60.087864,19.942962,19.942962,60.087864
9022302000386002,Sandmovägen vsk.,,B,2,9025302000038602,9021302000386000,BUSSTOP,1,1,,50.0,2021-03-19 10:09:10.883,2021-03-29 00:00:00.000,,WGS84,60.223252,19.552998,19.552998,60.223252
9022302000400001,Skagvägen vsk.,,A,1,9025302000040001,9021302000400000,BUSSTOP,1,1,,50.0,2021-03-19 10:09:10.883,2021-03-29 00:00:00.000,,WGS84,60.226382,19.580641,19.580641,60.226382
9022302000400002,Skagvägen vsk.,,B,2,9025302000040002,9021302000400000,BUSSTOP,1,1,,50.0,2021-03-19 10:09:10.883,2021-03-29 00:00:00.000,,WGS84,60.226382,19.580641,19.580641,60.226382
9022302000402001,Skarpans vsk.,,A,1,9025302000040201,9021302000402000,BUSSTOP,1,1,,50.0,2021-03-19 10:09:10.883,2021-03-29 00:00:00.000,,WGS84,60.211898,20.224231,20.224231,60.211898
9022302000406001,Skillnadsgatan vsk.,,A,1,9025302000040601,9021302000406000,BUSSTOP,1,1,,50.0,2021-03-19 10:09:10.883,2021-03-29 00:00:00.000,,WGS84,60.09303,19.939914,19.939914,60.09303
9022302000083001,Eckerö posthus vsk.,,A,1,9025302000008301,9021302000083000,BUSSTOP,1,1,,50.0,2021-03-19 10:09:10.883,2021-03-29 00:00:00.000,,WGS84,60.221607,19.544022,19.544022,60.221607
9022302000101002,Fjärilsgatan vsk.,,B,2,9025302000010102,9021302000101000,BUSSTOP,1,1,,50.0,2021-03-19 10:09:10.883,2021-03-29 00:00:00.000,,WGS84,60.21992,19.5647,19.5647,60.21992
9022302000111001,Furuholmen vsk.,,A,1,9025302000011101,9021302000111000,BUSSTOP,1,1,,50.0,2021-03-19 10:09:10.883,2021-03-29 00:00:00.000,,WGS84,60.371634,19.899292,19.899292,60.371634
9022302000123002,Godbyhallen vsk.,,B,2,9025302000012302,9021302000123000,BUSSTOP,1,1,,50.0,2021-03-19 10:09:10.883,2021-03-29 00:00:00.000,,WGS84,60.22348,19.981416,19.981416,60.22348
9022302000139002,Grelsby vsk.,,B,2,9025302000013902,9021302000139000,BUSSTOP,1,1,,50.0,2021-03-19 10:09:10.883,2021-03-29 00:00:00.000,,WGS84,60.237587,19.976598,19.976598,60.237587
9022302000152001,Hamngatan vsk.,,A,1,9025302000015201,9021302000152000,BUSSTOP,1,1,,50.0,2021-03-19 10:09:10.883,2021-03-29 00:00:00.000,,WGS84,60.078599,20.262073,20.262073,60.078599
9022302000161001,Havsvidden vsk.,,A,1,9025302000016101,9021302000161000,BUSSTOP,1,1,,50.0,2021-03-19 10:09:10.883,2021-03-29 00:00:00.000,,WGS84,60.367676,19.91424,19.91424,60.367676
9022302000172002,Holmen vsk.,,B,2,9025302000017202,9021302000172000,BUSSTOP,1,1,,50.0,2021-03-19 10:09:10.883,2021-03-29 00:00:00.000,,WGS84,60.026831,19.988421,19.988421,60.026831
9022302000179001,Högbergsvägen vsk.,,A,1,9025302000017901,9021302000179000,BUSSTOP,1,1,,50.0,2021-03-19 10:09:10.883,2021-03-29 00:00:00.000,,WGS84,60.076051,20.030299,20.030299,60.076051
9022302000181001,Industrivägen vsk.,,A,1,9025302000018101,9021302000181000,BUSSTOP,1,1,,50.0,2021-03-19 10:09:10.883,2021-03-29 00:00:00.000,,WGS84,60.234497,19.981244,19.981244,60.234497
9022302000222001,Knutsbodavägen vsk.,,A,1,9025302000022201,9021302000222000,BUSSTOP,1,1,,50.0,2021-03-19 10:09:10.883,2021-03-29 00:00:00.000,,WGS84,60.067762,20.034083,20.034083,60.067762
9022302000236001,Krokstadsvägen vsk.,,A,1,9025302000023601,9021302000236000,BUSSTOP,1,1,,50.0,2021-03-19 10:09:10.883,2021-03-29 00:00:00.000,,WGS84,60.111828,20.264886,20.264886,60.111828
9022302000247001,Kungsholmen vsk.,,A,1,9025302000024701,9021302000247000,BUSSTOP,1,1,,50.0,2021-03-19 10:09:10.883,2021-03-29 00:00:00.000,,WGS84,60.32838,19.923461,19.923461,60.32838
9022302001001001,Sottunga,,A,1,9025302000100101,9021302001001000,PIER,1,1,,50.0,2021-03-19 10:09:10.883,2021-03-29 00:00:00.000,,WGS84,60.109837,20.681985,20.681985,60.109837
9022302001003001,Kyrkogårdsö,,A,1,9025302000100301,9021302001003000,PIER,1,1,,50.0,2021-03-19 10:09:10.883,2021-03-29 00:00:00.000,,WGS84,60.031246,20.824804,20.824804,60.031246
9022302001004001,Kökar,,A,1,9025302000100401,9021302001004000,PIER,1,1,,50.0,2021-03-19 10:09:10.883,2021-03-29 00:00:00.000,,WGS84,59.945281,20.890769,20.890769,59.945281
9022302001007001,Bergö,,A,1,9025302000100701,9021302001007000,PIER,1,1,,50.0,2021-03-19 10:09:10.883,2021-03-29 00:00:00.000,,WGS84,60.162687,20.392849,20.392849,60.162687
9022302001008001,Asterholma,,A,1,9025302000100801,9021302001008000,PIER,1,1,,50.0,2021-03-19 10:09:10.883,2021-03-29 00:00:00.000,,WGS84,60.304044,21.033883,21.033883,60.304044
9022302000163002,Hellesby,,B,2,9025302000016302,9021302000163000,BUSSTOP,1,1,,50.0,2021-03-19 10:09:10.883,2021-03-29 00:00:00.000,,WGS84,60.20031,19.735332,19.735332,60.20031
9022302000203001,Kastelholms slott/Smakbyn,,A,1,9025302000020301,9021302000203000,BUSSTOP,1,1,,50.0,2021-03-19 10:09:10.883,2021-03-29 00:00:00.000,,WGS84,60.232821,20.081683,20.081683,60.232821
9022302000384002,Samuelstorp,,B,2,9025302000038402,9021302000384000,BUSSTOP,1,1,,50.0,2021-03-19 10:09:10.883,2021-03-29 00:00:00.000,,WGS84,60.16991,19.745096,19.745096,60.16991
9022302000392002,Savoy,,B,2,9025302000039202,9021302000392000,BUSSTOP,1,1,,50.0,2021-03-19 10:09:10.883,2021-03-29 00:00:00.000,,WGS84,60.100591,19.938054,19.938054,60.100591
9022302000506002,Torpfjärden,,B,2,9025302000050602,9021302000506000,BUSSTOP,1,1,,50.0,2021-03-19 10:09:10.883,2021-03-29 00:00:00.000,,WGS84,60.113487,19.883867,19.883867,60.113487
9022302000592002,Öra macken,,B,2,9025302000059202,9021302000592000,BUSSTOP,1,1,,50.0,2021-03-19 10:09:10.883,2021-03-29 00:00:00.000,,WGS84,60.223034,19.682636,19.682636,60.223034
9022302000019001,Bistorpsvägen vsk.,,A,1,9025302000001901,9021302000019000,BUSSTOP,1,1,,50.0,2021-03-19 10:09:10.883,2021-03-29 00:00:00.000,,WGS84,60.070952,20.122119,20.122119,60.070952
9022302000037001,Boda vsk.,,A,1,9025302000003701,9021302000037000,BUSSTOP,1,1,,50.0,2021-03-19 10:09:10.883,2021-03-29 00:00:00.000,,WGS84,60.19452,19.812407,19.812407,60.19452
9022302000049002,Brokärrsvägen vsk.,,B,2,9025302000004902,9021302000049000,BUSSTOP,1,1,,50.0,2021-03-19 10:09:10.883,2021-03-29 00:00:00.000,,WGS84,60.242081,20.059941,20.059941,60.242081
9022302000064002,Dalkarbyvägen vsk.,,B,2,9025302000006402,9021302000064000,BUSSTOP,1,1,,50.0,2021-03-19 10:09:10.883,2021-03-29 00:00:00.000,,WGS84,60.135944,19.939102,19.939102,60.135944
9022302000470001,Söderby Livs,,A,1,9025302000047001,9021302000470000,BUSSTOP,1,1,,50.0,2021-03-19 10:09:10.883,2021-03-29 00:00:00.000,,WGS84,60.068834,20.085731,20.085731,60.068834
9022302000474001,Söderhägnan,,A,1,9025302000047401,9021302000474000,BUSSTOP,1,1,,50.0,2021-03-19 10:09:10.883,2021-03-29 00:00:00.000,,WGS84,60.106034,20.01337,20.01337,60.106034
9022302000488001,Södra Kulla,,A,1,9025302000048801,9021302000488000,BUSSTOP,1,1,,50.0,2021-03-19 10:09:10.883,2021-03-29 00:00:00.000,,WGS84,60.20883,19.874679,19.874679,60.20883
9022302000508001,Torrbolstad,,A,1,9025302000050801,9021302000508000,BUSSTOP,1,1,,50.0,2021-03-19 10:09:10.883,2021-03-29 00:00:00.000,,WGS84,60.277505,19.906185,19.906185,60.277505
9022302000514001,Töftö,,A,1,9025302000051401,9021302000514000,BUSSTOP,1,1,,50.0,2021-03-19 10:09:10.883,2021-03-29 00:00:00.000,,WGS84,60.211715,20.297833,20.297833,60.211715
9022302000520001,Utängarna,,A,1,9025302000052001,9021302000520000,BUSSTOP,1,1,,50.0,2021-03-19 10:09:10.883,2021-03-29 00:00:00.000,,WGS84,60.121738,19.858248,19.858248,60.121738
9022302000545002,Vårdö kyrka,,B,2,9025302000054502,9021302000545000,BUSSTOP,1,1,,50.0,2021-03-19 10:09:10.883,2021-03-29 00:00:00.000,,WGS84,60.24292,20.37048,20.37048,60.24292
9022302000559002,Västra macken,,B,2,9025302000055902,9021302000559000,BUSSTOP,1,1,,50.0,2021-03-19 10:09:10.883,2021-03-29 00:00:00.000,,WGS84,60.111219,19.929983,19.929983,60.111219
9022302000563001,Ytterby,,A,1,9025302000056301,9021302000563000,BUSSTOP,1,1,,50.0,2021-03-19 10:09:10.883,2021-03-29 00:00:00.000,,WGS84,60.160704,20.014738,20.014738,60.160704
9022302000571002,Ämnäs,,B,2,9025302000057102,9021302000571000,BUSSTOP,1,1,,50.0,2021-03-19 10:09:10.883,2021-03-29 00:00:00.000,,WGS84,60.209193,19.963234,19.963234,60.209193
9022302000575001,Ämnäsgatan,,A,1,9025302000057501,9021302000575000,BUSSTOP,1,1,,50.0,2021-03-19 10:09:10.883,2021-03-29 00:00:00.000,,WGS84,60.211393,19.973012,19.973012,60.211393
9022302000575002,Ämnäsgatan,,B,2,9025302000057502,9021302000575000,BUSSTOP,1,1,,50.0,2021-03-19 10:09:10.883,2021-03-29 00:00:00.000,,WGS84,60.211393,19.973012,19.973012,60.211393
9022302000586002,Ödkarby skola,,B,2,9025302000058602,9021302000586000,BUSSTOP,1,1,,50.0,2021-03-19 10:09:10.883,2021-03-29 00:00:00.000,,WGS84,60.30377,19.991636,19.991636,60.30377
9022302000592001,Öra macken,,A,1,9025302000059201,9021302000592000,BUSSTOP,1,1,,50.0,2021-03-19 10:09:10.883,2021-03-29 00:00:00.000,,WGS84,60.223034,19.682636,19.682636,60.223034
9022302000388001,Sandvik,,A,1,9025302000038801,9021302000388000,BUSSTOP,1,1,,50.0,2021-03-19 10:09:10.883,2021-03-29 00:00:00.000,,WGS84,60.033561,20.106415,20.106415,60.033561
9022302000392001,Savoy,,A,1,9025302000039201,9021302000392000,BUSSTOP,1,1,,50.0,2021-03-19 10:09:10.883,2021-03-29 00:00:00.000,,WGS84,60.100591,19.938054,19.938054,60.100591
9022302000416001,Smartpark,,A,1,9025302000041601,9021302000416000,BUSSTOP,1,1,,50.0,2021-03-19 10:09:10.883,2021-03-29 00:00:00.000,,WGS84,60.214515,19.607586,19.607586,60.214515
9022302000416002,Smartpark,,B,2,9025302000041602,9021302000416000,BUSSTOP,1,1,,50.0,2021-03-19 10:09:10.883,2021-03-29 00:00:00.000,,WGS84,60.214515,19.607586,19.607586,60.214515
9022302000435001,Storby,,A,1,9025302000043501,9021302000435000,BUSSTOP,1,1,,50.0,2021-03-19 10:09:10.883,2021-03-29 00:00:00.000,,WGS84,60.223221,19.55863,19.55863,60.223221
9022302000439001,Strandnäs,,A,1,9025302000043901,9021302000439000,BUSSTOP,1,1,,50.0,2021-03-19 10:09:10.883,2021-03-29 00:00:00.000,,WGS84,60.117011,19.942265,19.942265,60.117011
9022302000439002,Strandnäs,,B,2,9025302000043902,9021302000439000,BUSSTOP,1,1,,50.0,2021-03-19 10:09:10.883,2021-03-29 00:00:00.000,,WGS84,60.117011,19.942265,19.942265,60.117011
9022302000443001,Strandnäs skola norra,,A,1,9025302000044301,9021302000443000,BUSSTOP,1,1,,50.0,2021-03-19 10:09:10.883,2021-03-29 00:00:00.000,,WGS84,60.116492,19.943821,19.943821,60.116492
9022302000443002,Strandnäs skola norra,,B,2,9025302000044302,9021302000443000,BUSSTOP,1,1,,50.0,2021-03-19 10:09:10.883,2021-03-29 00:00:00.000,,WGS84,60.116492,19.943821,19.943821,60.116492
9022302000445002,Strandnäs skola södra,,B,2,9025302000044502,9021302000445000,BUSSTOP,1,1,,50.0,2021-03-19 10:09:10.883,2021-03-29 00:00:00.000,,WGS84,60.115481,19.945234,19.945234,60.115481
9022302000457001,Svartsmara,,A,1,9025302000045701,9021302000457000,BUSSTOP,1,1,,50.0,2021-03-19 10:09:10.883,2021-03-29 00:00:00.000,,WGS84,60.249252,19.879543,19.879543,60.249252
9022302000461001,Sviby bro,,A,1,9025302000046101,9021302000461000,BUSSTOP,1,1,,50.0,2021-03-19 10:09:10.883,2021-03-29 00:00:00.000,,WGS84,60.113477,19.917725,19.917725,60.113477
9022302000338001,Nääs,,A,1,9025302000033801,9021302000338000,BUSSTOP,1,1,,50.0,2021-03-19 10:09:10.883,2021-03-29 00:00:00.000,,WGS84,60.320626,20.010816,20.010816,60.320626
9022302000338002,Nääs,,B,2,9025302000033802,9021302000338000,BUSSTOP,1,1,,50.0,2021-03-19 10:09:10.883,2021-03-29 00:00:00.000,,WGS84,60.320626,20.010816,20.010816,60.320626
9022302000342001,Ollas,,A,1,9025302000034201,9021302000342000,BUSSTOP,1,1,,50.0,2021-03-19 10:09:10.883,2021-03-29 00:00:00.000,,WGS84,60.274807,19.944722,19.944722,60.274807
9022302000352002,Pettböle,,B,2,9025302000035202,9021302000352000,BUSSTOP,1,1,,50.0,2021-03-19 10:09:10.883,2021-03-29 00:00:00.000,,WGS84,60.355933,19.981826,19.981826,60.355933
9022302000358001,Posten,,A,1,9025302000035801,9021302000358000,BUSSTOP,1,1,,50.0,2021-03-19 10:09:10.883,2021-03-29 00:00:00.000,,WGS84,60.120942,19.916297,19.916297,60.120942
9022302000358002,Posten,,B,2,9025302000035802,9021302000358000,BUSSTOP,1,1,,50.0,2021-03-19 10:09:10.883,2021-03-29 00:00:00.000,,WGS84,60.120942,19.916297,19.916297,60.120942
9022302000364001,Prästö,,A,1,9025302000036401,9021302000364000,BUSSTOP,1,1,,50.0,2021-03-19 10:09:10.883,2021-03-29 00:00:00.000,,WGS84,60.207006,20.257977,20.257977,60.207006
9022302000368002,Pålsböle daghem,,B,2,9025302000036802,9021302000368000,BUSSTOP,1,1,,50.0,2021-03-19 10:09:10.883,2021-03-29 00:00:00.000,,WGS84,60.270951,19.934,19.934,60.270951
9022302000372001,Pålsbölevägen,,A,1,9025302000037201,9021302000372000,BUSSTOP,1,1,,50.0,2021-03-19 10:09:10.883,2021-03-29 00:00:00.000,,WGS84,60.248617,19.965393,19.965393,60.248617
9022302000378001,Rönngården,,A,1,9025302000037801,9021302000378000,BUSSTOP,1,1,,50.0,2021-03-19 10:09:10.883,2021-03-29 00:00:00.000,,WGS84,60.159044,19.947271,19.947271,60.159044
9022302000378002,Rönngården,,B,2,9025302000037802,9021302000378000,BUSSTOP,1,1,,50.0,2021-03-19 10:09:10.883,2021-03-29 00:00:00.000,,WGS84,60.159044,19.947271,19.947271,60.159044
9022302000107002,Frebbenby,,B,2,9025302000010702,9021302000107000,BUSSTOP,1,1,,50.0,2021-03-19 10:09:10.883,2021-03-29 00:00:00.000,,WGS84,60.218616,19.710494,19.710494,60.218616
9022302000109002,Fremmanby,,B,2,9025302000010902,9021302000109000,BUSSTOP,1,1,,50.0,2021-03-19 10:09:10.883,2021-03-29 00:00:00.000,,WGS84,60.269792,20.061465,20.061465,60.269792
9022302000113001,Färjsundsbron,,A,1,9025302000011301,9021302000113000,BUSSTOP,1,1,,50.0,2021-03-19 10:09:10.883,2021-03-29 00:00:00.000,,WGS84,60.239873,20.020252,20.020252,60.239873
9022302000113002,Färjsundsbron,,B,2,9025302000011302,9021302000113000,BUSSTOP,1,1,,50.0,2021-03-19 10:09:10.883,2021-03-29 00:00:00.000,,WGS84,60.239873,20.020252,20.020252,60.239873
9022302000127002,Gottby,,B,2,9025302000012702,9021302000127000,BUSSTOP,1,1,,50.0,2021-03-19 10:09:10.883,2021-03-29 00:00:00.000,,WGS84,60.131867,19.842726,19.842726,60.131867
9022302000137001,Granö vändplan,,A,1,9025302000013701,9021302000137000,BUSSTOP,1,1,,50.0,2021-03-19 10:09:10.883,2021-03-29 00:00:00.000,,WGS84,60.016962,19.976438,19.976438,60.016962
9022302000141001,Gölby,,A,1,9025302000014101,9021302000141000,BUSSTOP,1,1,,50.0,2021-03-19 10:09:10.883,2021-03-29 00:00:00.000,,WGS84,60.194053,19.946212,19.946212,60.194053
9022302000141002,Gölby,,B,2,9025302000014102,9021302000141000,BUSSTOP,1,1,,50.0,2021-03-19 10:09:10.883,2021-03-29 00:00:00.000,,WGS84,60.194053,19.946212,19.946212,60.194053
9022302000145001,Haga Kungsgård,,A,1,9025302000014501,9021302000145000,BUSSTOP,1,1,,50.0,2021-03-19 10:09:10.883,2021-03-29 00:00:00.000,,WGS84,60.30601,20.0031,20.0031,60.30601
9022302000147001,Haga ringväg,,A,1,9025302000014701,9021302000147000,BUSSTOP,1,1,,50.0,2021-03-19 10:09:10.883,2021-03-29 00:00:00.000,,WGS84,60.294666,20.013497,20.013497,60.294666
9022302000148001,Hallonstigen,,A,1,9025302000014801,9021302000148000,BUSSTOP,1,1,,50.0,2021-03-19 10:09:10.883,2021-03-29 00:00:00.000,,WGS84,60.016606,20.136516,20.136516,60.016606
9022302000157001,Haraldsby,,A,1,9025302000015701,9021302000157000,BUSSTOP,1,1,,50.0,2021-03-19 10:09:10.883,2021-03-29 00:00:00.000,,WGS84,60.246991,20.031081,20.031081,60.246991
9022302000165001,Hellestorp,,A,1,9025302000016501,9021302000165000,BUSSTOP,1,1,,50.0,2021-03-19 10:09:10.883,2021-03-29 00:00:00.000,,WGS84,60.05307,20.092835,20.092835,60.05307
9022302000185001,Jomala församlingshem,,A,1,9025302000018501,9021302000185000,BUSSTOP,1,1,,50.0,2021-03-19 10:09:10.883,2021-03-29 00:00:00.000,,WGS84,60.152001,19.948736,19.948736,60.152001
9022302000189001,Jomala skola,,A,1,9025302000018901,9021302000189000,BUSSTOP,1,1,,50.0,2021-03-19 10:09:10.883,2021-03-29 00:00:00.000,,WGS84,60.149905,19.95064,19.95064,60.149905
9022302000189002,Jomala skola,,B,2,9025302000018902,9021302000189000,BUSSTOP,1,1,,50.0,2021-03-19 10:09:10.883,2021-03-29 00:00:00.000,,WGS84,60.149905,19.95064,19.95064,60.149905
9022302000205002,Kasvik,,B,2,9025302000020502,9021302000205000,BUSSTOP,1,1,,50.0,2021-03-19 10:09:10.883,2021-03-29 00:00:00.000,,WGS84,60.358175,19.926113,19.926113,60.358175
9022302000209001,Kattby södra,,A,1,9025302000020901,9021302000209000,BUSSTOP,1,1,,50.0,2021-03-19 10:09:10.883,2021-03-29 00:00:00.000,,WGS84,60.215933,19.740455,19.740455,60.215933
9022302000266001,Labbnäs,,A,1,9025302000026601,9021302000266000,BUSSTOP,1,1,,50.0,2021-03-19 10:09:10.883,2021-03-29 00:00:00.000,,WGS84,60.329829,19.859448,19.859448,60.329829
9022302000283001,Lumparby,,A,1,9025302000028301,9021302000283000,BUSSTOP,1,1,,50.0,2021-03-19 10:09:10.883,2021-03-29 00:00:00.000,,WGS84,60.120672,20.24823,20.24823,60.120672
9022302000300001,Marby byn,,A,1,9025302000030001,9021302000300000,BUSSTOP,1,1,,50.0,2021-03-19 10:09:10.883,2021-03-29 00:00:00.000,,WGS84,60.204232,19.666081,19.666081,60.204232
9022302000314001,Mellanvik,,A,1,9025302000031401,9021302000314000,BUSSTOP,1,1,,50.0,2021-03-19 10:09:10.883,2021-03-29 00:00:00.000,,WGS84,60.065975,20.068844,20.068844,60.065975
9022302000001001,4H-gården,,A,1,9025302000000101,9021302000001000,BUSSTOP,1,1,,50.0,2021-03-19 10:09:10.883,2021-03-29 00:00:00.000,,WGS84,60.180685,19.98212,19.98212,60.180685
9022302000021001,Bjärström,,A,1,9025302000002101,9021302000021000,BUSSTOP,1,1,,50.0,2021-03-19 10:09:10.883,2021-03-29 00:00:00.000,,WGS84,60.212613,19.858683,19.858683,60.212613
9022302000033001,Björsby,,A,1,9025302000003301,9021302000033000,BUSSTOP,1,1,,50.0,2021-03-19 10:09:10.883,2021-03-29 00:00:00.000,,WGS84,60.18527,19.963935,19.963935,60.18527
9022302000043001,Breidablick,,A,1,9025302000004301,9021302000043000,BUSSTOP,1,1,,50.0,2021-03-19 10:09:10.883,2021-03-29 00:00:00.000,,WGS84,60.251592,19.910896,19.910896,60.251592
9022302000062001,Daglösa,,A,1,9025302000006201,9021302000062000,BUSSTOP,1,1,,50.0,2021-03-19 10:09:10.883,2021-03-29 00:00:00.000,,WGS84,60.350684,19.993679,19.993679,60.350684
9022302000062002,Daglösa,,B,2,9025302000006202,9021302000062000,BUSSTOP,1,1,,50.0,2021-03-19 10:09:10.883,2021-03-29 00:00:00.000,,WGS84,60.350684,19.993679,19.993679,60.350684
9022302000069001,Djäkenböle,,A,1,9025302000006901,9021302000069000,BUSSTOP,1,1,,50.0,2021-03-19 10:09:10.883,2021-03-29 00:00:00.000,,WGS84,60.194682,19.791311,19.791311,60.194682
9022302000076001,Eckerö golf,,A,1,9025302000007601,9021302000076000,BUSSTOP,1,1,,50.0,2021-03-19 10:09:10.883,2021-03-29 00:00:00.000,,WGS84,60.217335,19.602075,19.602075,60.217335
9022302000095002,Finströms kyrka,,B,2,9025302000009502,9021302000095000,BUSSTOP,1,1,,50.0,2021-03-19 10:09:10.883,2021-03-29 00:00:00.000,,WGS84,60.262235,19.936239,19.936239,60.262235
9022302000107001,Frebbenby,,A,1,9025302000010701,9021302000107000,BUSSTOP,1,1,,50.0,2021-03-19 10:09:10.883,2021-03-29 00:00:00.000,,WGS84,60.218616,19.710494,19.710494,60.218616
9022302000178002,Hummelvik,,B,2,9025302000017802,9021302000178000,PIER,1,1,,50.0,2021-09-13 13:00:40.513,2021-09-14 00:00:00.000,,WGS84,60.224336,20.413502,20.413502,60.224336
9022302000289003,Långnäs färjfäste,,C,3,9025302000028903,9021302000289000,PIER,1,1,,50.0,2021-09-13 13:00:40.513,2021-09-14 00:00:00.000,,WGS84,60.11745,20.296355,20.296355,60.11745
9022302000463003,Svinö färjfäste,,C,3,9025302000046303,9021302000463000,PIER,1,1,,50.0,2021-09-13 13:00:40.513,2021-09-14 00:00:00.000,,WGS84,60.066535,20.267584,20.267584,60.066535
9022302000308003,"Mariehamn, Bussplan",,C,3,9025302000030803,9021302000308000,BUSSTOP,1,1,,50.0,2022-01-11 09:36:48.717,2022-01-01 00:00:00.000,,WGS84,60.102057,19.942343,19.942343,60.102057
9022302000308004,"Mariehamn, Bussplan",,D,4,9025302000030804,9021302000308000,BUSSTOP,1,1,,50.0,2022-01-11 09:36:48.717,2022-01-01 00:00:00.000,,WGS84,60.102057,19.942343,19.942343,60.102057
9022302000308005,"Mariehamn, Bussplan",,E,5,9025302000030805,9021302000308000,BUSSTOP,1,1,,50.0,2022-01-11 09:36:48.717,2022-01-01 00:00:00.000,,WGS84,60.102057,19.942343,19.942343,60.102057
9022302000615001,Österkullagatan,,A,1,9025302000061501,9021302000615000,BUSSTOP,1,1,,50.0,2022-01-11 09:36:48.717,2022-01-01 00:00:00.000,,WGS84,60.109172,19.981894,19.981894,60.109172
9022302000618001,Gröna Udden,,A,1,9025302000061801,9021302000618000,BUSSTOP,1,1,,50.0,2022-01-11 09:36:48.717,2022-01-01 00:00:00.000,,WGS84,60.091601,19.950105,19.950105,60.091601
9022302000619001,Juseliusvägen,,A,1,9025302000061901,9021302000619000,BUSSTOP,1,1,,50.0,2022-01-11 09:36:48.717,2022-01-01 00:00:00.000,,WGS84,60.089311,19.953264,19.953264,60.089311
9022302000621001,Övernäsgården,,A,1,9025302000062101,9021302000621000,BUSSTOP,1,1,,50.0,2022-01-11 09:36:48.717,2022-01-01 00:00:00.000,,WGS84,60.087602,19.95535,19.95535,60.087602
9022302000622001,Solberget,,A,1,9025302000062201,9021302000622000,BUSSTOP,1,1,,50.0,2022-01-11 09:36:48.717,2022-01-01 00:00:00.000,,WGS84,60.114962,19.978357,19.978357,60.114962
9022302000623001,Lindstigen,,A,1,9025302000062301,9021302000623000,BUSSTOP,1,1,,50.0,2022-01-11 09:36:48.717,2022-01-01 00:00:00.000,,WGS84,60.079729,19.95741,19.95741,60.079729
9022302000624001,Stenhuggarvägen,,A,1,9025302000062401,9021302000624000,BUSSTOP,1,1,,50.0,2022-01-11 09:36:48.717,2022-01-01 00:00:00.000,,WGS84,60.111391,19.930606,19.930606,60.111391
9022302000625001,Musikinstitutet,,A,1,9025302000062501,9021302000625000,BUSSTOP,1,1,,50.0,2022-01-11 09:36:48.717,2022-01-01 00:00:00.000,,WGS84,60.111079,19.940394,19.940394,60.111079
9022302000626001,Källstigen,,A,1,9025302000062601,9021302000626000,UNKNOWN,1,1,,50.0,2022-01-11 09:36:48.717,2022-01-01 00:00:00.000,,WGS84,60.081477,19.959691,19.959691,60.081477
9022302000628001,Sälgstigen,,A,1,9025302000062801,9021302000628000,BUSSTOP,1,1,,50.0,2022-01-11 09:36:48.717,2022-01-01 00:00:00.000,,WGS84,60.084597,19.959119,19.959119,60.084597
9022302000630001,Kalmarnäs vändplan,,A,1,9025302000063001,9021302000630000,BUSSTOP,1,1,,50.0,2022-01-11 09:36:48.717,2022-01-01 00:00:00.000,,WGS84,60.092878,19.985222,19.985222,60.092878
9022302000631001,Hotell & Restaurangskolan,,A,1,9025302000063101,9021302000631000,BUSSTOP,1,1,,50.0,2022-01-11 09:36:48.717,2022-01-01 00:00:00.000,,WGS84,60.107611,19.941576,19.941576,60.107611
9022302000633001,Bolstavägen,,A,1,9025302000063301,9021302000633000,BUSSTOP,1,1,,50.0,2022-01-11 09:36:48.717,2022-01-01 00:00:00.000,,WGS84,60.123838,19.944736,19.944736,60.123838
9022302000634001,Lillåkersvägen,,A,1,9025302000063401,9021302000634000,BUSSTOP,1,1,,50.0,2022-01-11 09:36:48.717,2022-01-01 00:00:00.000,,WGS84,60.123694,19.947856,19.947856,60.123694
9022302000638001,Uppgårdsvägen 10,,A,1,9025302000063801,9021302000638000,BUSSTOP,1,1,,50.0,2022-01-11 09:36:48.717,2022-01-01 00:00:00.000,,WGS84,60.119451,19.934244,19.934244,60.119451
9022302000639001,Hindersbölevägen,,A,1,9025302000063901,9021302000639000,BUSSTOP,1,1,,50.0,2022-01-11 09:36:48.717,2022-01-01 00:00:00.000,,WGS84,60.119573,19.952439,19.952439,60.119573
9022302000642001,Räddningsverket,,A,1,9025302000064201,9021302000642000,BUSSTOP,1,1,,50.0,2022-01-11 09:36:48.717,2022-01-01 00:00:00.000,,WGS84,60.106074,19.927555,19.927555,60.106074
9022302000645001,Havsörnsvägen,,A,1,9025302000064501,9021302000645000,BUSSTOP,1,1,,50.0,2022-01-11 09:36:48.717,2022-01-01 00:00:00.000,,WGS84,60.076724,19.952365,19.952365,60.076724
9022302000649001,Parkgatan,,A,1,9025302000064901,9021302000649000,BUSSTOP,1,1,,50.0,2022-01-11 09:36:48.717,2022-01-01 00:00:00.000,,WGS84,60.093126,19.947241,19.947241,60.093126
9022302000656001,Torget,,A,1,9025302000065601,9021302000656000,BUSSTOP,1,1,,50.0,2022-01-11 09:36:48.717,2022-01-01 00:00:00.000,,WGS84,60.097605,19.942512,19.942512,60.097605
9022302000657001,Kyrkan,,A,1,9025302000065701,9021302000657000,BUSSTOP,1,1,,50.0,2022-01-11 09:36:48.717,2022-01-01 00:00:00.000,,WGS84,60.097365,19.936185,19.936185,60.097365
9022302000658001,Östra Esplanadgatan,,A,1,9025302000065801,9021302000658000,BUSSTOP,1,1,,50.0,2022-01-11 09:36:48.717,2022-01-01 00:00:00.000,,WGS84,60.097727,19.935161,19.935161,60.097727
9022302000661001,Idrottsgården,,A,1,9025302000066101,9021302000661000,BUSSTOP,1,1,,50.0,2022-01-11 09:36:48.717,2022-01-01 00:00:00.000,,WGS84,60.100757,19.930118,19.930118,60.100757
9022302000663001,Yrkesgymnasiet,,A,1,9025302000066301,9021302000663000,BUSSTOP,1,1,,50.0,2022-01-11 09:36:48.717,2022-01-01 00:00:00.000,,WGS84,60.102134,19.928842,19.928842,60.102134
9022302000664001,Möckelö Strand,,A,1,9025302000066401,9021302000664000,BUSSTOP,1,1,,50.0,2022-01-11 09:36:48.717,2022-01-01 00:00:00.000,,WGS84,60.102273,19.89306,19.89306,60.102273
9022302000665001,Eckeröhallen,,A,1,9025302000066501,9021302000665000,BUSSTOP,1,1,,50.0,2022-01-11 09:36:48.717,2022-01-01 00:00:00.000,,WGS84,60.228806,19.548639,19.548639,60.228806
9022302000666001,Svinryggen,,A,1,9025302000066601,9021302000666000,BUSSTOP,1,1,,50.0,2022-01-11 09:36:48.717,2022-01-01 00:00:00.000,,WGS84,60.144256,19.812888,19.812888,60.144256
9022302000453002,Stålsby,,B,2,9025302000045302,9021302000453000,BUSSTOP,1,1,,50.0,2022-02-15 13:29:28.860,2022-02-16 00:00:00.000,,WGS84,60.345536,19.95828,19.95828,60.345536
9022302000518001,Ulfsby,,A,1,9025302000051801,9021302000518000,BUSSTOP,1,1,,50.0,2022-10-11 15:04:53.033,2022-10-12 00:00:00.000,,WGS84,60.155133,19.930821,19.930821,60.155133
9022302000522001,Utängsvägen,,A,1,9025302000052201,9021302000522000,BUSSTOP,1,1,,50.0,2022-10-11 15:04:53.033,2022-10-12 00:00:00.000,,WGS84,60.126981,19.887644,19.887644,60.126981
9022302000533002,Vargsunda,,B,2,9025302000053302,9021302000533000,BUSSTOP,1,1,,50.0,2022-10-11 15:04:53.033,2022-10-12 00:00:00.000,,WGS84,60.178605,19.856947,19.856947,60.178605
9022302000537002,Vestansunda,,B,2,9025302000053702,9021302000537000,BUSSTOP,1,1,,50.0,2022-10-11 15:04:53.033,2022-10-12 00:00:00.000,,WGS84,60.153674,19.843337,19.843337,60.153674
9022302000666002,Svinryggen,,B,2,9025302000066602,9021302000666000,BUSSTOP,1,1,,50.0,2022-10-11 15:04:53.033,2022-10-12 00:00:00.000,,WGS84,60.144256,19.812888,19.812888,60.144256
9022302000482001,Södersunda,,A,1,9025302000048201,9021302000482000,BUSSTOP,1,1,,50.0,2022-10-11 15:04:53.033,2022-10-12 00:00:00.000,,WGS84,60.15473,19.872447,19.872447,60.15473
9022302000483001,Södersunda skola,,A,1,9025302000048301,9021302000483000,BUSSTOP,1,1,,50.0,2022-10-11 15:04:53.033,2022-10-12 00:00:00.000,,WGS84,60.156352,19.877479,19.877479,60.156352
9022302000518002,Ulfsby,,B,2,9025302000051802,9021302000518000,BUSSTOP,1,1,,50.0,2022-10-11 15:04:53.033,2022-10-12 00:00:00.000,,WGS84,60.155133,19.930821,19.930821,60.155133
9022302000583001,Ödanböle,,A,1,9025302000058301,9021302000583000,BUSSTOP,1,1,,50.0,2022-10-11 15:04:53.033,2022-10-12 00:00:00.000,,WGS84,60.137343,19.840408,19.840408,60.137343
9022302000612001,Jomala Torp,,A,1,9025302000061201,9021302000612000,BUSSTOP,1,1,,50.0,2022-10-11 15:04:53.033,2022-10-12 00:00:00.000,,WGS84,60.133817,19.896319,19.896319,60.133817
9022302000667001,Jakt- och fiskemuséet vsk,,A,1,9025302000066701,9021302000667000,BUSSTOP,1,1,,,2022-12-30 10:43:40.470,2023-01-01 00:00:00.000,,WGS84,60.230609,19.545728,19.545728,60.230609
9022302000668001,Jomala skola södra,,A,1,9025302000066801,9021302000668000,BUSSTOP,1,1,270.0,50.0,2023-02-20 09:34:14.050,2023-02-21 00:00:00.000,,WGS84,60.147869,19.952267,19.952267,60.147869
9022302000669001,Buskböle,,A,1,9025302000066901,9021302000669000,BUSSTOP,1,1,135.0,50.0,2023-02-20 09:34:14.050,2023-02-21 00:00:00.000,,WGS84,60.191278,19.930917,19.930917,60.191278
9022302000670001,Österkalmare,,A,1,9025302000067001,9021302000670000,BUSSTOP,1,1,180.0,50.0,2023-02-20 09:34:14.050,2023-02-21 00:00:00.000,,WGS84,60.128361,19.988167,19.988167,60.128361
9022302000263001,Käringsund Resort & Conferans,,A,1,9025302000026301,9021302000263000,BUSSTOP,1,1,,50.0,2023-03-06 08:14:05.783,2023-03-07 00:00:00.000,,WGS84,60.237905,19.541838,19.541838,60.237905
9022302000671001,Dalkullavägen,,A,1,9025302000067101,9021302000671000,BUSSTOP,1,1,,50.0,2023-03-06 08:14:05.783,2023-03-07 00:00:00.000,,WGS84,60.129522,19.918852,19.918852,60.129522
9022302000673001,Åbrinken,,A,1,9025302000067301,9021302000673000,BUSSTOP,1,1,,50.0,2023-03-06 08:14:05.783,2023-03-07 00:00:00.000,,WGS84,60.119748,19.926053,19.926053,60.119748
9022302000674001,Åsvägen,,A,1,9025302000067401,9021302000674000,BUSSTOP,1,1,,50.0,2023-03-06 08:14:05.783,2023-03-07 00:00:00.000,,WGS84,60.115358,19.928598,19.928598,60.115358
9022302000675001,Kasbrinken,,A,1,9025302000067501,9021302000675000,BUSSTOP,1,1,,50.0,2023-03-06 08:14:05.783,2023-03-07 00:00:00.000,,WGS84,60.118044,19.927047,19.927047,60.118044
9022302000676001,Kasbergsvägen,,A,1,9025302000067601,9021302000676000,BUSSTOP,1,1,,50.0,2023-03-06 08:14:05.783,2023-03-07 00:00:00.000,,WGS84,60.124299,19.923523,19.923523,60.124299
9022302000677001,Norrgårdsvägen,,A,1,9025302000067701,9021302000677000,BUSSTOP,1,1,90.0,50.0,2023-03-06 08:14:05.783,2023-03-07 00:00:00.000,,WGS84,60.105353,19.899083,19.899083,60.105353
9022302000677002,Norrgårdsvägen,,B,2,9025302000067702,9021302000677000,BUSSTOP,1,1,270.0,50.0,2023-03-06 08:14:05.783,2023-03-07 00:00:00.000,,WGS84,60.105353,19.899083,19.899083,60.105353
9022302000672001,Länsmansgränd,,A,1,9025302000067201,9021302000672000,BUSSTOP,1,1,,50.0,2024-01-17 17:03:18.827,2024-01-18 00:00:00.000,,WGS84,60.121747,19.924902,19.924902,60.121747
9022302000678001,Långnäs hamn,,A,1,9025302000067801,9021302000678000,BUSSTOP,1,1,,50.0,2024-02-05 10:03:53.610,2024-02-06 00:00:00.000,,WGS84,60.116378,20.297342,20.297342,60.116378
9022302000078001,Eckerö Hotell,,A,1,9025302000007801,9021302000078000,BUSSTOP,1,1,,50.0,2024-05-07 14:14:28.130,2024-05-08 00:00:00.000,,WGS84,60.226346,19.552916,19.552916,60.226346
9022302000531001,Vargata vsk.,,A,1,9025302000053101,9021302000531000,BUSSTOP,1,1,,50.0,2024-05-07 14:14:28.130,2024-05-08 00:00:00.000,,WGS84,60.244611,20.353713,20.353713,60.244611
9022302000071001,Doppingvägen,,A,1,9025302000007101,9021302000071000,BUSSTOP,1,1,,50.0,2025-08-14 17:34:01.233,2025-08-15 00:00:00.000,,WGS84,60.080017,19.942229,19.942229,60.080017
9022302000071002,Doppingvägen,,B,2,9025302000007102,9021302000071000,BUSSTOP,1,1,,50.0,2025-08-14 17:34:01.233,2025-08-15 00:00:00.000,,WGS84,60.080017,19.942229,19.942229,60.080017
9022302000097001,Skrakvägen,,A,1,9025302000009701,9021302000097000,BUSSTOP,1,1,,50.0,2025-08-14 17:34:01.233,2025-08-15 00:00:00.000,,WGS84,60.077626,19.943279,19.943279,60.077626
9022302000097002,Skrakvägen,,B,2,9025302000009702,9021302000097000,BUSSTOP,1,1,,50.0,2025-08-14 17:34:01.233,2025-08-15 00:00:00.000,,WGS84,60.077626,19.943279,19.943279,60.077626
9022302000135001,Granö,,A,1,9025302000013501,9021302000135000,BUSSTOP,1,1,,50.0,2025-08-14 17:34:01.233,2025-08-15 00:00:00.000,,WGS84,60.025525,19.989926,19.989926,60.025525
9022302000193001,Järsö,,A,1,9025302000019301,9021302000193000,BUSSTOP,1,1,,50.0,2025-08-14 17:34:01.233,2025-08-15 00:00:00.000,,WGS84,60.020966,19.998032,19.998032,60.020966
9022302000195001,Kalmsta,,A,1,9025302000019501,9021302000195000,BUSSTOP,1,1,,50.0,2025-08-14 17:34:01.233,2025-08-15 00:00:00.000,,WGS84,60.116093,19.963776,19.963776,60.116093
9022302000195002,Kalmsta,,B,2,9025302000019502,9021302000195000,BUSSTOP,1,1,,50.0,2025-08-14 17:34:01.233,2025-08-15 00:00:00.000,,WGS84,60.116093,19.963776,19.963776,60.116093
9022302000354001,Matrosgatan,,A,1,9025302000035401,9021302000354000,BUSSTOP,1,1,,50.0,2025-08-14 17:34:01.233,2025-08-15 00:00:00.000,,WGS84,60.091013,19.940414,19.940414,60.091013
9022302000354002,Matrosgatan,,B,2,9025302000035402,9021302000354000,BUSSTOP,1,1,,50.0,2025-08-14 17:34:01.233,2025-08-15 00:00:00.000,,WGS84,60.091013,19.940414,19.940414,60.091013
9022302000406002,Mästargränd,,B,2,9025302000040602,9021302000406000,BUSSTOP,1,1,,50.0,2025-08-14 17:34:01.233,2025-08-15 00:00:00.000,,WGS84,60.09303,19.939914,19.939914,60.09303
9022302000421001,Solberget södra,,A,1,9025302000042101,9021302000421000,BUSSTOP,1,1,,50.0,2025-08-14 17:34:01.233,2025-08-15 00:00:00.000,,WGS84,60.112396,19.979463,19.979463,60.112396
9022302000421002,Solberget södra,,B,2,9025302000042102,9021302000421000,BUSSTOP,1,1,,50.0,2025-08-14 17:34:01.233,2025-08-15 00:00:00.000,,WGS84,60.112396,19.979463,19.979463,60.112396
9022302000423001,Lervik,,A,1,9025302000042301,9021302000423000,BUSSTOP,1,1,,50.0,2025-08-14 17:34:01.233,2025-08-15 00:00:00.000,,WGS84,60.074118,19.948346,19.948346,60.074118
9022302000423002,Lervik,,B,2,9025302000042302,9021302000423000,BUSSTOP,1,1,,50.0,2025-08-14 17:34:01.233,2025-08-15 00:00:00.000,,WGS84,60.074118,19.948346,19.948346,60.074118
9022302000429001,Torget,,A,1,9025302000042901,9021302000429000,BUSSTOP,1,1,,50.0,2025-08-14 17:34:01.233,2025-08-15 00:00:00.000,,WGS84,60.097369,19.942816,19.942816,60.097369
9022302000429002,Torget,,B,2,9025302000042902,9021302000429000,BUSSTOP,1,1,,50.0,2025-08-14 17:34:01.233,2025-08-15 00:00:00.000,,WGS84,60.097369,19.942816,19.942816,60.097369
9022302000429003,Torget,,C,3,9025302000042903,9021302000429000,BUSSTOP,1,1,,50.0,2025-08-14 17:34:01.233,2025-08-15 00:00:00.000,,WGS84,60.097369,19.942816,19.942816,60.097369
9022302000429004,Torget,,D,4,9025302000042904,9021302000429000,BUSSTOP,1,1,270.0,50.0,2025-08-14 17:34:01.233,2025-08-15 00:00:00.000,,WGS84,60.097369,19.942816,19.942816,60.097369
9022302000616001,Doktorsvägen 1A,,A,1,9025302000061601,9021302000616000,BUSSTOP,1,1,,50.0,2025-08-14 17:34:01.233,2025-08-15 00:00:00.000,,WGS84,60.115607,19.934981,19.934981,60.115607
9022302000617001,Lemlandsvägen,,A,1,9025302000061701,9021302000617000,BUSSTOP,1,1,,50.0,2025-08-14 17:34:01.233,2025-08-15 00:00:00.000,,WGS84,60.116605,19.957402,19.957402,60.116605
9022302000620001,Vedhuggsvägen,,A,1,9025302000062001,9021302000620000,BUSSTOP,1,1,,50.0,2025-08-14 17:34:01.233,2025-08-15 00:00:00.000,,WGS84,60.113993,19.938835,19.938835,60.113993
9022302000627001,Cedersvägen,,A,1,9025302000062701,9021302000627000,BUSSTOP,1,1,,50.0,2025-08-14 17:34:01.233,2025-08-15 00:00:00.000,,WGS84,60.109494,19.933908,19.933908,60.109494
9022302000629001,Klintvägen,,A,1,9025302000062901,9021302000629000,BUSSTOP,1,1,,50.0,2025-08-14 17:34:01.233,2025-08-15 00:00:00.000,,WGS84,60.107562,19.933162,19.933162,60.107562
9022302000632001,Vikingagränd,,A,1,9025302000063201,9021302000632000,BUSSTOP,1,1,,50.0,2025-08-14 17:34:01.233,2025-08-15 00:00:00.000,,WGS84,60.122784,19.93595,19.93595,60.122784
9022302000635001,Högbackagatan,,A,1,9025302000063501,9021302000635000,BUSSTOP,1,1,,50.0,2025-08-14 17:34:01.233,2025-08-15 00:00:00.000,,WGS84,60.121913,19.949371,19.949371,60.121913
9022302000636001,Backebergs sportfält,,A,1,9025302000063601,9021302000636000,BUSSTOP,1,1,,50.0,2025-08-14 17:34:01.233,2025-08-15 00:00:00.000,,WGS84,60.119944,19.949834,19.949834,60.119944
9022302000637001,Elverksgatan,,A,1,9025302000063701,9021302000637000,BUSSTOP,1,1,,50.0,2025-08-14 17:34:01.233,2025-08-15 00:00:00.000,,WGS84,60.106584,19.93081,19.93081,60.106584
9022302000640001,Doktorsvägen 1B/1C,,A,1,9025302000064001,9021302000640000,BUSSTOP,1,1,,50.0,2025-08-14 17:34:01.233,2025-08-15 00:00:00.000,,WGS84,60.116367,19.934761,19.934761,60.116367
9022302000641001,Hjortronstigen,,A,1,9025302000064101,9021302000641000,BUSSTOP,1,1,,50.0,2025-08-14 17:34:01.233,2025-08-15 00:00:00.000,,WGS84,60.121154,19.933564,19.933564,60.121154
9022302000643001,Örtvägen,,A,1,9025302000064301,9021302000643000,BUSSTOP,1,1,,50.0,2025-08-14 17:34:01.233,2025-08-15 00:00:00.000,,WGS84,60.119582,19.95778,19.95778,60.119582
9022302000644001,Strandgränd,,A,1,9025302000064401,9021302000644000,BUSSTOP,1,1,,50.0,2025-08-14 17:34:01.233,2025-08-15 00:00:00.000,,WGS84,60.104447,19.942099,19.942099,60.104447
9022302000646001,Ytternäs skola,,A,1,9025302000064601,9021302000646000,BUSSTOP,1,1,,50.0,2025-08-14 17:34:01.233,2025-08-15 00:00:00.000,,WGS84,60.082786,19.940225,19.940225,60.082786
9022302000647001,Lotsgatan,,A,1,9025302000064701,9021302000647000,BUSSTOP,1,1,,50.0,2025-08-14 17:34:01.233,2025-08-15 00:00:00.000,,WGS84,60.084609,19.935341,19.935341,60.084609
9022302000648001,Baltichallen,,A,1,9025302000064801,9021302000648000,BUSSTOP,1,1,,50.0,2025-08-14 17:34:01.233,2025-08-15 00:00:00.000,,WGS84,60.086595,19.941523,19.941523,60.086595
9022302000650001,Neptunigatan,,A,1,9025302000065001,9021302000650000,BUSSTOP,1,1,,50.0,2025-08-14 17:34:01.233,2025-08-15 00:00:00.000,,WGS84,60.092754,19.93168,19.93168,60.092754
9022302000651001,Skillnadsgatan,,A,1,9025302000065101,9021302000651000,UNKNOWN,1,1,,50.0,2025-08-14 17:34:01.233,2025-08-15 00:00:00.000,,WGS84,60.093126,19.937559,19.937559,60.093126
9022302000652001,Torggatan,,A,1,9025302000065201,9021302000652000,BUSSTOP,1,1,,50.0,2025-08-14 17:34:01.233,2025-08-15 00:00:00.000,,WGS84,60.093602,19.943902,19.943902,60.093602
9022302000653001,Stadshuset,,A,1,9025302000065301,9021302000653000,BUSSTOP,1,1,,50.0,2025-08-14 17:34:01.233,2025-08-15 00:00:00.000,,WGS84,60.095067,19.943129,19.943129,60.095067
9022302000654001,Hamngatan,,A,1,9025302000065401,9021302000654000,BUSSTOP,1,1,,50.0,2025-08-14 17:34:01.233,2025-08-15 00:00:00.000,,WGS84,60.094748,19.92766,19.92766,60.094748
9022302000659001,Norragatan,,A,1,9025302000065901,9021302000659000,BUSSTOP,1,1,,50.0,2025-08-14 17:34:01.233,2025-08-15 00:00:00.000,,WGS84,60.098398,19.933721,19.933721,60.098398
9022302000660001,Ålands lyceum,,A,1,9025302000066001,9021302000660000,BUSSTOP,1,1,,50.0,2025-08-14 17:34:01.233,2025-08-15 00:00:00.000,,WGS84,60.099817,19.936725,19.936725,60.099817
